atoll,species,mean,lower,upper
Abemama,Anous_stolidus,2862.6382809388806,52.90391964862067,10981.661115222518
Addu,Anous_stolidus,3548.065308904777,57.2204176469128,13676.30648398872
Ahe,Anous_stolidus,1704.4330468655369,32.87009871388954,6792.8666994673795
Ailuk,Anous_stolidus,5284.492685559823,97.83636246642124,19431.42390921984
Anaa,Anous_stolidus,3612.189256775736,66.49294537670968,13656.850558839058
Ant,Anous_stolidus,143.12426861165576,1.532027180943013,514.8156535470756
Anuanuraro,Anous_stolidus,1964.2790189872733,39.13600859627311,7459.381170801741
Anuanurunga,Anous_stolidus,1745.1573603732236,35.58528809729737,6591.027932145746
Apataki,Anous_stolidus,2442.8372246915087,43.769325055026165,9488.707964090494
Aratika,Anous_stolidus,1952.1347372267187,37.45437766268182,7639.474129600388
Arno,Anous_stolidus,1973.9714081705629,31.852222867409154,8031.817709361339
Arutua,Anous_stolidus,2402.605992710317,39.91234085598776,8865.098618920409
Aur,Anous_stolidus,2467.8203177848927,46.414166256920275,9636.960988229164
Butaritari,Anous_stolidus,3474.5539596519357,57.525761533215714,12307.158204142142
Etal,Anous_stolidus,291.73483352419294,4.375587623842271,1102.535994035826
Fakahina,Anous_stolidus,3603.906002520115,71.89161722679349,13698.251747602055
Fakaofo,Anous_stolidus,1585.845599340704,30.029639279077358,6088.14553764907
Hao,Anous_stolidus,4477.854166209793,63.24678152860493,15993.191043139483
Hereheretui,Anous_stolidus,4076.587881412197,96.12390913852889,15404.103197962548
Kapingamarangi,Anous_stolidus,1554.470806393448,26.948845561612142,5912.263250397353
Kauehi,Anous_stolidus,2061.547060148161,37.98329939801817,7620.118143045383
Kaukura,Anous_stolidus,2160.2338683641474,41.72185986137079,8806.853589038541
Lae,Anous_stolidus,1873.4389329551075,38.34656259986364,7116.442212233971
Likiep,Anous_stolidus,4744.855683963685,79.99273325339114,18535.088953581504
Losap,Anous_stolidus,534.015655812434,7.77750823503301,2170.226282077879
Lukunor,Anous_stolidus,408.07688738485535,5.5349171304260425,1648.1287981872827
Maiana,Anous_stolidus,3100.63088592977,44.47156442568239,11522.926017774138
Majuro,Anous_stolidus,1815.9483757189146,28.427353962729505,7426.137558731599
Manihi,Anous_stolidus,2431.02164717986,45.065049189408896,9226.863415139718
Manihiki,Anous_stolidus,2119.6772364181256,40.68747847774692,8176.8293536807705
Marakei,Anous_stolidus,2584.059161464149,42.499688622880996,10575.467246156859
Maria_Est,Anous_stolidus,1347.417907226992,24.927523807549687,5236.096756393881
Marutea_Sud,Anous_stolidus,3508.9823400938258,64.33911867108971,13931.372373513663
Mataiva,Anous_stolidus,2000.9990720930261,38.03527137342789,7455.279140516305
Matureivavao,Anous_stolidus,1174.1295958035907,21.54759799964275,4464.400537173234
Mili,Anous_stolidus,2386.1710803494866,37.946554824416246,9424.179894683759
Mokil,Anous_stolidus,788.3581191171189,14.337004120461607,3099.802034086961
Moruroa,Anous_stolidus,3352.206992501061,61.968925050045456,13408.553431050923
Motu_One,Anous_stolidus,1761.8662328476953,32.52689768469376,7145.830562889353
Namoluk,Anous_stolidus,628.2269037195126,11.493194517104694,2419.3081133301716
Namu,Anous_stolidus,3547.2048745055395,60.24211558536717,13776.224906703726
Napuka,Anous_stolidus,3306.1369927079186,64.12663604010864,12788.532490663112
Nengonengo,Anous_stolidus,3069.8418831977738,65.0149117672493,11785.01401254345
Ngcheangel,Anous_stolidus,273.0536930304173,3.2988135012598523,1137.470399544697
Niau,Anous_stolidus,1559.477748301554,32.90055516205376,5885.351745673268
Ninigo,Anous_stolidus,1143.956007792513,16.88775234535614,4483.2310144525645
Niutao,Anous_stolidus,2297.7458702063077,43.57560609722108,8903.055390905027
Nonouti,Anous_stolidus,4290.1341336995765,68.21514763091044,16144.380599858558
Nuguria,Anous_stolidus,1225.428379231906,16.019129512056356,4697.239104166741
Nukapu,Anous_stolidus,246.8144141870679,3.7809246222906068,957.3168896683892
Nukulaelae,Anous_stolidus,2989.0565605303323,52.78040295303288,10539.049806825462
Nukumanu,Anous_stolidus,1507.9449351555165,26.21152625002955,6009.188830622925
Nukuoro,Anous_stolidus,1125.276246471793,17.572843274837673,4414.185371093068
Nukutepipi,Anous_stolidus,1713.5044956030385,34.22977481649619,6538.739195299715
Onotoa,Anous_stolidus,4076.8149170806855,69.5272891751304,16157.916152441374
Ontong_Java,Anous_stolidus,1963.0742838980414,25.03942355738355,6912.575406384378
Oroluk,Anous_stolidus,1177.2243066445117,20.083554297803317,4449.745835514809
Pakin,Anous_stolidus,215.76974267579143,2.296080871021013,790.2184994530822
Palmerston,Anous_stolidus,5543.677216400733,105.46314088772516,21295.731968810367
Paraoa,Anous_stolidus,2298.491197189552,45.08614440632742,8616.458583863296
Pinaki,Anous_stolidus,2178.804877344655,44.11549978971557,8536.062113702472
Pingelap,Anous_stolidus,782.8851782651561,12.77083442092436,3070.498647627356
Pukapuka,Anous_stolidus,1790.3937136324294,35.30523808909309,6866.203654085795
Pukarua,Anous_stolidus,2775.289016098259,51.03354195430596,10378.170817067547
Qelelevu,Anous_stolidus,1215.0548802517974,16.49731599058679,4216.998483527301
Rakahanga,Anous_stolidus,1601.1288868361644,32.03543679875769,5989.275675889697
Rangiroa,Anous_stolidus,1758.014890545872,27.114228659155472,7217.617288557983
Raroia,Anous_stolidus,2916.398893153217,49.12142475541604,11596.750293857998
Reao,Anous_stolidus,3284.143297593881,54.93997596771246,12384.17760489278
Rongelap,Anous_stolidus,3139.1354677396644,59.43603165854326,11918.023591972957
Sapwuahfik,Anous_stolidus,663.9044152241912,9.956822149436281,2474.943672711461
Satawan,Anous_stolidus,512.5889965013481,7.370184379272305,1939.8508775119499
St_Joseph,Anous_stolidus,1883.6621999864908,38.769987357078456,7375.975408586432
Tabiteuea,Anous_stolidus,5903.268641287806,85.06376439341628,22545.13169370574
Taiaro,Anous_stolidus,1647.6559005906274,31.769008628425567,6102.289532631694
Takapoto,Anous_stolidus,1573.6007834511586,29.588243924486008,6124.565075608477
Takaroa,Anous_stolidus,2302.3436931749634,43.85021972059833,8886.3751949436
Tarawa,Anous_stolidus,2128.457782280444,23.32178907875651,7942.904453285886
Tatakoto,Anous_stolidus,5812.351543607974,106.83831714579142,23221.87724049941
Temitangi,Anous_stolidus,6714.86566534352,130.43037343663252,25133.196909520273
Teraina,Anous_stolidus,6427.780897954515,115.36768913741959,24005.8898416866
Tikehau,Anous_stolidus,1425.1274558085672,25.676085056809725,5591.458183986785
Tongareva,Anous_stolidus,6487.644729192126,107.41289906368189,20786.381023925638
Tupai,Anous_stolidus,710.9972612134073,10.29196194320878,2723.7037515409042
Tureia,Anous_stolidus,3261.0047632466312,61.66954926077354,11663.113049802274
Ujae,Anous_stolidus,2433.0094339361212,50.62657920709429,9298.015063137616
Ujelang,Anous_stolidus,2979.615004298302,56.430779498438,10727.849704513716
Ulithi,Anous_stolidus,1842.3229395624483,25.39399773282584,7252.261560916557
Vairaatea,Anous_stolidus,3846.638555004576,72.16756844809274,14928.776257067115
Vaitupu,Anous_stolidus,1496.473830776126,26.674572814636118,5831.062452652989
Vanavana,Anous_stolidus,2116.820597451627,43.98479308775218,7696.96399301272
Wailagilala,Anous_stolidus,1520.4149831450925,25.58865507154875,5581.041996711527
Wotho,Anous_stolidus,3099.6796876182802,57.88029405967615,11924.507313879574
Wotje,Anous_stolidus,3418.38959606795,51.2399761542614,12683.582056198462
Abemama,Anous_minutus,10834.554399748338,152.2036226627583,38674.134590791924
Ahe,Anous_minutus,2131.6265077733015,39.22304079962332,8036.766654002871
Ailuk,Anous_minutus,6043.949706083991,113.5127682521951,23027.171919372577
Anuanuraro,Anous_minutus,1085.953601066262,22.156209971534736,4123.748967707566
Anuanurunga,Anous_minutus,903.9128241878745,17.551654938613527,3453.5624490126233
Apataki,Anous_minutus,3907.103731921631,67.841682022188,14189.742068935248
Aranuka,Anous_minutus,8715.612540528895,135.16919657519628,34430.27374866813
Aratika,Anous_minutus,2374.767831081023,46.45268937147682,9493.339703101465
Arno,Anous_minutus,6605.836784717668,103.10411341574974,25524.81498029066
Arutua,Anous_minutus,3835.831787914989,70.37821850009028,14065.218534491749
Aur,Anous_minutus,6389.069495007254,117.20250881429912,25691.907798649463
Beautemps-Beaupre,Anous_minutus,12776.535694928865,154.4124029503709,46412.72091583816
Egum,Anous_minutus,9842.805164036057,141.34095585274994,38574.566500898836
Etal,Anous_minutus,1635.183362949418,28.48255201523344,6485.703038525921
Fakahina,Anous_minutus,1249.0146318240509,24.20926618871745,4897.688157636069
Fakaofo,Anous_minutus,1858.512619967521,35.551826330696066,7511.799741563465
Fangatau,Anous_minutus,1445.5352681316149,27.277949752674637,5160.169606803818
Hao,Anous_minutus,1859.968192482876,26.553904401836405,6439.4947560084665
Hereheretui,Anous_minutus,2427.4386757174566,48.92549137255811,8557.51889829087
Kapingamarangi,Anous_minutus,4927.55821203245,86.75319136343506,18537.769314899695
Kauehi,Anous_minutus,2622.324796949607,41.19989505213413,8607.676336216971
Kaukura,Anous_minutus,3274.1212755128295,62.35870426407116,12163.461075611935
Lae,Anous_minutus,4464.99848453875,91.90710087999922,18256.677688298663
Losap,Anous_minutus,3159.64650842551,52.62847060108557,11727.732684105078
Lukunor,Anous_minutus,2117.3024891614564,32.497827748164724,8432.041501308579
Maiana,Anous_minutus,13553.499791854227,178.00397763751033,53017.00472853683
Majuro,Anous_minutus,6464.4609066122,95.80506819972638,23730.016093622973
Manihi,Anous_minutus,2711.286210130454,53.85517046503257,11008.366885389325
Manihiki,Anous_minutus,1374.725050946539,30.58127880603026,5826.382896009349
Marakei,Anous_minutus,9867.225141593522,142.01655096363243,38009.866602998925
Maria_Est,Anous_minutus,751.2293490277208,13.577068386637809,2913.6053426508615
Marutea_Sud,Anous_minutus,1950.8484599721444,32.94993325908631,6820.627145668263
Mataiva,Anous_minutus,3020.251861964032,58.368821914217726,11312.141783642985
Matureivavao,Anous_minutus,797.0654439043828,15.415042762511604,3174.0537263072906
Mili,Anous_minutus,7179.13795951606,111.2009646096992,27650.646203642482
Mokil,Anous_minutus,3130.3775001761564,56.73763364270763,11728.279339706212
Moruroa,Anous_minutus,1596.269172311171,28.989050226445006,6066.969176762322
Namoluk,Anous_minutus,3254.382638066219,55.37577690438461,11678.433557005848
Namu,Anous_minutus,8894.992726502962,170.6446128645985,33341.330542426054
Nengonengo,Anous_minutus,1645.2372632886468,30.450033554968968,6342.157085854829
Niau,Anous_minutus,2242.0489392196414,49.43897656065697,8971.136196416863
Ninigo,Anous_minutus,12035.08415804013,146.21017674029423,45102.86343289008
Niutao,Anous_minutus,2660.035642022598,48.39076428682317,11221.250540856674
Nonouti,Anous_minutus,10162.472305152307,172.9913075136131,37067.3381165375
Nuguria,Anous_minutus,10920.657546131399,127.91317258899352,41415.95045357494
Nukapu,Anous_minutus,3048.3880679034155,41.74310944526095,12492.027189293483
Nukulaelae,Anous_minutus,3819.2448521217593,63.47309159067944,13172.161730192853
Nukumanu,Anous_minutus,12845.45733922366,160.0927453275884,42977.20325288523
Nukuoro,Anous_minutus,3872.6028319076554,57.92534018399234,14982.465204156408
Nukutepipi,Anous_minutus,924.1126572535754,19.280630543813263,3445.1909813527373
Onotoa,Anous_minutus,7631.205094999268,130.1804799366974,30715.087744915614
Ontong_Java,Anous_minutus,18246.670386148595,218.8306562078138,65745.02297984532
Oroluk,Anous_minutus,4700.87868874707,79.79946582388683,18808.82283504578
Pakin,Anous_minutus,2723.1359569799147,35.26848304857439,10849.552173157377
Paraoa,Anous_minutus,1068.3978714849382,20.235180575322104,3675.3952593172457
Pinaki,Anous_minutus,1015.830751013414,19.44393812669602,3934.565495328488
Pingelap,Anous_minutus,3294.860531704043,48.111148557100634,12790.675426596794
Pukapuka,Anous_minutus,1384.7400825499735,25.73191368470636,5409.759455945711
Pukarua,Anous_minutus,1057.4195028833503,17.690399932481146,4244.2342554356865
Rakahanga,Anous_minutus,1172.6700644573548,23.765234517448917,4481.297430779313
Rangiroa,Anous_minutus,3224.012504883966,45.891573979650694,12186.490636997516
Raroia,Anous_minutus,1848.396577548994,33.87655676817771,7597.552537878709
Reao,Anous_minutus,1224.2341703767092,20.06372206864759,4639.713703123649
Reitoru,Anous_minutus,1531.127276185824,33.638827295593146,5898.6488692177645
Rongelap,Anous_minutus,6365.036373371838,113.65742361702132,24614.600667991806
Rongerik,Anous_minutus,4643.541462050411,88.05987482928978,17506.71171067988
Sapwuahfik,Anous_minutus,3190.174471734483,52.27775334469694,12452.436302933429
Satawan,Anous_minutus,2815.5603839951877,39.65152003146626,9774.305020821437
Tabiteuea,Anous_minutus,11121.263621777876,166.72612951721155,44612.69135655672
Taiaro,Anous_minutus,1573.475828289108,32.57579026343256,6480.104213275694
Takapoto,Anous_minutus,1902.9377705131074,40.952202444521745,7362.011161271206
Takume,Anous_minutus,1217.6460870432304,22.854400998916358,4612.881074188892
Tarawa,Anous_minutus,15444.583247417555,157.5325145999346,54542.808752847886
Tatakoto,Anous_minutus,1664.0216034910932,29.286804575809963,6233.916268319267
Teraina,Anous_minutus,4214.900466265766,72.67549357508106,16988.68156262284
Tetiaroa,Anous_minutus,1794.695806052953,28.762251052418446,6394.456366656453
Tikehau,Anous_minutus,2769.67571045448,48.90103774650774,11325.746095263796
Tongareva,Anous_minutus,4149.042881071745,72.5332373857741,15736.772868328997
Ujae,Anous_minutus,5971.657906855209,113.73586726981259,23290.996337037108
Ujelang,Anous_minutus,5238.6669087038945,97.89901702666657,20532.587297677546
Ulithi,Anous_minutus,12426.00319841557,147.71920454698702,48209.39752610859
Vairaatea,Anous_minutus,1540.3366225900857,32.00003603630033,6202.255977588682
Vaitupu,Anous_minutus,1937.561389813816,34.84444349823767,7704.853274993366
Wailagilala,Anous_minutus,8777.443439459139,108.2968505085607,31949.171392304954
Wotho,Anous_minutus,5882.328270861136,109.18630785462237,22496.621642865146
Wotje,Anous_minutus,5384.480335590542,91.11851244780034,19981.591430968147
Cocos,Anous_tenuirostris,14765.346836862273,84.39340166513985,49478.91766546383
Apataki,Anous_ceruleus,191.16186156980433,2.04999181032916,741.1203214797546
Aratika,Anous_ceruleus,169.23012402866374,2.0158624979363187,634.2500176779884
Hao,Anous_ceruleus,191.21125926701617,1.705570277218968,732.6467585694876
Maria_Est,Anous_ceruleus,142.1933821776163,1.419592721277639,547.5069379964763
Rangiroa,Anous_ceruleus,204.01885072137847,1.496906758424928,798.9167290395623
Raroia,Anous_ceruleus,160.8236227821528,1.696155126229154,607.9098777082736
Scilly,Anous_ceruleus,118.60658147517152,1.4795462494919187,456.45450900819185
Tabuaeran,Anous_ceruleus,270.54224574710855,3.197201090653463,996.6157073056203
Teraina,Anous_ceruleus,171.23165498373893,2.151566088739625,687.9450689762856
Tikehau,Anous_ceruleus,177.67316628752144,1.756721244418621,703.1288516479179
Tongareva,Anous_ceruleus,154.1715778850208,1.9904512427390773,586.4779615551237
Abemama,Gygis_alba,1640.081380726269,27.333504387162893,6198.105918738858
Addu,Gygis_alba,1382.7164495044774,22.389030471214735,5166.412483583005
Ailuk,Gygis_alba,2380.102911723951,41.678396065039195,9068.701292746555
Anaa,Gygis_alba,2399.4944232340167,46.350569454805516,9226.704134546946
Ant,Gygis_alba,363.87787038339405,4.328193453738075,1382.1971618392026
Anuanuraro,Gygis_alba,1253.9341412680456,27.494773513289836,4931.7290085624145
Anuanurunga,Gygis_alba,1212.475736092696,23.311186750751165,4494.16836526074
Apataki,Gygis_alba,1884.0578096920067,33.05793111833747,7441.294271676581
Aranuka,Gygis_alba,1529.3023506003549,23.292220806031132,5894.750206477061
Aratika,Gygis_alba,1534.6645059372324,31.390227966966403,6158.862924322428
Arno,Gygis_alba,1388.3381385408275,22.287533162837892,5170.686776743535
Aur,Gygis_alba,1453.3106953386268,29.348015510562952,5882.736423713961
Beautemps-Beaupre,Gygis_alba,621.5973891626317,6.56355920495811,2321.7789964459903
Fakahina,Gygis_alba,2323.390643333819,46.43621407811483,8916.471551262337
Fakaofo,Gygis_alba,1143.1066129879996,20.990946397791486,4644.896457861061
Hao,Gygis_alba,3906.4377582397406,71.15201240231333,15370.59931719803
Hereheretui,Gygis_alba,1747.9416976159025,40.0674977978178,7096.430084304076
Kapingamarangi,Gygis_alba,1161.8470630891225,20.438274720089925,4133.995250301058
Kauehi,Gygis_alba,1709.9527630847185,34.56692450138074,6565.853745350966
Kaukura,Gygis_alba,1587.7859900141261,31.272171798785227,5933.3501176453165
Lae,Gygis_alba,1200.4923691686877,21.203089794856467,4495.213131905832
Likiep,Gygis_alba,2222.8662266168913,42.62086333097595,8269.47493420599
Lukunor,Gygis_alba,582.4625321605124,8.283584046652873,2192.6029305104294
Maiana,Gygis_alba,1587.9727072540738,24.37405057303913,6017.61282407861
Majuro,Gygis_alba,1237.4910563884694,18.05111203726612,4682.487081152051
Manihi,Gygis_alba,1697.6705718611358,33.01435149422165,6812.448388364738
Manihiki,Gygis_alba,1508.6592179054546,28.59692460745199,5751.215802735841
Marakei,Gygis_alba,1260.7671987489073,18.80120102022215,4629.866679484835
Maria_Est,Gygis_alba,1765.4714245331327,34.695033668525305,6576.991284564463
Marutea_Sud,Gygis_alba,3226.428424895668,50.42689601610393,10567.639071140873
Mataiva,Gygis_alba,1264.3478547089794,26.47970571550555,4910.880573691353
Matureivavao,Gygis_alba,1443.2427490723628,26.606461308341153,5557.726751073699
Mili,Gygis_alba,1439.0126837161206,25.5226090649605,5527.194486904812
Mokil,Gygis_alba,583.5791288941465,9.87684889216319,2190.0707711432615
Moruroa,Gygis_alba,2873.074649953197,54.26642722861247,11273.768072641546
Motu_One,Gygis_alba,985.8778846452958,19.781084691262297,3607.245001989732
Namoluk,Gygis_alba,516.2202975228988,8.807957202001676,2059.2609908355053
Namu,Gygis_alba,1558.2476863142329,29.239965501171014,5373.486439937068
Napuka,Gygis_alba,2434.6495335409213,47.329706183363506,8902.967181774857
Nengonengo,Gygis_alba,2496.7444019618274,47.750507280655555,10097.846434962754
Ngcheangel,Gygis_alba,221.4602596473129,2.7104659293798425,906.1649607420211
Niau,Gygis_alba,1009.142306915082,20.78389512558996,3821.066357502205
Ninigo,Gygis_alba,539.0219450121408,7.57884310134665,2064.733338396429
Niutao,Gygis_alba,715.3853361347732,12.937626391228688,2914.6472876738644
Nonouti,Gygis_alba,2122.859988449427,33.264920293897525,8048.253224901342
Nuguria,Gygis_alba,409.0632584528541,5.555692380609047,1517.8485025019224
Nukapu,Gygis_alba,219.7377592720044,2.946419460216571,811.3957607777523
Nukulaelae,Gygis_alba,926.0133715939313,17.549350597096783,3401.6018845306576
Nukumanu,Gygis_alba,669.6296697655972,10.078597654936118,2564.4435793839716
Nukutepipi,Gygis_alba,1318.3355511994778,24.965442748625396,5163.81599635932
Onotoa,Gygis_alba,1986.1580050284992,35.3885959048347,7753.384745282185
Ontong_Java,Gygis_alba,707.8279089359503,11.350279988864143,2703.387467834377
Oroluk,Gygis_alba,579.7977926807708,7.8560465848412475,1908.9445383351112
Pakin,Gygis_alba,471.3811910639134,4.5923694036602045,1510.0583861408868
Palmerston,Gygis_alba,1665.0281704675285,28.46738397414013,6362.927254064674
Pinaki,Gygis_alba,1307.37460818969,25.242633571680678,5286.296025967077
Pingelap,Gygis_alba,532.0611646786281,8.746540624890104,2187.7050764406704
Pukapuka,Gygis_alba,1129.048392528677,20.344056586559958,4374.244707310394
Puka-Puka,Gygis_alba,2369.0380616342736,50.80548174806781,9297.408600782592
Pukarua,Gygis_alba,3043.3898964571654,54.56842497418657,12240.892652187782
Rakahanga,Gygis_alba,1026.194561597229,22.171900201724114,4397.161731869984
Rangiroa,Gygis_alba,2214.215076570751,33.65002388689035,9164.606683393358
Raroia,Gygis_alba,2784.2507550795767,50.368141614706374,10949.920373799803
Reao,Gygis_alba,3474.361980427757,62.29074928699417,13237.508137298466
Rongelap,Gygis_alba,2714.0801211981898,45.651150550284605,10039.477329776148
Sapwuahfik,Gygis_alba,645.0047790214397,9.505708335531207,2395.0384725064882
Satawan,Gygis_alba,708.4067271293692,10.717393875358878,2720.9074351432373
Tabiteuea,Gygis_alba,3135.903121030059,47.83762662842251,11297.752565849227
Taiaro,Gygis_alba,1610.0479153910974,28.372282071832544,5571.525438873423
Takapoto,Gygis_alba,1546.8625851325257,28.55379143427327,5530.624356652381
Takume,Gygis_alba,1769.486132233193,34.041761225982384,6565.440120518593
Tarawa,Gygis_alba,1383.8413548998947,18.138620053943953,5469.6008924662465
Temitangi,Gygis_alba,2922.777819912506,61.391448970907305,10818.473477091826
Tetiaroa,Gygis_alba,851.6760477721931,15.301749531921432,3211.645226785584
Tikehau,Gygis_alba,1611.1070124181754,27.162821507213202,5868.796286610011
Tongareva,Gygis_alba,2228.9466653034387,45.732727125925166,8296.020082912206
Tupai,Gygis_alba,797.5582895177077,13.37024400654226,3048.717832167683
Tureia,Gygis_alba,2726.561483869671,51.3918592030369,9941.908732615226
Ujae,Gygis_alba,1310.3982022810117,22.262654454217042,5155.063885464581
Ujelang,Gygis_alba,1565.9162822761502,30.829924675822223,6228.0207270876435
Ulithi,Gygis_alba,797.2991590451751,9.940808053645526,2940.3339280379173
Utirik,Gygis_alba,1538.4831860992024,27.544468201771746,5412.055912430928
Vairaatea,Gygis_alba,1983.7553301609025,42.26229931351564,7736.582122015593
Vaitupu,Gygis_alba,861.7144205385617,15.108828843912953,3048.2715298601734
Vanavana,Gygis_alba,1687.1571627981386,35.74481362876843,6531.08256446142
Wailagilala,Gygis_alba,475.84810084750535,6.287117618188948,1819.934977841517
Wotho,Gygis_alba,1503.6884056560443,30.188893889475242,5614.004205790721
Wotje,Gygis_alba,2050.8106318349496,33.22782441885746,7579.102587641269
Ailuk,Onychoprion_fuscatus,76027.95043114106,1179.4125901149935,287785.3611207682
Apataki,Onychoprion_fuscatus,186714.4226098447,2501.127521924131,684479.5673500769
Aranuka,Onychoprion_fuscatus,104588.72684659071,1335.5120451163177,388013.036199416
Astove,Onychoprion_fuscatus,145511.93575227392,2330.0038481305937,534269.208751433
Beautemps-Beaupre,Onychoprion_fuscatus,119107.48361734791,1600.4473131659283,466974.3413472842
Bikini,Onychoprion_fuscatus,82575.36987413606,1538.943776264265,326334.0981475229
Birnie,Onychoprion_fuscatus,101359.74555347447,1864.5514341753594,398114.2029695191
Butaritari,Onychoprion_fuscatus,38212.67913189566,482.6750935573026,156440.08567498202
Funafuti,Onychoprion_fuscatus,19825.793708899088,282.20096495358746,74906.2891441203
Huon,Onychoprion_fuscatus,148129.2353147212,1863.765389763482,564312.7935112712
Jaluit,Onychoprion_fuscatus,54287.529052951795,775.0889644972335,204296.69014067182
Jemo,Onychoprion_fuscatus,23571.08103714491,406.6559943068085,90445.4516030976
Kuria,Onychoprion_fuscatus,80116.2279261881,987.8203007561802,302995.49255092256
Marutea_Sud,Onychoprion_fuscatus,122236.63948670006,1960.9861531477693,495212.8344082688
Ngcheangel,Onychoprion_fuscatus,10018.190670454496,85.56202230861845,31710.440736472498
Nonouti,Onychoprion_fuscatus,97459.39907133333,1307.7314369903595,356307.18390380905
Oeno,Onychoprion_fuscatus,55251.238081938405,896.3584122639521,224900.3699034559
Onotoa,Onychoprion_fuscatus,89597.74492932876,1383.8085642567964,354541.75954647345
Ontong_Java,Onychoprion_fuscatus,32611.288635493416,315.2930068501152,125286.98681282258
Pukapuka,Onychoprion_fuscatus,16226.81568330052,269.1082837587302,64027.89307196452
Rangiroa,Onychoprion_fuscatus,193885.98022948726,1963.7211931735326,695889.0774607835
Rongerik,Onychoprion_fuscatus,83330.59312066252,1455.3112110928896,295967.76725415967
Tabuaeran,Onychoprion_fuscatus,161730.4215747308,2330.8221681436703,623922.0653426345
Takaroa,Onychoprion_fuscatus,106764.89384251888,1776.9060702565914,406196.2364963277
Tetiaroa,Onychoprion_fuscatus,27846.896882151716,402.48749555232047,97626.37035745087
Tongareva,Onychoprion_fuscatus,71184.3781247335,1163.8145215630354,274044.09577290126
Ujelang,Onychoprion_fuscatus,51699.823426582785,950.4117875995314,212754.97049711572
Vaitupu,Onychoprion_fuscatus,15141.82421387362,226.32048059960027,60235.69573634349
Bikar,Onychoprion_lunatus,1863.8358259494155,18.28656317160492,7044.453593980378
Bokaak,Onychoprion_lunatus,2817.266075839758,23.933723446149713,10950.398489619347
Manihi,Onychoprion_lunatus,3978.7672366806505,44.91126751639207,14492.399734587596
Nonouti,Onychoprion_lunatus,4203.472468683124,27.47408016319766,15065.020311021237
Rangiroa,Onychoprion_lunatus,6548.324332107884,34.378665914264026,23725.01019019071
Starbuck,Onychoprion_lunatus,7688.25651882736,122.27277676974596,29491.0204037694
Tabiteuea,Onychoprion_lunatus,5286.305565812103,36.41206189259658,21814.764821631314
Tetiaroa,Onychoprion_lunatus,1565.3455141634188,15.156783518908743,5895.996998623959
Tikehau,Onychoprion_lunatus,4305.351820799117,38.07584650269567,15869.858270642171
Cosmoledo,Onychoprion_anaethetus,365.25041804372313,3.1881438729191207,1441.054188837146
Beautemps-Beaupre,Sternula_nereis,1470.0022138376705,4.715119277320023,4846.878732927009
Huon,Sternula_nereis,1673.6526203647236,4.385389328552383,5504.66734132433
Surprise,Sternula_nereis,1905.9238003861415,6.228374372775695,6401.685753533232
Astove,Hydroprogne_caspia,484.02450502017473,3.2602339044166198,1780.8791496847598
Addu,Sterna_sumatrana,220.91567686727043,3.618703865555518,880.310873811557
Ailuk,Sterna_sumatrana,272.5297051120903,4.990845561524083,1001.4709513664574
Aranuka,Sterna_sumatrana,276.58355685502517,3.7266885460174213,1084.8849322544806
Arno,Sterna_sumatrana,166.9493284933994,2.8432466355520436,638.9770460127608
Aur,Sterna_sumatrana,213.37978992820825,3.599944764869949,791.5300738047504
Conflict,Sterna_sumatrana,164.5828323691705,2.420423122634586,642.3511127011582
Faadhippolhu,Sterna_sumatrana,279.2328564203383,3.676761135778443,1051.8269971273655
Kapingamarangi,Sterna_sumatrana,154.2267572203576,2.34996811528895,554.986455850169
Lukunor,Sterna_sumatrana,92.05409493523284,1.3293092615173976,372.7550282010186
Maiana,Sterna_sumatrana,354.2791532072165,3.658190193571631,1379.4941987337877
Majuro,Sterna_sumatrana,148.7431952794725,2.499390161496366,608.5714475290179
Manihiki,Sterna_sumatrana,259.8714205134172,3.1983289831240476,979.92817169829
Namoluk,Sterna_sumatrana,106.49658334261713,1.619505117488173,433.07544193226573
Namu,Sterna_sumatrana,227.58416734426592,4.0207454766132456,884.5300064678373
Ninigo,Sterna_sumatrana,177.0120616705343,2.1360151187761547,664.2252523596463
Nonouti,Sterna_sumatrana,286.3161702149166,4.415789510929527,1174.5909645029567
Nuguria,Sterna_sumatrana,195.9655040819688,1.982919075413868,715.4446711928989
Nukumanu,Sterna_sumatrana,221.3252996998014,2.8398251685805147,861.7759090119968
Nukuoro,Sterna_sumatrana,109.543860905933,1.69072310392259,430.41588535284683
Onotoa,Sterna_sumatrana,309.4532827932377,4.347010803778543,1179.4423965759042
Ontong_Java,Sterna_sumatrana,212.95355325364073,2.7558924160698406,844.6127517099766
Oroluk,Sterna_sumatrana,156.57985623063672,2.346261286224412,606.2413867432603
Pakin,Sterna_sumatrana,94.02681183007907,0.897639848310751,341.8205501262209
Qelelevu,Sterna_sumatrana,246.18145574110247,3.2071642749567544,936.3175748997022
Rakahanga,Sterna_sumatrana,225.2664114092468,2.9677500364898144,913.2534059128656
Rongelap,Sterna_sumatrana,309.5226226828907,4.823796645032892,1141.678270736542
Sapwuahfik,Sterna_sumatrana,105.43952670972408,1.5957622847911932,415.5970999682387
Satawan,Sterna_sumatrana,104.70521807849131,1.35555393223875,409.336674517522
Takuu,Sterna_sumatrana,190.98038471282814,2.566784352480609,732.0870778925445
Tarawa,Sterna_sumatrana,340.89283364581013,2.8515010757495443,1214.8548288151117
Tongareva,Sterna_sumatrana,401.5628273818272,5.067913063622126,1608.0912197932698
Ujae,Sterna_sumatrana,190.78992350905898,3.9609633959894817,744.047222414622
Ujelang,Sterna_sumatrana,234.9507057624678,4.49912573889975,881.1773578179218
Ulithi,Sterna_sumatrana,227.68441600206688,2.8668529288019355,872.8446366474087
Vaitupu,Sterna_sumatrana,195.61863724063664,2.6232105844771128,774.4215845776356
Wotho,Sterna_sumatrana,222.4746238542057,4.187222936509943,842.8506394472083
Abemama,Thalasseus_bergii,187.7102496006103,2.4226880077288273,680.0538602337906
Ailuk,Thalasseus_bergii,276.01564377034754,4.108873543161983,974.4267032746832
Apataki,Thalasseus_bergii,67.85682153158766,1.0396024675817024,269.3578657691758
Aranuka,Thalasseus_bergii,213.2353152382332,2.778972755966604,851.1463484049654
Arno,Thalasseus_bergii,130.36723493543488,1.7540460261986863,469.4778139903786
Astove,Thalasseus_bergii,388.5922458009088,6.108892068478511,1589.1139612460768
Aur,Thalasseus_bergii,161.2064118377097,2.971426199887327,634.8172298011539
Lae,Thalasseus_bergii,301.91908428352076,5.80368323065749,1135.1057279447632
Lukunor,Thalasseus_bergii,103.58196967914196,1.211103515179134,388.46577452249295
Majuro,Thalasseus_bergii,141.5963303218663,1.7519133870665218,550.8905533758685
Manihi,Thalasseus_bergii,81.11394154263229,1.2662880553372968,300.3204083239274
Marakei,Thalasseus_bergii,295.60167042921466,3.0265242382843227,1124.1333918990574
Mataiva,Thalasseus_bergii,133.70428987945598,2.374379483285786,541.1976981975948
Mili,Thalasseus_bergii,161.1988768155358,2.1933485555220593,568.798126909003
Moruroa,Thalasseus_bergii,102.44129154187034,1.3484265276658076,372.53389369391476
Namoluk,Thalasseus_bergii,355.3041392429439,5.327373928843566,1340.7387327536926
Ngcheangel,Thalasseus_bergii,388.26493140889687,3.5160513027132287,1453.8389477393325
Ninigo,Thalasseus_bergii,244.1292085914469,2.2761244694763145,876.3762576804481
Nonouti,Thalasseus_bergii,166.338431544589,2.6266998358294273,600.8924903278072
Nuguria,Thalasseus_bergii,254.2369036818288,2.2407215614223692,959.135641704644
Nukumanu,Thalasseus_bergii,270.60659293356434,3.0116458574830407,942.7673251881274
Nukuoro,Thalasseus_bergii,360.5039122767579,4.838219364864969,1344.327581090043
Onotoa,Thalasseus_bergii,264.83922093963406,3.819220128680674,945.8100015183519
Ontong_Java,Thalasseus_bergii,218.8352479547094,1.6362134756766675,709.5994897101118
Pakin,Thalasseus_bergii,211.5415342535572,1.669184707221202,794.9166438762251
Rangiroa,Thalasseus_bergii,31.99581999709798,0.24882387863397884,116.00644252851978
Rongelap,Thalasseus_bergii,98.70446171592923,1.50842266753658,370.5507401597518
Sapwuahfik,Thalasseus_bergii,303.4955612298145,3.4777702814142937,1158.8219749270315
Satawan,Thalasseus_bergii,86.32219452623173,0.8202621005256145,324.91139238774366
Tabiteuea,Thalasseus_bergii,134.27333669280992,1.8330966730651324,511.4599453445696
Takuu,Thalasseus_bergii,550.7854193186123,5.2386417081012056,1785.7570585383867
Tarawa,Thalasseus_bergii,100.94850217323217,0.6247232361050761,348.87200245445916
Tikehau,Thalasseus_bergii,44.38578111966139,0.5809713904530939,181.55530343831452
Ujae,Thalasseus_bergii,312.6707023967205,5.628457097839248,1133.8128139094176
Ujelang,Thalasseus_bergii,400.38978809672545,6.576655083460548,1422.6139925964621
Ulithi,Thalasseus_bergii,434.9456375862082,3.8792268652948776,1390.144964823439
Utirik,Thalasseus_bergii,107.00757210749161,1.778589422790449,418.275161915012
Wotho,Thalasseus_bergii,319.55063320769887,6.166042101648544,1201.1309652382583
Addu,Phaethon_lepturus,110.94935905719262,1.5256121454216693,408.22072771133446
Bokaak,Phaethon_lepturus,92.28346938285318,1.1229320870065065,342.5214139163511
Jaluit,Phaethon_lepturus,119.19647904961529,1.09891106025243,455.65392738843644
Kilinailau,Phaethon_lepturus,222.7616956131952,0.7600978837070871,533.5803564620113
Lukunor,Phaethon_lepturus,28.401179886425155,0.24965537726682982,113.9907873637506
Manihiki,Phaethon_lepturus,47.08000943023556,0.615870123525625,179.43116955226014
Namoluk,Phaethon_lepturus,30.099037550218647,0.26251841844860435,104.7551214316518
Niutao,Phaethon_lepturus,46.90431047153952,0.6943485083317186,191.56761913262193
Nuguria,Phaethon_lepturus,365.4810618360304,0.9402172779730028,595.4893253506541
Nukapu,Phaethon_lepturus,142.1687864895311,0.27352944492150505,232.54981358148518
Nukulaelae,Phaethon_lepturus,47.07406266653245,0.6350644731602169,171.80835572397456
Nukumanu,Phaethon_lepturus,624.6472721187644,1.1223661493182038,713.4148377654308
Nukuoro,Phaethon_lepturus,27.701816272581436,0.25192441443026803,107.23748530319617
Ontong_Java,Phaethon_lepturus,2017.037806760069,1.2318789832186694,847.2556917088905
Pukapuka,Phaethon_lepturus,27.530662296042614,0.3722032423240411,109.39337590286546
Rakahanga,Phaethon_lepturus,41.858498751330046,0.555805420999709,160.6969241203527
Sapwuahfik,Phaethon_lepturus,22.501043321439276,0.22992816418754275,93.33644130562807
Satawan,Phaethon_lepturus,30.483142513627705,0.29912652158916986,121.62455258249517
Takuu,Phaethon_lepturus,1646.1253347085246,0.8912050620768016,482.13117826812584
Tongareva,Phaethon_lepturus,102.15652057405693,1.3600293595313868,386.3492452298108
Ulithi,Phaethon_lepturus,128.0103411232751,0.5083013974701025,447.71018280794095
Utirik,Phaethon_lepturus,69.53700718161754,0.8747960008779049,277.0596200191971
Vaitupu,Phaethon_lepturus,37.512256415660474,0.541660805555443,140.63057433116398
Anuanuraro,Phaethon_rubricauda,645.5376527647052,13.342736525071023,2466.180808684361
Anuanurunga,Phaethon_rubricauda,656.4275501192692,12.100866241768806,2539.8703721080033
Atafu,Phaethon_rubricauda,179.13990787075318,3.151785606286169,700.3800218820406
Chesterfield,Phaethon_rubricauda,437.04584845389485,4.296660350518601,1725.4770268369673
Erikub,Phaethon_rubricauda,189.14647195254875,2.739340128772348,754.9289679775084
Fakaofo,Phaethon_rubricauda,195.1213553073759,3.3516792040643706,716.0021334084364
Manihiki,Phaethon_rubricauda,347.58853651006245,5.654969247800982,1337.7072335716614
Maria_Est,Phaethon_rubricauda,788.9371066120034,14.409814261195592,3024.883860506994
Mataiva,Phaethon_rubricauda,379.8762297142461,6.404978455206258,1380.8690897296233
Matureivavao,Phaethon_rubricauda,682.1015195858037,11.980707363562907,2691.4996463178436
Moruroa,Phaethon_rubricauda,1269.917526363154,21.906950806980802,4799.791667383082
Nukutepipi,Phaethon_rubricauda,644.8764101940621,12.525996942807518,2549.6266536868557
Onotoa,Phaethon_rubricauda,272.13902780060886,3.4044479375077588,1019.5706494735836
Palmerston,Phaethon_rubricauda,428.7372731221215,7.660697262190367,1566.680603817928
Raroia,Phaethon_rubricauda,784.5635115414732,10.58820802930698,3030.8781921709333
Temitangi,Phaethon_rubricauda,1017.1777940910538,20.13367586384846,3981.0279084685776
Tongareva,Phaethon_rubricauda,451.0400303875931,7.650701694107672,1727.5333940050537
Tabiteuea,Nesofregetta_fuliginosa,19992.665475978436,10.243962238071594,12039.360331020554
Maria_Est,Pterodroma_neglecta,232.29613172811182,2.507515316615682,810.648988435989
Nengonengo,Pterodroma_neglecta,251.2110954509233,2.1266952887922983,983.5070115696371
Beautemps-Beaupre,Pterodroma_heraldica,1.4948793118560665e10,18.705339385363576,74550.9281345166
Matureivavao,Pterodroma_heraldica,40054.790736524024,112.25639970493195,121817.35886724952
Maria_Est,Pterodroma_ultima,2193.380209170455,28.862450200845025,8045.756033011
Matureivavao,Pterodroma_ultima,1347.338677803129,12.571290893564202,4878.052624036522
Morane,Pterodroma_ultima,9638.09083875755,96.83713873686915,36754.45853772164
Moruroa,Pterodroma_ultima,1821.128909137104,7.4612983838886615,6722.623711327814
Bokaak,Bulweria_bulwerii,980527.0069491029,6.875873971354051,4640.414582783653
Ailuk,Ardenna_pacifica,2633.039104524163,33.74344281557411,9259.40088983048
Alphonse,Ardenna_pacifica,837.9790168524218,5.271446418887297,3155.02126340932
Bikar,Ardenna_pacifica,2484.4747876105757,36.59150928690802,9918.11588909733
Jaluit,Ardenna_pacifica,691.387426422508,5.386636187984744,2443.324057444285
Rongelap,Ardenna_pacifica,2516.7324984129646,29.019405461214777,9898.454810505187
Rongerik,Ardenna_pacifica,1546.8474533598644,21.99812720030305,6136.1615810230005
St_Francois,Ardenna_pacifica,1089.6027911461908,6.321711960173909,4347.371554295485
Ailuk,Puffinus_nativitatis,8293.945286190248,11.81880627043202,7345.578528772579
Bokaak,Puffinus_nativitatis,216504.24449217945,20.068718781409117,10828.596062745384
Moruroa,Puffinus_nativitatis,1758.3513624803204,19.383962680066436,6517.006484268025
Ahunui,Fregata_ariel,2140.960620904456,27.76510399778472,8136.571828736337
Anuanurunga,Fregata_ariel,1663.1592805389894,24.8414809659991,6561.1861273362165
Erikub,Fregata_ariel,891.1879964642802,11.612899591221323,3284.8961036465034
Jaluit,Fregata_ariel,761.4242255454745,8.28629789991413,3167.789835041609
Kaukura,Fregata_ariel,1190.3003311500665,21.671956217127487,4577.923783584658
Maiana,Fregata_ariel,1253.139674063154,12.039205310666821,4612.681905550179
Maria_Est,Fregata_ariel,1836.0094132784614,23.60173779422318,7359.479146839452
Mataiva,Fregata_ariel,1395.8220178868307,24.993511753063792,5602.313270481723
Mili,Fregata_ariel,484.9647778733081,6.390228055502012,1871.0662595029603
Nengonengo,Fregata_ariel,1863.6228601078005,27.248831003056093,6692.1072072197485
Nonouti,Fregata_ariel,1031.9241953298047,12.742602676179903,4169.067030834062
Nuguria,Fregata_ariel,415.07245254058756,4.092302343426821,1460.641077532508
Nukapu,Fregata_ariel,352.9925730503573,4.025776806954272,1308.761689120546
Nukumanu,Fregata_ariel,536.5731252418278,6.668943696205721,2251.5684228197897
Onotoa,Fregata_ariel,1327.6986093815087,17.42420045694881,4964.589606233005
Paraoa,Fregata_ariel,1996.1392897100018,28.16681204579951,7316.2480298033015
Pukapuka,Fregata_ariel,884.2933861885319,15.120234016858328,3492.844757586318
Scilly,Fregata_ariel,1463.8914499129817,24.475734540494564,5297.092884982484
Tabiteuea,Fregata_ariel,1411.4330138984494,14.494536773173053,5285.689156005826
Tabuaeran,Fregata_ariel,1880.3596487438256,33.20879095758907,7072.739855240455
Tarawa,Fregata_ariel,922.8062545143812,6.285862031424343,3539.425121299976
Tetiaroa,Fregata_ariel,736.9343871753728,12.366650076042102,2835.9241237541705
Tongareva,Fregata_ariel,1604.446956114346,28.600568943672254,6432.349069911224
Ulithi,Fregata_ariel,671.913097616937,5.821621936126968,2464.0570209155303
Wailagilala,Fregata_ariel,1227.564818985689,18.11693599877141,4712.864164073929
Ailinginae,Fregata_minor,579.3945904425526,11.008858967311555,2201.1598669487685
Ailuk,Fregata_minor,799.189602042389,14.987292778609776,3202.8621915343256
Bikini,Fregata_minor,824.4418340606744,15.617288744260716,2838.4993328943306
Kapingamarangi,Fregata_minor,290.78357084639094,5.340555952240566,1118.3468551242647
Likiep,Fregata_minor,742.3417271352113,13.95213219054119,2790.9568007724693
Lukunor,Fregata_minor,126.03565766329972,1.9233922032930444,497.8105899984172
Maria_Est,Fregata_minor,617.7500590724668,10.762092034400961,2279.4288483877763
Mataiva,Fregata_minor,653.2899789127948,13.261283579984443,2509.829105457963
Matureivavao,Fregata_minor,570.2501282310003,10.448511913769293,2191.1322997327957
Mili,Fregata_minor,360.99298418735856,5.860108004405624,1421.928585474095
Moruroa,Fregata_minor,1039.399785578542,20.069093323850087,3896.947137322179
Motu_One,Fregata_minor,546.5004251097755,11.327585944401863,2121.4931204025615
Namoluk,Fregata_minor,165.89727038732167,2.8606711479164106,650.1471709063052
Namu,Fregata_minor,672.2960509330762,10.017673063614087,2188.365880713223
Nuguria,Fregata_minor,257.19949452517216,3.104042446846355,968.8001920943767
Nukapu,Fregata_minor,119.67412484350346,1.4380340506186178,420.7227405834459
Nukumanu,Fregata_minor,363.49547520174224,5.01057424906598,1383.5958857528642
Nukutepipi,Fregata_minor,581.1800818555554,12.483014712856239,2283.3951392862896
Onotoa,Fregata_minor,778.3656640883364,13.540700769275329,3009.6996820674235
Oroluk,Fregata_minor,233.5123901689668,3.920354881516746,871.296933878014
Rangiroa,Fregata_minor,802.857301334874,10.55795823693865,2764.2350280181195
Rongelap,Fregata_minor,839.965275947238,14.8760689750641,3267.7321229226077
Rongerik,Fregata_minor,728.9013411216441,12.808010101636958,2727.1266200071923
Satawan,Fregata_minor,139.36216632641947,2.066652077220788,534.2819318132244
Scilly,Fregata_minor,573.3464627036223,12.57381816830001,2276.4245590862806
Takuu,Fregata_minor,302.80025011332145,4.537452081239199,1153.2840008647165
Teraina,Fregata_minor,699.721959410796,12.658227235237758,2933.760241134339
Ujae,Fregata_minor,501.1217277602647,9.10213609893527,1837.1047452476018
Ujelang,Fregata_minor,648.5889222982007,12.653686531438346,2605.081107401097
Wotho,Fregata_minor,560.3604251807525,11.107650745030424,2073.7990585970133
Wotje,Fregata_minor,606.7178439405739,10.115302109746766,2305.163786835504
Maria_Est,Sula_dactylatra,349.536189164938,5.689447415428418,1346.693716270546
Matureivavao,Sula_dactylatra,306.64312533081767,4.804993759104719,1117.1903653834704
Nengonengo,Sula_dactylatra,399.8760258730093,7.6555485840287005,1596.6193778414713
Nukulaelae,Sula_dactylatra,294.87460087970703,5.026194308664221,1134.439884427123
Paraoa,Sula_dactylatra,406.9859224346127,7.71257107231545,1574.5700493169627
Pukarua,Sula_dactylatra,386.75426401758034,5.2657537099214995,1357.2576844913488
Reitoru,Sula_dactylatra,472.2899484951572,9.39907145312147,1737.4599643644235
Tetiaroa,Sula_dactylatra,230.5289583900536,3.886326175539023,924.6579746722252
Ailinginae,Sula_leucogaster,245.1015564470613,4.746877429745439,963.2572351484678
Anuanuraro,Sula_leucogaster,82.99016886431555,1.494385650637104,336.47565169266727
Aratika,Sula_leucogaster,78.0284491484522,1.3036075740146553,295.1266292241518
Bikar,Sula_leucogaster,295.3923652811741,5.034304098846145,1200.4675344406044
Butaritari,Sula_leucogaster,441.7785031953132,5.664742630915594,1662.6043606277656
Jemo,Sula_leucogaster,529.1334903650086,7.213600425907576,2078.56780739994
Kapingamarangi,Sula_leucogaster,338.87839834720086,5.5675230281753825,1259.3190453773477
Kauehi,Sula_leucogaster,64.486788412652,0.9962741025052079,244.55763154308332
Kaukura,Sula_leucogaster,113.70982968435986,1.8286292189554625,449.59673782247927
Kwajalein,Sula_leucogaster,788.2606876673711,10.78714917062889,2771.9526187389815
Likiep,Sula_leucogaster,314.46379641856754,4.854291419503347,1210.360431299904
Majuro,Sula_leucogaster,208.7092692906344,2.566632183970493,805.7129761671258
Manihiki,Sula_leucogaster,66.62973758275903,1.044794922371176,240.7144897871607
Mataiva,Sula_leucogaster,167.38445760229743,2.8453351119201424,631.9161780402474
Mili,Sula_leucogaster,277.5170833256354,3.4846971974835883,1027.706450507138
Moruroa,Sula_leucogaster,77.28066677153281,1.0722506084255619,262.7880761937581
Motu_One,Sula_leucogaster,285.7486087525389,5.506492429584896,1157.9478238412382
Namoluk,Sula_leucogaster,345.0540002452424,5.428637318824103,1387.269763830136
Ninigo,Sula_leucogaster,312.5099345594605,3.922203471803589,1152.2049393533325
Nonouti,Sula_leucogaster,364.1805009798152,4.713591741720727,1400.448743693124
Nuguria,Sula_leucogaster,288.99548953241504,2.486000049681754,1064.6612595013867
Nukumanu,Sula_leucogaster,358.12610966848155,4.2355939693565094,1306.2959206770186
Oroluk,Sula_leucogaster,1182.2337973507754,20.4059769316892,4545.864885802903
Puka-Puka,Sula_leucogaster,142.1869639891919,2.3995072110034332,525.8846019203583
Rangiroa,Sula_leucogaster,44.44713883189845,0.40114830271386603,171.17553144024592
Raraka,Sula_leucogaster,57.99298327166227,0.8564679765075813,229.66362533307066
Satawan,Sula_leucogaster,79.90608693182354,0.8387135667191395,326.54683269300034
St_Joseph,Sula_leucogaster,369.0120863158831,6.155629646723491,1410.8500345792954
Starbuck,Sula_leucogaster,641.6455815247872,8.45623608100264,2300.7504475435558
Tabiteuea,Sula_leucogaster,311.0199942144445,4.116458503998695,1193.4749458140177
Tabuaeran,Sula_leucogaster,358.4718383038436,5.117692559534312,1341.205349299251
Tenararo,Sula_leucogaster,38.07287079053186,0.5139454531320976,138.7367191184613
Teraina,Sula_leucogaster,501.4905997922321,7.600513259542951,1931.6217221600718
Tetiaroa,Sula_leucogaster,100.04787856120923,1.5078632929041946,380.18120355961884
Tikehau,Sula_leucogaster,64.26408612633819,0.826535883564126,247.20487524099266
Tongareva,Sula_leucogaster,282.5024627376236,4.854187786227503,1058.8835993585894
Ujae,Sula_leucogaster,495.5269166934714,9.74078906565999,2074.7004108180545
Wailagilala,Sula_leucogaster,1381.0565267591662,22.844526430508562,5590.702268994044
Ahe,Sula_sula,1526.651768452706,27.849675874869437,5665.701528647226
Anuanurunga,Sula_sula,1033.001685865937,19.17525120636406,3896.7815944449326
Aratika,Sula_sula,1546.3848297351676,28.667720301196905,6258.114510230482
Beautemps-Beaupre,Sula_sula,5998.839613593442,72.7507297374043,24533.85752150791
Butaritari,Sula_sula,3213.2395270804955,48.99399684800538,13193.736276139636
Hao,Sula_sula,2757.7085093869177,44.52672965448527,10913.155512325944
Kapingamarangi,Sula_sula,1875.5428500431092,30.483026304274443,7199.54685394237
Kauehi,Sula_sula,1644.9683076283004,28.792056968317763,6367.226317751146
Kaukura,Sula_sula,1854.5401558835633,35.64522611490387,7476.709349635906
Likiep,Sula_sula,3805.204767376841,57.95584666238657,15056.539026686973
Lukunor,Sula_sula,716.0512341259707,10.46256069954222,2750.1682201941835
Majuro,Sula_sula,2510.355485317715,33.30078271526944,9301.706714858317
Manihiki,Sula_sula,1772.0729774107413,31.63764247791077,6947.9131116485105
Maria_Est,Sula_sula,921.1476148925233,16.98870423109148,3412.2767743795935
Marutea_Sud,Sula_sula,2767.4424579045317,48.39417512471474,10837.122688853526
Mataiva,Sula_sula,1628.8222618201037,31.20278046844038,6185.518362664017
Matureivavao,Sula_sula,838.3248659687687,15.880911448938527,3390.7535334321287
Mili,Sula_sula,3237.0103788096612,42.96003727175245,12495.945820531704
Moruroa,Sula_sula,2414.5827495699245,42.88079004338034,9484.62191661937
Motu_One,Sula_sula,1414.0692462709667,28.175988065435252,5393.743212153141
Namu,Sula_sula,4303.858503301581,65.83608267694333,16505.399295679967
Nengonengo,Sula_sula,1838.4265121506407,38.31451608199611,7273.200958338633
Nuguria,Sula_sula,3833.0403169256538,37.08089625578925,14762.706787225497
Nukumanu,Sula_sula,5262.433831847084,50.664338588825366,18768.8388935696
Nukuoro,Sula_sula,2183.245718756753,27.31445395777328,7090.23150325842
Nukutepipi,Sula_sula,1006.1603848141621,19.536218984965608,3643.323203869952
Onotoa,Sula_sula,2567.905016594173,41.68416057677246,9657.109851927644
Ontong_Java,Sula_sula,6650.102565699107,66.59084569501086,25493.69922139566
Oroluk,Sula_sula,1758.6312855808314,26.376731863333205,6647.83947819395
Pukapuka,Sula_sula,1507.8880287236877,28.81318301032212,5963.70745313701
Puka-Puka,Sula_sula,2109.054762091109,41.50126297338274,8510.353077729857
Pukarua,Sula_sula,1841.2320765326679,36.01018802833727,6937.171958401678
Rangiroa,Sula_sula,2153.597976485771,24.844488720797436,8315.566617219112
Raraka,Sula_sula,1661.558069517727,28.945763404806076,6356.048599984725
Raroia,Sula_sula,2543.9259407033896,37.83611042084257,9113.407203800378
Reao,Sula_sula,2069.842085482344,32.70232331665791,8370.775349948122
Rongelap,Sula_sula,3386.7976629120944,53.6483711982972,12744.84961017209
Satawan,Sula_sula,936.2363472575881,13.606471215407934,3791.540068250654
Starbuck,Sula_sula,2083.3019667634317,37.5312376805032,8450.5634715967
Tabiteuea,Sula_sula,4458.500367873952,54.843618715481945,16667.922608402172
Taiaro,Sula_sula,1124.1216836433875,22.388798831865167,4360.967253450784
Takapoto,Sula_sula,1406.2079976751656,25.428171246806873,5535.665706496597
Takume,Sula_sula,1411.8254715958217,26.178494515531792,5676.998971719372
Takuu,Sula_sula,4501.213893575291,50.1781157125962,16385.171871480034
Tikehau,Sula_sula,1696.5334380098247,23.05013912750623,6475.044714720763
Tongareva,Sula_sula,3668.2681851695957,67.70803857258704,14667.91229686891
Tupai,Sula_sula,876.7600142713084,13.306517712106697,3551.500595356539
Ujae,Sula_sula,2852.665202095322,50.2631884341547,10400.658019640297
Vanavana,Sula_sula,1256.1597867763167,26.316463587623492,4839.032912878584
Wailagilala,Sula_sula,3879.0295609528475,50.10536423144857,15420.10751279309
Wotho,Sula_sula,2861.721368843949,52.536647329707414,10943.02341712179
Abaiang,Anous_stolidus,2401.7281922450875,33.619913365117796,8488.442084178234
Abaiang,Anous_minutus,13709.538449462192,171.45338701904004,50630.32370093287
Abaiang,Gygis_alba,1487.422528347037,20.392026792337997,5780.917446679538
Ailinglaplap,Anous_stolidus,2515.5231769303227,39.692628665313435,8806.44341762542
Ailinglaplap,Anous_minutus,7514.053142218434,132.81600398283342,28716.991329808432
Ailinglaplap,Gygis_alba,1507.7680336874873,25.201821626367117,5757.524683295006
Amanu,Anous_stolidus,3230.2145704409736,59.19019921700976,12611.99894462887
Amanu,Anous_minutus,1648.3321843154597,26.66444317350849,5847.298924632405
Amanu,Gygis_alba,3089.183360850136,58.11650796771914,11739.72542766428
Beru,Anous_stolidus,4489.998446103757,71.55074025941384,16591.52048288024
Beru,Anous_minutus,7513.542637187639,122.2549620466207,29410.53921621864
Beru,Gygis_alba,1826.0478547184057,33.951346969886146,7192.82508923228
Eauripik,Anous_stolidus,2618.90917457197,42.473626797437674,10543.320047600486
Eauripik,Anous_minutus,5979.85287007498,93.3415301883383,23306.21079866165
Eauripik,Gygis_alba,528.8826167574109,8.164557903970328,2069.0176547856945
Ebon,Anous_stolidus,1952.3852475614203,37.507671186980495,7823.048389049189
Ebon,Anous_minutus,5843.853563611151,103.71816190837683,21678.351076976047
Ebon,Gygis_alba,1255.3201041201944,19.395541802739206,4759.763619514639
Elato,Anous_stolidus,761.1590410126914,11.06710161791473,2702.249767497028
Faraulep,Anous_stolidus,2189.346051550191,35.722561997416385,8497.822490933902
Faraulep,Anous_minutus,5162.702331137678,83.57996793113246,17711.72586048935
Faraulep,Gygis_alba,660.631610230546,11.772022079068885,2624.87249896778
Hikueru,Anous_stolidus,2470.738029734004,52.15506727094652,9677.181534695046
Hikueru,Anous_minutus,1935.3160944465712,37.09831062905334,7110.70473689311
Hikueru,Gygis_alba,1777.4246243184336,40.798964009014746,7028.624886290397
Hiti,Anous_stolidus,960.4865124044336,17.295468081544218,3601.889261027101
Hiti,Gygis_alba,944.7303007548348,18.71728458277238,3573.2218211595446
Ifalik,Anous_stolidus,2026.1579171643352,33.93825717777845,7397.868803853697
Ifalik,Anous_minutus,5785.869224332088,89.25402758415589,20994.847807786813
Ifalik,Gygis_alba,582.5363150387885,9.853340020020875,2168.304172631011
Katiu,Anous_stolidus,1802.248896122006,37.23492314443818,7158.690283264503
Katiu,Gygis_alba,1605.4044678325783,30.887500613526356,6204.049976688387
Lamotrek,Anous_stolidus,1194.7059280363153,23.354590095507582,4634.847044651248
Lamotrek,Anous_minutus,4167.343545825564,67.05471767416013,16871.138671429493
Lib,Anous_stolidus,1716.6060272058303,30.827229715105183,6234.298108738172
Lib,Anous_minutus,4500.608256410823,88.35262215052866,17663.38573219362
Lib,Gygis_alba,661.0818597098131,12.78032195325059,2381.007044520014
Makemo,Anous_stolidus,3091.110378401862,56.936955001705954,12102.643535111125
Makemo,Gygis_alba,2719.2866712512614,46.78920697266334,10559.716387366847
Maloelap,Anous_stolidus,3752.0154377384843,59.19791468227664,13177.271554292705
Maloelap,Anous_minutus,7273.0268648223255,127.22363198653449,26094.25253492333
Maloelap,Gygis_alba,1704.033135813922,32.87065221600392,6751.39059882159
Manuae,Anous_stolidus,4311.025262835606,79.19976373047834,16251.59788598255
Manuae,Anous_minutus,2853.2355695263996,53.564965392948835,10773.059600810928
Manuae,Gygis_alba,1268.0754033404253,21.72408865545924,4828.652727642588
Marokau,Anous_stolidus,1960.9854750361242,35.815876351435925,7773.599253718893
Marokau,Gygis_alba,2095.610582464914,37.982564228222024,8017.410566624663
Marutea_Nord,Anous_stolidus,2136.596915842585,44.04724748137827,7772.466990752023
Marutea_Nord,Anous_minutus,2009.8463884458674,40.24988069741166,7715.930986049686
Marutea_Nord,Gygis_alba,1501.1406144257812,32.3319000833872,5999.6356281986
Motutunga,Anous_stolidus,1456.7267701726164,29.649659990152024,5436.1343123819615
Motutunga,Gygis_alba,1064.2203092022212,22.47956369068554,3976.6701166530247
Murilo,Anous_stolidus,1325.1633919099013,21.01844953670675,4991.692715579161
Murilo,Anous_minutus,6810.3027599118905,97.86585038942776,26499.21960876167
Namonuito,Anous_stolidus,3560.3313290353067,58.875928190714305,13959.9427265404
Namonuito,Anous_minutus,13396.366393468756,211.55833436722935,49778.52383797373
Namonuito,Gygis_alba,1279.1388381697348,18.205449587539476,4770.8546780026445
Namorik,Anous_stolidus,1715.3842660925468,33.74488374828157,6368.664625112195
Namorik,Anous_minutus,5857.222472387503,106.73101327854073,23104.348491558325
Namorik,Gygis_alba,718.8577167340543,13.813198388986256,2591.081949769227
Nanumanga,Anous_stolidus,1946.6769934769425,37.01206770111465,7226.406564722913
Nanumanga,Gygis_alba,691.1488952545128,12.48015774863325,2513.7015530111903
Nanumea,Anous_stolidus,2344.99068909953,46.191732603859194,9189.680643139056
Nanumea,Gygis_alba,828.49096210934,15.64593405547789,3251.0056133617963
Ngulu,Anous_stolidus,4270.618785154093,57.90607593916726,16591.094070913252
Ngulu,Anous_minutus,17276.171065216105,191.04921268744667,62765.85745099704
Nihiru,Anous_stolidus,2246.8953447636113,48.03507104839642,8748.815519098598
Nihiru,Anous_minutus,2032.5830844989248,38.239309006544126,7578.917267930971
Nihiru,Gygis_alba,1817.4373515897973,40.20310026247713,7046.909722597319
Nikunau,Anous_stolidus,3245.113494729022,51.334252265769045,12664.505250115713
Nikunau,Anous_minutus,5833.391525176199,81.29971363970749,22928.89426495128
Nikunau,Gygis_alba,1863.999109674327,27.154048711526013,6813.090447863182
Nomwin,Anous_stolidus,1051.703703389281,15.811452409529972,3939.0918500237244
Nui,Anous_stolidus,2270.186561069089,42.76037969706177,9390.720118703595
Nui,Gygis_alba,1042.881021578931,18.88721797737213,4155.03899967735
Nukufetau,Anous_stolidus,2324.138681394709,40.481169931409646,8462.513761902832
Nukufetau,Gygis_alba,1061.3608307516322,18.889963401459404,4128.28739112556
Olimarao,Anous_stolidus,1402.5797150160165,19.81616490586868,4895.521233295241
Olimarao,Anous_minutus,4685.119312025121,71.68543985384872,16532.030182693674
Olimarao,Gygis_alba,432.93145974456354,6.8214811388449,1639.210008725134
Pulap,Anous_stolidus,1140.5716465731416,18.938508410878526,3861.868624963295
Pulap,Anous_minutus,5396.994626723432,93.09414641026714,20268.005653514974
Pulusuk,Anous_stolidus,1152.7146787620904,17.94951929073041,4360.260235211383
Pulusuk,Anous_minutus,4776.226726698598,76.25782216189045,18318.85533649453
Pulusuk,Gygis_alba,502.8035167313487,7.913878387386231,1923.0862637623952
Puluwat,Anous_stolidus,810.4481403509959,15.666791495034072,3001.296133489689
Puluwat,Gygis_alba,580.0721874252628,10.688349740927016,2307.952788353481
Ravahere,Anous_stolidus,1455.392610964604,27.34631432408501,5638.506489853733
Ravahere,Gygis_alba,1608.1440328183362,32.02774479095464,6257.873279582386
Rekareka,Anous_stolidus,1832.9330099825195,39.43799019530348,7618.2762232099385
Rekareka,Anous_minutus,1078.0401477952662,21.856856855818723,4290.5137573710035
Rekareka,Gygis_alba,1309.254786896312,29.323726053450294,5037.784824803265
Taenga,Anous_stolidus,2411.926960258427,49.35073266531371,9356.514395992603
Taenga,Gygis_alba,2076.9797648082713,40.729830948891326,8510.304006506243
Tauere,Anous_stolidus,2497.7222418411966,54.339149011282814,9869.128447237978
Tauere,Anous_minutus,1271.624539077452,25.989956941625167,4850.95225931629
Tauere,Gygis_alba,1732.4261799502233,36.194280603508886,7025.066904690268
Tauere,Sula_sula,1547.6573846290257,29.40676575845699,5559.752497889594
Tenaruga,Anous_stolidus,990.1729453730618,17.078506740469486,3812.946162013094
Tenaruga,Gygis_alba,1409.9662973135253,24.336891899220802,5098.329908241638
Tepoto,Anous_stolidus,771.060435036125,14.216732721751232,3052.394487103124
Tepoto,Gygis_alba,669.7176318973799,11.376555707429826,2547.0782626537894
Tuanake,Anous_stolidus,1033.8474638364423,20.83119261448817,3927.466974913874
Tuanake,Gygis_alba,1110.0301502408513,23.219180974270518,4418.9074254624265
Vahitahi,Anous_stolidus,3570.911953697856,67.35837912599926,13819.80905669392
Vahitahi,Anous_minutus,1391.5660163403393,26.71830985970419,5413.048077107335
Vahitahi,Gygis_alba,2237.382519178897,50.55558667842796,8437.453018421085
Vahitahi,Sula_sula,1889.6241640812834,41.599543920637025,7398.33283002928
West_Fayu,Anous_stolidus,1687.8597826714242,26.423837561595292,6444.507475075997
West_Fayu,Anous_minutus,5695.887562511669,87.25448333752283,23307.645970728343
West_Fayu,Gygis_alba,543.2334102974629,8.568450071153032,2050.901586875548
Woleai,Anous_stolidus,2854.581373117481,50.22732868690518,11095.225894588897
Woleai,Anous_minutus,7840.271463730672,143.86822631156255,29649.786170838408
Woleai,Gygis_alba,889.9544211201089,14.674656917350882,3351.502114651326
