atoll,region,species,median,lower,upper
Abemama,Micronesia,Anous_stolidus,719.8471679792336,246.84052183263634,2226.2319074985076
Addu,Indian_Ocean,Anous_stolidus,1169.9873266433872,335.74184477899973,3237.2743609930335
Ahe,Polynesia,Anous_stolidus,428.7159564876775,155.0256956819318,1269.7647588310774
Ailuk,Micronesia,Anous_stolidus,1245.9263986269334,447.9974367637585,3787.9841432265207
Anaa,Polynesia,Anous_stolidus,795.0862689931766,236.33101285497008,1980.3144321083364
Ant,Micronesia,Anous_stolidus,14.822080494628633,3.9127487895704123,48.73958604311011
Anuanuraro,Polynesia,Anous_stolidus,515.74479889693,180.74147450971682,1394.7599910499355
Anuanurunga,Polynesia,Anous_stolidus,442.4424042559831,161.38644803359867,1286.960275677588
Apataki,Polynesia,Anous_stolidus,523.8984589683278,165.13818250776336,1436.337029835236
Aratika,Polynesia,Anous_stolidus,474.8051247410848,176.91604924860286,1420.5897251827043
Arno,Micronesia,Anous_stolidus,420.9102248164203,131.52356382520045,1219.817945405986
Arutua,Polynesia,Anous_stolidus,492.84302544881695,155.53252940896493,1340.7069057531003
Aur,Micronesia,Anous_stolidus,554.275060450548,182.63332788650126,1548.4817835635713
Butaritari,Micronesia,Anous_stolidus,864.9038530386505,300.8263219966233,2696.359387444753
Etal,Micronesia,Anous_stolidus,47.51651126629901,14.83816072295804,139.58627730368585
Fakahina,Polynesia,Anous_stolidus,1150.5789525170842,405.3367473713793,3274.041512468228
Fakaofo,Polynesia,Anous_stolidus,485.52730170125966,170.68989968630117,1415.54222084735
Hao,Polynesia,Anous_stolidus,974.0955575095925,344.62627085831167,3159.532376502584
Hereheretui,Polynesia,Anous_stolidus,1242.138115919105,500.25779438288856,3805.9793334932747
Kapingamarangi,Micronesia,Anous_stolidus,383.60464974814397,126.52610339396585,1105.3383612840732
Kauehi,Polynesia,Anous_stolidus,472.3975309687512,161.82555839825116,1351.0810093932491
Kaukura,Polynesia,Anous_stolidus,493.22421497566705,181.96775719065369,1543.1937106471644
Lae,Micronesia,Anous_stolidus,438.3590048153483,156.55599981529144,1248.7057971718882
Likiep,Micronesia,Anous_stolidus,1033.577781813306,355.97062235290656,2998.41786374957
Losap,Micronesia,Anous_stolidus,96.10593031601584,30.84690525843054,285.24449249139025
Lukunor,Micronesia,Anous_stolidus,68.53929287233743,22.825488069879295,222.92524593286288
Maiana,Micronesia,Anous_stolidus,637.6688806828737,220.39943792126564,2070.9537706328047
Majuro,Micronesia,Anous_stolidus,416.6609039939401,130.40438767668303,1210.828945264831
Manihi,Polynesia,Anous_stolidus,580.6789019327159,201.00598543167288,1646.174254394963
Manihiki,Polynesia,Anous_stolidus,671.1879768163628,233.73141010432585,1924.2890682628965
Marakei,Micronesia,Anous_stolidus,609.9909331722628,217.38382884544632,1996.2799410337682
Maria_Est,Polynesia,Anous_stolidus,300.84303125399975,100.20437782743825,806.5317722703898
Marutea_Sud,Polynesia,Anous_stolidus,792.0038488455382,266.1000559639621,2169.930987225921
Mataiva,Polynesia,Anous_stolidus,457.6294176252554,170.5157117131175,1384.271012727769
Matureivavao,Polynesia,Anous_stolidus,244.36942913051058,82.66132198778759,691.7253588024635
Mili,Micronesia,Anous_stolidus,538.4738821905183,190.83089367560603,1708.665001443994
Mokil,Micronesia,Anous_stolidus,173.56580935269628,56.68193705923026,520.8085920327753
Moruroa,Polynesia,Anous_stolidus,752.9542938244183,243.89202986380513,2021.4138283772793
Motu_One,Polynesia,Anous_stolidus,412.2571817220733,140.91946565488087,1183.1329848585647
Namoluk,Micronesia,Anous_stolidus,132.13996527005767,43.47620524613325,384.5291288380709
Namu,Micronesia,Anous_stolidus,743.4359554090192,256.3499729947648,2180.8486636778794
Napuka,Polynesia,Anous_stolidus,1023.1169759572473,331.69489467775026,2636.0549600411
Nengonengo,Polynesia,Anous_stolidus,880.0023593871117,328.92998576966113,2609.0043605515393
Ngcheangel,Micronesia,Anous_stolidus,34.30559462596622,10.898308798643846,130.0248337905538
Niau,Polynesia,Anous_stolidus,398.63092001982375,153.8779301265178,1204.5935234068672
Ninigo,Melanesia,Anous_stolidus,347.53634559349825,118.72488851488625,1180.2469393723486
Niutao,Polynesia,Anous_stolidus,844.0505681274303,287.3075164445054,2368.5457403996616
Nonouti,Micronesia,Anous_stolidus,991.5071273218476,304.15691789888893,2747.4404594422253
Nuguria,Melanesia,Anous_stolidus,356.58128589974785,103.85135378727611,1093.6705394909511
Nukapu,Melanesia,Anous_stolidus,61.75442749700901,19.856802675375146,201.50931606647373
Nukulaelae,Polynesia,Anous_stolidus,821.1111413188688,292.7864537200791,2420.0704430740366
Nukumanu,Melanesia,Anous_stolidus,570.6019121562103,174.7631745061816,1712.7780815581784
Nukuoro,Micronesia,Anous_stolidus,289.597131100819,96.5223570612932,890.1099599791788
Nukutepipi,Polynesia,Anous_stolidus,461.17190702635224,178.3723088535431,1418.3247263419012
Onotoa,Micronesia,Anous_stolidus,1021.5518573720811,321.8263115250241,2824.972192813742
Ontong_Java,Melanesia,Anous_stolidus,539.4754516576728,177.10951474576675,1798.4873515970858
Oroluk,Micronesia,Anous_stolidus,254.77113004628,80.83603449047078,733.2598806579123
Pakin,Micronesia,Anous_stolidus,25.226074834494437,7.511183524920109,80.93557218594965
Palmerston,Polynesia,Anous_stolidus,1738.6553529966827,647.7315210839158,5456.699725404025
Paraoa,Polynesia,Anous_stolidus,615.6294977391177,228.2663274098621,1741.6354723314307
Pinaki,Polynesia,Anous_stolidus,585.4472172183542,208.90493091798632,1677.4152940912315
Pingelap,Micronesia,Anous_stolidus,167.50170098190975,50.20409618036563,469.83738713446263
Pukapuka,Polynesia,Anous_stolidus,576.54727857514,222.30322390233945,1829.947290504916
Pukarua,Polynesia,Anous_stolidus,798.9550061532321,301.22070477987904,2519.366765302433
Qelelevu,Melanesia,Anous_stolidus,226.67065559369803,67.55679820288076,646.5810613625474
Rakahanga,Polynesia,Anous_stolidus,502.80122718441186,188.8161274761071,1493.3651642156035
Rangiroa,Polynesia,Anous_stolidus,322.3066683410365,110.57828482637854,1074.794943322579
Raroia,Polynesia,Anous_stolidus,708.1759541531088,250.07091759871835,2163.546046024982
Reao,Polynesia,Anous_stolidus,828.4875819162754,316.12756263688783,2751.5325715438294
Rongelap,Micronesia,Anous_stolidus,596.5690295804598,193.18726904489085,1631.2536494562355
Sapwuahfik,Micronesia,Anous_stolidus,127.97597904869896,37.95473543995802,348.2935034219791
Satawan,Micronesia,Anous_stolidus,88.27601122916417,27.5090263387963,275.32757105448314
St_Joseph,Indian_Ocean,Anous_stolidus,512.7253712746649,158.33784113929065,1342.317738508733
Tabiteuea,Micronesia,Anous_stolidus,1355.0656134156545,405.36124932003816,3651.5110409789254
Taiaro,Polynesia,Anous_stolidus,388.9117909913271,138.5369042841526,1078.7842548026404
Takapoto,Polynesia,Anous_stolidus,361.3044125867081,112.2503293418803,934.2503165716818
Takaroa,Polynesia,Anous_stolidus,592.2260568682565,184.9534327877251,1511.0993106746116
Tarawa,Micronesia,Anous_stolidus,334.0374522615902,97.20050910814373,1028.1305591441846
Tatakoto,Polynesia,Anous_stolidus,1653.5354570774987,500.5409094461625,4225.782227888216
Temitangi,Polynesia,Anous_stolidus,1840.2730524527035,661.4986578990424,5313.672754196655
Teraina,Polynesia,Anous_stolidus,2591.045418883363,897.0162404153825,7650.265518897473
Tikehau,Polynesia,Anous_stolidus,280.23520598451154,91.0563686732726,833.9486868302929
Tongareva,Polynesia,Anous_stolidus,1914.9374946481373,704.6738911934414,5574.073017264917
Tupai,Polynesia,Anous_stolidus,122.44003751353318,41.8286215497617,428.24489965412477
Tureia,Polynesia,Anous_stolidus,851.0562386222061,297.0347689074549,2471.4610958190174
Ujae,Micronesia,Anous_stolidus,546.094372646979,170.41384006253443,1365.2629007780029
Ujelang,Micronesia,Anous_stolidus,581.9466757918672,200.04464050640487,1636.5893125424802
Ulithi,Micronesia,Anous_stolidus,253.2478692876733,81.07311666223288,843.3285060871258
Vairaatea,Polynesia,Anous_stolidus,972.5242542733022,381.59963022149475,2915.8834646703945
Vaitupu,Polynesia,Anous_stolidus,486.37183028088094,172.57046364822563,1400.3902209162984
Vanavana,Polynesia,Anous_stolidus,564.2314671243984,220.88108247989717,1753.0232680133793
Wailagilala,Melanesia,Anous_stolidus,391.80217795051703,133.05769359705903,1229.5076331972168
Wotho,Micronesia,Anous_stolidus,699.1670419438692,216.41364104234532,1734.5126714323505
Wotje,Micronesia,Anous_stolidus,742.4547889072154,244.43794084163014,2215.488698394736
Abemama,Micronesia,Anous_minutus,3075.3854739531507,1113.6484885974398,10228.202811057077
Ahe,Polynesia,Anous_minutus,589.247186961991,204.7977614866053,1683.8040043836202
Ailuk,Micronesia,Anous_minutus,2000.8692050139728,654.152332614781,5568.926415142799
Anuanuraro,Polynesia,Anous_minutus,208.2979566208482,75.48572847815319,597.305183854071
Anuanurunga,Polynesia,Anous_minutus,164.66193465667808,64.80247060070059,520.6152177496787
Apataki,Polynesia,Anous_minutus,1153.8014239749054,410.75415657780366,3554.5079492306654
Aranuka,Micronesia,Anous_minutus,2275.469957138982,773.6307294015701,7057.3122629517275
Aratika,Polynesia,Anous_minutus,686.864091306586,237.46100081157815,1912.7070294931352
Arno,Micronesia,Anous_minutus,2578.013399740734,834.2087286696216,7564.350883166168
Arutua,Polynesia,Anous_minutus,1129.0717257687784,404.655533501828,3356.3953664550886
Aur,Micronesia,Anous_minutus,2374.8996459911214,851.5660949356668,7195.57683633418
Beautemps-Beaupre,Melanesia,Anous_minutus,3842.121399714816,1205.6004264372527,12262.317953122318
Egum,Melanesia,Anous_minutus,4870.670256807279,1457.7139566086719,13837.959175854221
Etal,Micronesia,Anous_minutus,412.9765421081286,135.47116691476322,1223.2910793117608
Fakahina,Polynesia,Anous_minutus,267.55405490590147,89.07766802384872,753.1231745053951
Fakaofo,Polynesia,Anous_minutus,618.7301588354458,220.14070009219432,1868.0958277948846
Fangatau,Polynesia,Anous_minutus,318.6439898220097,105.30553317148174,854.9869346022851
Hao,Polynesia,Anous_minutus,413.8828287577975,140.0453560024457,1306.0519651672967
Hereheretui,Polynesia,Anous_minutus,588.9885631486085,208.52844604906906,1620.0904755608583
Kapingamarangi,Micronesia,Anous_minutus,1672.9556971540842,528.9667119348004,4556.646232886021
Kauehi,Polynesia,Anous_minutus,635.7646190813464,229.63706886995314,1858.7691096309386
Kaukura,Polynesia,Anous_minutus,990.9082909599917,337.2616367749465,2817.802117833595
Lae,Micronesia,Anous_minutus,1342.8160822143445,526.9970770514025,4117.006745320575
Losap,Micronesia,Anous_minutus,1011.6302515569087,317.8711051670619,2819.6770849132013
Lukunor,Micronesia,Anous_minutus,603.9665238000123,180.14721212902072,1690.0132079079099
Maiana,Micronesia,Anous_minutus,4269.877858665357,1388.2409830863744,13747.026006579543
Majuro,Micronesia,Anous_minutus,2532.1807499190304,838.8647181408172,8007.416169404166
Manihi,Polynesia,Anous_minutus,835.1306861490316,291.5854391619518,2355.728141107744
Manihiki,Polynesia,Anous_minutus,415.9961053131356,133.14572403080692,1131.4271196583559
Marakei,Micronesia,Anous_minutus,2953.54252365773,1017.7277384840002,9846.081621449175
Maria_Est,Polynesia,Anous_minutus,118.26632318089878,42.943150951229825,358.6830904591065
Marutea_Sud,Polynesia,Anous_minutus,411.9101165222885,150.10732012206432,1283.7775391523182
Mataiva,Polynesia,Anous_minutus,830.9131443283018,317.75723534437105,2554.7384327432346
Matureivavao,Polynesia,Anous_minutus,132.52075662782968,46.472794918045885,384.81828421517923
Mili,Micronesia,Anous_minutus,2951.5232601268526,1046.4789460243749,9408.938246941805
Mokil,Micronesia,Anous_minutus,927.1532654550506,366.9508119607847,3156.6918452056316
Moruroa,Polynesia,Anous_minutus,308.30668765777926,103.6467269141374,860.2776276429718
Namoluk,Micronesia,Anous_minutus,961.9367227839998,314.13623133924597,2705.3974295244575
Namu,Micronesia,Anous_minutus,3695.7539341373717,1299.0018003612631,10991.48498571417
Nengonengo,Polynesia,Anous_minutus,363.11943651382626,128.66587544858018,1026.2446711191433
Niau,Polynesia,Anous_minutus,626.8376105167965,219.55422998893957,1689.798098387354
Ninigo,Melanesia,Anous_minutus,6251.116095295755,1986.1033371791927,20501.22520039807
Niutao,Polynesia,Anous_minutus,941.4431792548298,314.23819941147,2672.122839731501
Nonouti,Micronesia,Anous_minutus,3271.8859803571872,1008.8439778167374,9189.641106445162
Nuguria,Melanesia,Anous_minutus,5414.710837186382,1625.7082935996716,17792.725178833334
Nukapu,Melanesia,Anous_minutus,939.1948832382797,283.82536500657295,2915.2748653064355
Nukulaelae,Polynesia,Anous_minutus,1373.0081357789052,437.80759755438845,3640.2807098669928
Nukumanu,Melanesia,Anous_minutus,5671.099447005667,1705.471798845873,17318.883535860925
Nukuoro,Micronesia,Anous_minutus,1403.0094840037823,428.29364540629035,4028.4545355539713
Nukutepipi,Polynesia,Anous_minutus,165.8842022254009,64.45978805926603,511.3526359406355
Onotoa,Micronesia,Anous_minutus,2143.4918670056954,715.3514282208508,6328.797500326953
Ontong_Java,Melanesia,Anous_minutus,9706.811206575865,2706.8455868289475,29711.586015979097
Oroluk,Micronesia,Anous_minutus,1473.3266445122301,480.47845751191164,4229.750830737504
Pakin,Micronesia,Anous_minutus,678.9111798691467,205.85130270475193,2096.327419383498
Paraoa,Polynesia,Anous_minutus,195.08104519592098,73.89275184451698,591.9665213097645
Pinaki,Polynesia,Anous_minutus,162.83680408976565,57.62226458085848,469.93232498550543
Pingelap,Micronesia,Anous_minutus,956.8178785650379,333.79107975251543,2965.4368878584582
Pukapuka,Polynesia,Anous_minutus,391.41583482397687,153.5898206105857,1267.500509189994
Pukarua,Polynesia,Anous_minutus,210.38345122128234,71.62835734794375,629.0609385264172
Rakahanga,Polynesia,Anous_minutus,331.2602104775758,117.75966415079479,960.005740333738
Rangiroa,Polynesia,Anous_minutus,895.4860232587492,301.1054212435013,3030.298142429144
Raroia,Polynesia,Anous_minutus,503.0258264859772,172.22179704837367,1516.801450141253
Reao,Polynesia,Anous_minutus,220.65284046619558,74.59200485209277,682.6126180344208
Reitoru,Polynesia,Anous_minutus,341.8842249221478,121.65488413867189,940.4270404299515
Rongelap,Micronesia,Anous_minutus,1781.1372496895772,597.5216235421861,5120.212165435757
Rongerik,Micronesia,Anous_minutus,1125.1588678149803,401.804100585913,3197.9841187924503
Sapwuahfik,Micronesia,Anous_minutus,1048.6115439939376,324.0119697140528,2819.9453471868
Satawan,Micronesia,Anous_minutus,836.781267175553,238.55497444490499,2347.582912484366
Tabiteuea,Micronesia,Anous_minutus,3401.7629831080317,1002.0292145899194,9448.475171823364
Taiaro,Polynesia,Anous_minutus,382.4087186236764,145.4719154031909,1147.1114620857495
Takapoto,Polynesia,Anous_minutus,528.2065351475862,190.82783460840267,1570.254571870935
Takume,Polynesia,Anous_minutus,274.7794700849488,98.41767620808483,827.2177197765707
Tarawa,Micronesia,Anous_minutus,4572.3768413283515,1380.6110709442535,15181.350517684428
Tatakoto,Polynesia,Anous_minutus,359.4357793123274,110.01620367851251,974.2561466730386
Teraina,Polynesia,Anous_minutus,1523.590347952654,533.5358735518597,4619.047389663355
Tetiaroa,Polynesia,Anous_minutus,415.1134549203011,134.56385025835485,1115.4840360101987
Tikehau,Polynesia,Anous_minutus,820.838747706285,262.95323903451964,2388.731499941266
Tongareva,Polynesia,Anous_minutus,1395.030435934872,468.4895355228151,3884.92206896725
Ujae,Micronesia,Anous_minutus,1911.4508470696376,635.8910035381965,5174.820017457215
Ujelang,Micronesia,Anous_minutus,1420.2039621837157,459.0810858529836,3860.133404797823
Ulithi,Micronesia,Anous_minutus,4489.7859785020255,1226.7796587712778,13463.180927394753
Vairaatea,Polynesia,Anous_minutus,325.6056245840513,115.4908289938944,880.2504919072569
Vaitupu,Polynesia,Anous_minutus,648.4737138419557,227.61329799471375,1930.8484299517418
Wailagilala,Melanesia,Anous_minutus,2618.317847530584,786.4540479956888,7728.92936897334
Wotho,Micronesia,Anous_minutus,1830.765758460171,669.2771856607054,5305.354468333845
Wotje,Micronesia,Anous_minutus,1735.6136473806437,560.5657607023791,5069.064751293548
Cocos,Indian_Ocean,Anous_tenuirostris,1677.3798542335267,262.7464520428239,9135.356878490195
Apataki,Polynesia,Anous_ceruleus,19.760962999242157,5.182709355195931,83.34211179306848
Aratika,Polynesia,Anous_ceruleus,19.5094252878608,5.6312163845639285,70.66989259451013
Hao,Polynesia,Anous_ceruleus,12.982616354348167,3.175108893089792,61.41129699404818
Maria_Est,Polynesia,Anous_ceruleus,20.853097833807166,5.976841333036089,90.67414687814289
Rangiroa,Polynesia,Anous_ceruleus,13.03573134223421,2.3972553028580657,62.028412494931395
Raroia,Polynesia,Anous_ceruleus,12.825560898105739,3.0815506894380955,53.92478658238435
Scilly,Polynesia,Anous_ceruleus,10.533632420682823,2.885737380044357,38.44836588003497
Tabuaeran,Polynesia,Anous_ceruleus,34.18151346015393,8.573277001779637,111.44243464335155
Teraina,Polynesia,Anous_ceruleus,28.860985597391522,8.341743218634338,116.85816819287751
Tikehau,Polynesia,Anous_ceruleus,16.354105059324468,3.5093245227346324,71.0974089178175
Tongareva,Polynesia,Anous_ceruleus,12.93742192579507,4.176572289414044,45.89729981711707
Abemama,Micronesia,Gygis_alba,455.4234191427185,154.68518603215358,1346.0672910823446
Addu,Indian_Ocean,Gygis_alba,556.9730340250732,192.66073227822196,1878.0207510115815
Ailuk,Micronesia,Gygis_alba,979.5861012013172,326.9447705521176,2783.655921910342
Anaa,Polynesia,Gygis_alba,686.8460580598191,248.36796163113516,2022.3881589075988
Ant,Micronesia,Gygis_alba,105.6776045675799,31.640498562352764,385.72851092537417
Anuanuraro,Polynesia,Gygis_alba,352.0522318496252,130.41413269043665,1007.7953741016656
Anuanurunga,Polynesia,Gygis_alba,300.9610959196083,106.26939352375906,852.8049050105336
Apataki,Polynesia,Gygis_alba,409.4658400445086,140.21788656935473,1224.5204578837506
Aranuka,Micronesia,Gygis_alba,343.9311998698118,116.32423989588011,1048.5067105895039
Aratika,Polynesia,Gygis_alba,440.30252721816066,156.60218919087032,1278.364378430069
Arno,Micronesia,Gygis_alba,467.77797005306314,160.5023521326163,1395.1516743425348
Aur,Micronesia,Gygis_alba,497.7978542932366,183.07153629080335,1515.6532652855103
Beautemps-Beaupre,Melanesia,Gygis_alba,38.15244348839064,10.972618944629652,141.59717952632198
Fakahina,Polynesia,Gygis_alba,1053.3720923363549,371.7783155968234,2956.93241636085
Fakaofo,Polynesia,Gygis_alba,472.8729394620796,169.15047649703737,1417.524505386583
Hao,Polynesia,Gygis_alba,1755.8993971632945,602.4490987052844,5378.619311323189
Hereheretui,Polynesia,Gygis_alba,572.7423599803151,212.96021890496914,1587.7883834750503
Kapingamarangi,Micronesia,Gygis_alba,576.2046920528855,191.3872363604278,1693.22528883462
Kauehi,Polynesia,Gygis_alba,514.5565783925315,167.32039760841934,1389.7260246477188
Kaukura,Polynesia,Gygis_alba,376.8064687108155,129.07814221918636,1078.2993506880239
Lae,Micronesia,Gygis_alba,407.6274308746813,150.8344960328814,1210.6286693022823
Likiep,Micronesia,Gygis_alba,901.0059853324792,295.0323321716238,2476.4055195748324
Lukunor,Micronesia,Gygis_alba,190.03504218031895,61.83180754689018,594.4305093586349
Maiana,Micronesia,Gygis_alba,316.1353167712396,96.31136709205413,897.4155737646937
Majuro,Micronesia,Gygis_alba,431.95242168184353,154.87620725064596,1410.67295160894
Manihi,Polynesia,Gygis_alba,505.9553151067896,158.14854344175808,1305.2021732607373
Manihiki,Polynesia,Gygis_alba,674.0856329451341,233.93317996867418,1970.7856662090328
Marakei,Micronesia,Gygis_alba,251.64465321086945,83.87912631334785,786.9277481400441
Maria_Est,Polynesia,Gygis_alba,643.3965497384388,233.01406024987514,1917.2901092893458
Marutea_Sud,Polynesia,Gygis_alba,1160.874288758828,390.33091781883894,3282.8205162283743
Mataiva,Polynesia,Gygis_alba,340.98769833770587,114.94028758882557,910.8706696735787
Matureivavao,Polynesia,Gygis_alba,452.9757838458741,172.45817347302287,1428.9258940941481
Mili,Micronesia,Gygis_alba,622.0548294549627,208.85286183706728,1870.406620772789
Mokil,Micronesia,Gygis_alba,207.57124837561378,70.3322973190288,623.1244241701113
Moruroa,Polynesia,Gygis_alba,957.9349120975901,326.73957834512794,2706.060412834878
Motu_One,Polynesia,Gygis_alba,229.45186580148663,78.98219348409835,634.0731802414863
Namoluk,Micronesia,Gygis_alba,179.00936684061494,53.548566928941945,478.0644016085984
Namu,Micronesia,Gygis_alba,523.843971834102,195.6631026125809,1649.3679400847534
Napuka,Polynesia,Gygis_alba,1212.9619589768033,434.53485964930087,3530.6569959899202
Nengonengo,Polynesia,Gygis_alba,900.9484268154996,346.12571068991195,2698.649975877433
Ngcheangel,Micronesia,Gygis_alba,29.583114730387283,8.105362703741319,95.81153455131049
Niau,Polynesia,Gygis_alba,216.3410128744224,82.96453631458732,659.4585205061828
Ninigo,Melanesia,Gygis_alba,121.95623865524821,39.83496813460201,396.58475431054165
Niutao,Polynesia,Gygis_alba,180.18084346886778,62.18880281276062,527.3729782625232
Nonouti,Micronesia,Gygis_alba,714.0256132242547,228.56758819526573,2007.0243835563347
Nuguria,Melanesia,Gygis_alba,51.245614866080906,15.955029773417806,174.0141708000156
Nukapu,Melanesia,Gygis_alba,32.81126171842813,10.23056057273315,105.30908065965171
Nukulaelae,Polynesia,Gygis_alba,256.42289190941193,92.2723572342202,753.8912812170013
Nukumanu,Melanesia,Gygis_alba,132.20781358504522,43.22644939344241,430.68650356913787
Nukutepipi,Polynesia,Gygis_alba,337.9721449560208,109.7993383776149,857.0098821014652
Onotoa,Micronesia,Gygis_alba,714.7689007364779,205.33450264212897,1856.5189615875922
Ontong_Java,Melanesia,Gygis_alba,162.02965429468483,50.076055291756845,512.6063449678647
Oroluk,Micronesia,Gygis_alba,128.36490988416574,38.45371279852106,351.08936263200343
Pakin,Micronesia,Gygis_alba,115.63793953279357,35.66332634040344,395.2150912471754
Palmerston,Polynesia,Gygis_alba,509.8761845010398,192.39688928205615,1588.093723777698
Pinaki,Polynesia,Gygis_alba,386.5862958710647,123.59438116177323,978.695167872491
Pingelap,Micronesia,Gygis_alba,208.4902407158829,68.60016372369363,632.6891159329376
Pukapuka,Polynesia,Gygis_alba,481.19078953736533,169.96365456042568,1422.9682274188292
Puka-Puka,Polynesia,Gygis_alba,1144.5188467479527,394.4019423299921,3114.6319172011913
Pukarua,Polynesia,Gygis_alba,1580.940947402951,507.1653649308168,4340.5327634569085
Rakahanga,Polynesia,Gygis_alba,466.6662981905271,159.48037913542242,1314.6752507224173
Rangiroa,Polynesia,Gygis_alba,632.2137202031942,180.0194100891466,1707.5796776090526
Raroia,Polynesia,Gygis_alba,1183.0778438827538,398.120088292581,3447.5499539574416
Reao,Polynesia,Gygis_alba,2061.3206296411313,667.076772786836,5834.789994526959
Rongelap,Micronesia,Gygis_alba,950.1974692485701,356.26602788587655,2979.3066544116873
Sapwuahfik,Micronesia,Gygis_alba,267.21835353507913,86.69057440551357,814.8407876213972
Satawan,Micronesia,Gygis_alba,242.71805822152726,76.43740432233392,738.6252696684024
Tabiteuea,Micronesia,Gygis_alba,1138.1759273880625,426.5337381373265,3929.7274180935174
Taiaro,Polynesia,Gygis_alba,430.46125389210937,150.2643405955456,1180.8096683474978
Takapoto,Polynesia,Gygis_alba,374.81332019536103,146.1554364255283,1221.0574007771147
Takume,Polynesia,Gygis_alba,683.4180475400478,245.45022965519902,2034.8999447871704
Tarawa,Micronesia,Gygis_alba,260.1892719738796,84.18516369577023,892.6849376413485
Temitangi,Polynesia,Gygis_alba,1190.6918558324317,441.34719466133845,3609.6051720826854
Tetiaroa,Polynesia,Gygis_alba,299.7678662120432,102.8124918274687,885.5154518383664
Tikehau,Polynesia,Gygis_alba,373.5335535079193,130.22521003081022,1170.1703203907236
Tongareva,Polynesia,Gygis_alba,881.6479021671797,325.9791893924958,2710.5884109084473
Tupai,Polynesia,Gygis_alba,194.64821791319488,64.92175862121172,633.3635060749647
Tureia,Polynesia,Gygis_alba,1108.5249868146223,369.4604934362449,2983.6110664597086
Ujae,Micronesia,Gygis_alba,396.71116266431176,128.08537957631427,1056.063544444015
Ujelang,Micronesia,Gygis_alba,625.7478815025067,209.83076557173123,1751.0942443632255
Ulithi,Micronesia,Gygis_alba,120.17452409534636,39.221573295861205,426.17867886505485
Utirik,Micronesia,Gygis_alba,489.6350240363127,168.63477492760367,1457.3448032083038
Vairaatea,Polynesia,Gygis_alba,646.2456925232026,238.9499436229952,1829.9554625047872
Vaitupu,Polynesia,Gygis_alba,299.4563816950616,91.53986181950847,773.619055422339
Vanavana,Polynesia,Gygis_alba,612.7335043345581,234.42159724274921,1866.5475639656288
Wailagilala,Melanesia,Gygis_alba,51.966107853538986,16.4269888842804,181.51117956667204
Wotho,Micronesia,Gygis_alba,575.0146591844867,193.7724761575999,1592.756539463695
Wotje,Micronesia,Gygis_alba,615.8216516987173,191.4341652725248,1687.9188822300857
Ailuk,Micronesia,Onychoprion_fuscatus,19531.54022145579,6415.880817822564,59014.276224226145
Apataki,Polynesia,Onychoprion_fuscatus,116584.28292135597,35190.60790690085,366006.6024577645
Aranuka,Micronesia,Onychoprion_fuscatus,26843.29698719973,9085.897340229802,97650.54002793951
Astove,Indian_Ocean,Onychoprion_fuscatus,82574.07936688431,26270.998102865695,233831.26538641014
Beautemps-Beaupre,Melanesia,Onychoprion_fuscatus,43805.212401399855,11889.057075908728,140861.5235700018
Bikini,Micronesia,Onychoprion_fuscatus,31391.75216927777,11661.386847052245,101609.48650535617
Birnie,Polynesia,Onychoprion_fuscatus,26970.140467196958,8185.742978070575,72377.3261034065
Butaritari,Micronesia,Onychoprion_fuscatus,7207.558122916549,2171.7070308460097,24407.609946791257
Funafuti,Polynesia,Onychoprion_fuscatus,2852.7885216291775,856.234953333462,8605.687835293034
Huon,Melanesia,Onychoprion_fuscatus,54020.03146444035,15054.097491818573,171072.77190649387
Jaluit,Micronesia,Onychoprion_fuscatus,16984.390921103786,5056.314793283467,52848.03062946029
Jemo,Micronesia,Onychoprion_fuscatus,4149.593124672438,1457.25390720324,13785.411230960175
Kuria,Micronesia,Onychoprion_fuscatus,16106.101308980868,4354.250096407673,46961.001626906705
Marutea_Sud,Polynesia,Onychoprion_fuscatus,48649.52940823237,16123.788389913545,151785.59101856497
Ngcheangel,Micronesia,Onychoprion_fuscatus,2506.8088104972912,827.4580248012963,9837.83432486989
Nonouti,Micronesia,Onychoprion_fuscatus,25353.718412270653,7525.3903971234495,82292.17574484501
Oeno,Polynesia,Onychoprion_fuscatus,10812.17958647921,3450.649438987725,32327.626577398
Onotoa,Micronesia,Onychoprion_fuscatus,19372.833662561774,6188.194791260579,64236.72581858112
Ontong_Java,Melanesia,Onychoprion_fuscatus,3211.918561530947,854.861240903631,14092.262258163924
Pukapuka,Polynesia,Onychoprion_fuscatus,1785.99758654152,584.2614782525301,5335.2901356480525
Rangiroa,Polynesia,Onychoprion_fuscatus,100940.75605994568,25701.168203328307,338354.8720283934
Rongerik,Micronesia,Onychoprion_fuscatus,34637.69373668732,12221.15099097428,105674.85698210793
Tabuaeran,Polynesia,Onychoprion_fuscatus,42992.196477593876,13027.796494046277,130166.73581071696
Takaroa,Polynesia,Onychoprion_fuscatus,43908.10045690683,14712.63266178452,136217.99575946454
Tetiaroa,Polynesia,Onychoprion_fuscatus,6328.022289856672,2015.6484551473625,18896.921792008783
Tongareva,Polynesia,Onychoprion_fuscatus,14913.470833668836,5761.154257353474,50788.23315750972
Ujelang,Micronesia,Onychoprion_fuscatus,15802.60640583793,5030.933385807452,44728.45461733851
Vaitupu,Polynesia,Onychoprion_fuscatus,1582.6367926312755,526.380166218076,4708.082342948965
Bikar,Micronesia,Onychoprion_lunatus,111.00523343465382,26.763027955070967,508.3764654293917
Bokaak,Micronesia,Onychoprion_lunatus,161.1419047202228,34.048766763742535,683.6905531401253
Manihi,Polynesia,Onychoprion_lunatus,480.757347352967,110.86931379578836,2054.388797809893
Nonouti,Micronesia,Onychoprion_lunatus,189.4291569097375,35.37471292552857,1146.2283551854073
Rangiroa,Polynesia,Onychoprion_lunatus,433.7360800261069,67.97560769375339,3036.0985230828082
Starbuck,Polynesia,Onychoprion_lunatus,2446.717087661349,838.5009561779547,7774.373976306739
Tabiteuea,Micronesia,Onychoprion_lunatus,281.0769337488902,53.44310999783251,1777.254385205336
Tetiaroa,Polynesia,Onychoprion_lunatus,116.05613059462694,26.53666708072543,535.1592081004871
Tikehau,Polynesia,Onychoprion_lunatus,413.4938359436902,70.44849231267254,2269.9070036182843
Cosmoledo,Indian_Ocean,Onychoprion_anaethetus,39.27194336469751,7.919554254938606,173.90679810429225
Beautemps-Beaupre,Melanesia,Sternula_nereis,83.01965227199665,15.689970705055712,511.2517969374552
Huon,Melanesia,Sternula_nereis,83.03270283683119,13.86366146428554,439.54073771822
Surprise,Melanesia,Sternula_nereis,102.80836844274063,23.248604887143234,631.8143344706049
Astove,Indian_Ocean,Hydroprogne_caspia,19.714334692800342,3.789391966375308,69.83312392915508
Addu,Indian_Ocean,Sterna_sumatrana,56.08860729437003,18.623152105238617,197.20479984843968
Ailuk,Micronesia,Sterna_sumatrana,57.06364952069153,17.497086073806663,153.70349934690634
Aranuka,Micronesia,Sterna_sumatrana,39.047135016880304,10.651555109188596,127.99249777829229
Arno,Micronesia,Sterna_sumatrana,37.61498267207218,11.210617301402946,115.52369023300629
Aur,Micronesia,Sterna_sumatrana,45.634661721097075,15.13176062031476,132.86952766373395
Conflict,Melanesia,Sterna_sumatrana,45.06150068139592,11.481712595843709,144.1691721535925
Faadhippolhu,Indian_Ocean,Sterna_sumatrana,72.04205762755734,20.911095958944774,269.3364724781288
Kapingamarangi,Micronesia,Sterna_sumatrana,33.88214175009655,10.739877166423982,104.82140208832793
Lukunor,Micronesia,Sterna_sumatrana,22.95519408174067,5.961783388982015,68.37653587138402
Maiana,Micronesia,Sterna_sumatrana,42.475275089374534,11.19137484818533,166.53553940012782
Majuro,Micronesia,Sterna_sumatrana,36.22608701711267,11.51197251764472,123.13555283627608
Manihiki,Polynesia,Sterna_sumatrana,53.60541028293706,14.736670679721529,158.54419751011264
Namoluk,Micronesia,Sterna_sumatrana,31.405952060786426,10.236360299359786,100.01011905813965
Namu,Micronesia,Sterna_sumatrana,56.47312847598896,18.440053499160193,168.63993206391535
Ninigo,Melanesia,Sterna_sumatrana,42.65384412571423,11.890806997416846,182.2640381529533
Nonouti,Micronesia,Sterna_sumatrana,43.956194152513724,14.637351086598603,167.41112634398425
Nuguria,Melanesia,Sterna_sumatrana,44.72909346611211,12.611256981985168,207.69599786148498
Nukumanu,Melanesia,Sterna_sumatrana,46.38075861192268,11.987181226697295,172.74100980392092
Nukuoro,Micronesia,Sterna_sumatrana,32.08105171040535,11.432530744055676,120.81411829862886
Onotoa,Micronesia,Sterna_sumatrana,42.774408983288616,13.32429092418692,148.28395684291257
Ontong_Java,Melanesia,Sterna_sumatrana,46.57424559138534,11.399079566209348,191.1094779174275
Oroluk,Micronesia,Sterna_sumatrana,45.60666885454993,13.365650211101013,143.65074675926243
Pakin,Micronesia,Sterna_sumatrana,21.903041696249083,5.54012500762482,77.37207456452866
Qelelevu,Melanesia,Sterna_sumatrana,64.58057163298999,19.658985176487462,226.88947605977015
Rakahanga,Polynesia,Sterna_sumatrana,49.52354498082022,16.53048014810764,174.95736555095374
Rongelap,Micronesia,Sterna_sumatrana,49.6138463963692,17.925391522118545,168.9691609398558
Sapwuahfik,Micronesia,Sterna_sumatrana,28.703588359784877,9.971437493578625,101.70749036327805
Satawan,Micronesia,Sterna_sumatrana,24.498012057768648,7.048838254804821,91.98199056194328
Takuu,Melanesia,Sterna_sumatrana,47.70064732744383,12.51650043166668,177.13796423455074
Tarawa,Micronesia,Sterna_sumatrana,34.49066098105931,7.919592133498104,156.4686286703681
Tongareva,Polynesia,Sterna_sumatrana,77.15977638812724,25.380755959789315,288.3607489101507
Ujae,Micronesia,Sterna_sumatrana,54.11856318159778,19.78930675573364,161.16560044703212
Ujelang,Micronesia,Sterna_sumatrana,56.01170265815412,19.581292336609835,171.4264769795991
Ulithi,Micronesia,Sterna_sumatrana,59.238913411880326,16.905805427338443,208.64126642026662
Vaitupu,Polynesia,Sterna_sumatrana,47.09589654831358,12.716316886458822,140.7032875280329
Wotho,Micronesia,Sterna_sumatrana,51.674026524630634,19.46625472961493,159.323609098165
Abemama,Micronesia,Thalasseus_bergii,38.42222005431311,13.172859523970699,133.74341063747042
Ailuk,Micronesia,Thalasseus_bergii,56.9074631019748,20.062162398225098,181.44749021267043
Apataki,Polynesia,Thalasseus_bergii,22.624378002790202,7.58136223470546,75.99982142232757
Aranuka,Micronesia,Thalasseus_bergii,39.817124330636695,12.379040953978526,133.97251384753653
Arno,Micronesia,Thalasseus_bergii,44.61479547014194,12.835426725413384,137.3148814423788
Astove,Indian_Ocean,Thalasseus_bergii,75.32340086440301,24.588168452535903,235.25272850965635
Aur,Micronesia,Thalasseus_bergii,45.87546045194743,15.360487044709702,138.23980446990672
Lae,Micronesia,Thalasseus_bergii,66.45448809703853,23.896240155006414,194.591035329838
Lukunor,Micronesia,Thalasseus_bergii,40.70374007797183,11.572981274581949,141.83538178174672
Majuro,Micronesia,Thalasseus_bergii,55.159575389477865,17.90471514412447,204.17276613098178
Manihi,Polynesia,Thalasseus_bergii,26.90531511229847,8.36448812172128,77.09314437101317
Marakei,Micronesia,Thalasseus_bergii,49.67603419224073,15.177115123258735,172.86808957456438
Mataiva,Polynesia,Thalasseus_bergii,32.08712585151672,11.251162385711707,99.39775061837678
Mili,Micronesia,Thalasseus_bergii,50.617368306772164,17.516261484659335,182.3469002887325
Moruroa,Polynesia,Thalasseus_bergii,24.956777233764345,8.693623549255227,87.81669138756367
Namoluk,Micronesia,Thalasseus_bergii,83.14152780443327,27.50750992703345,261.9878458725202
Ngcheangel,Micronesia,Thalasseus_bergii,90.64586795275369,27.33387646812492,368.3636165385356
Ninigo,Melanesia,Thalasseus_bergii,92.0572451728008,24.807670389009928,417.3598832274978
Nonouti,Micronesia,Thalasseus_bergii,38.058351658974075,12.59890658611692,121.62294102905602
Nuguria,Melanesia,Thalasseus_bergii,145.2069482674389,33.42303283526216,607.725827051372
Nukumanu,Melanesia,Thalasseus_bergii,102.40260285744084,25.754764303857108,385.40572931338176
Nukuoro,Micronesia,Thalasseus_bergii,102.12507364197874,29.30765818937853,319.02612183512724
Onotoa,Micronesia,Thalasseus_bergii,44.1977615846679,14.249135598073778,142.3402085974357
Ontong_Java,Melanesia,Thalasseus_bergii,70.68059636440972,17.958546262567477,313.08985911276204
Pakin,Micronesia,Thalasseus_bergii,34.76807591120131,10.259085900882464,145.105180965749
Rangiroa,Polynesia,Thalasseus_bergii,10.748673653841863,2.8804016358309643,39.306637181855145
Rongelap,Micronesia,Thalasseus_bergii,20.269256714102596,6.766670518413288,63.6379468076401
Sapwuahfik,Micronesia,Thalasseus_bergii,69.67465336698284,21.530775751497284,226.2834803746042
Satawan,Micronesia,Thalasseus_bergii,34.78724708673597,9.03130021911016,124.28506148037663
Tabiteuea,Micronesia,Thalasseus_bergii,28.70059221670363,8.646614503341013,84.74065182681002
Takuu,Melanesia,Thalasseus_bergii,160.25985482413904,39.43854124669296,605.2188815988292
Tarawa,Micronesia,Thalasseus_bergii,19.898591273923596,4.858860939680627,74.76194656485784
Tikehau,Polynesia,Thalasseus_bergii,15.523447428375453,4.580361733772069,51.17001331741528
Ujae,Micronesia,Thalasseus_bergii,68.011588474959,23.349064132225003,198.13964465673928
Ujelang,Micronesia,Thalasseus_bergii,51.888304672331984,19.456192524669067,173.68662705344235
Ulithi,Micronesia,Thalasseus_bergii,72.22667006976566,18.570751819984594,237.81838782014583
Utirik,Micronesia,Thalasseus_bergii,35.242741519444245,10.81036236309898,108.92400048709524
Wotho,Micronesia,Thalasseus_bergii,63.792786954720384,21.510590328528544,174.28226350462245
Addu,Indian_Ocean,Phaethon_lepturus,16.13495504888021,4.707739720632648,50.071577265522
Bokaak,Micronesia,Phaethon_lepturus,6.534228323733577,2.0902030019432187,23.449768865999225
Jaluit,Micronesia,Phaethon_lepturus,15.159353300407087,3.5592831578095616,59.272148787316326
Kilinailau,Melanesia,Phaethon_lepturus,16.697864319153478,3.385664116866423,95.67132713044705
Lukunor,Micronesia,Phaethon_lepturus,1.7579999676898612,0.45473488651452715,7.952440129663137
Manihiki,Polynesia,Phaethon_lepturus,3.5663761759388524,1.137309202371171,12.838193413638503
Namoluk,Micronesia,Phaethon_lepturus,1.9063750761461522,0.48933560576337715,7.4025299102954385
Niutao,Polynesia,Phaethon_lepturus,7.5042050078625175,2.1420395331008955,23.964949554316885
Nuguria,Melanesia,Phaethon_lepturus,19.162722495327326,3.6725096279576492,99.71842609164912
Nukapu,Melanesia,Phaethon_lepturus,3.298367899226933,0.5776084479819917,19.183691193325945
Nukulaelae,Polynesia,Phaethon_lepturus,4.779955643154529,1.4362622133197742,16.94582324673796
Nukumanu,Melanesia,Phaethon_lepturus,22.42155388161984,4.776156422591824,102.30939503322895
Nukuoro,Micronesia,Phaethon_lepturus,1.3934547199189107,0.38687505662128974,5.8496636250565635
Ontong_Java,Melanesia,Phaethon_lepturus,27.681008314648363,4.852330479816366,128.93151949678222
Pukapuka,Polynesia,Phaethon_lepturus,1.8103560073345761,0.525134859958636,5.877837858677738
Rakahanga,Polynesia,Phaethon_lepturus,3.3276227907341167,1.085536637382019,11.398621757621108
Sapwuahfik,Micronesia,Phaethon_lepturus,1.2747517794564287,0.32681492204685914,5.4757869270326065
Satawan,Micronesia,Phaethon_lepturus,2.150145780708846,0.4607416011479882,8.57031554323195
Takuu,Melanesia,Phaethon_lepturus,14.196858863784536,3.0661277397628193,67.27990252833649
Tongareva,Polynesia,Phaethon_lepturus,14.564277212129108,4.683174063497117,48.37729438018678
Ulithi,Micronesia,Phaethon_lepturus,10.712228357603635,2.068557645029215,66.57147506353515
Utirik,Micronesia,Phaethon_lepturus,7.169946377809856,2.036754717298363,24.156471860697415
Vaitupu,Polynesia,Phaethon_lepturus,4.1784164612419366,1.141321462576357,11.847260885395334
Anuanuraro,Polynesia,Phaethon_rubricauda,202.27795431739773,72.46863140405867,556.6144100424079
Anuanurunga,Polynesia,Phaethon_rubricauda,185.16357140610364,61.00838917171317,501.5187093579735
Atafu,Polynesia,Phaethon_rubricauda,25.030663199951416,7.8409506567691665,71.565147099851
Chesterfield,Melanesia,Phaethon_rubricauda,48.887675088910555,13.773595618959039,182.1670057495112
Erikub,Micronesia,Phaethon_rubricauda,21.52644154017194,6.0858533984491165,63.03861821026328
Fakaofo,Polynesia,Phaethon_rubricauda,25.41748677622575,9.073339547624721,84.62837103015863
Manihiki,Polynesia,Phaethon_rubricauda,52.25396759094444,16.840483979260043,160.33082677200855
Maria_Est,Polynesia,Phaethon_rubricauda,246.8650283992896,92.51447949725895,792.1775816227519
Mataiva,Polynesia,Phaethon_rubricauda,78.44286724383733,25.19598002095925,222.6587620092755
Matureivavao,Polynesia,Phaethon_rubricauda,213.53720588694176,76.23629603463921,645.0988067577548
Moruroa,Polynesia,Phaethon_rubricauda,464.69138135121636,156.4891491616807,1368.5513998994516
Nukutepipi,Polynesia,Phaethon_rubricauda,202.58054052323885,73.32877901399867,587.1042064824038
Onotoa,Micronesia,Phaethon_rubricauda,20.78330790148096,6.14910078482774,68.50929038437786
Palmerston,Polynesia,Phaethon_rubricauda,121.63330895503837,40.14057362217289,347.81602521157214
Raroia,Polynesia,Phaethon_rubricauda,144.57713042381602,42.57289867610956,454.1350471741635
Temitangi,Polynesia,Phaethon_rubricauda,388.27364766670365,127.50047451018027,1113.8018349242163
Tongareva,Polynesia,Phaethon_rubricauda,76.31002553959046,23.18637928018859,203.99484124071748
Tabiteuea,Micronesia,Nesofregetta_fuliginosa,95.87272545611128,8.065448621130002,891.3846673880827
Maria_Est,Polynesia,Pterodroma_neglecta,44.6101145235069,11.875231060367375,134.1944194084019
Nengonengo,Polynesia,Pterodroma_neglecta,149.5146518908977,19.861511099783627,1095.0403802494152
Beautemps-Beaupre,Melanesia,Pterodroma_heraldica,2808.355260206669,209.1872820313055,73624.03953850012
Matureivavao,Polynesia,Pterodroma_heraldica,12333.515258423395,1771.8642616629324,68715.09513696021
Maria_Est,Polynesia,Pterodroma_ultima,386.1445738521314,127.40500073343016,1421.3460869598089
Matureivavao,Polynesia,Pterodroma_ultima,67.91836486972984,19.4335235164774,233.6317314102147
Morane,Polynesia,Pterodroma_ultima,3108.5616725851282,670.6199576150556,13405.498895937468
Moruroa,Polynesia,Pterodroma_ultima,71.50187991781695,12.655765930728093,545.9369805021278
Bokaak,Micronesia,Bulweria_bulwerii,1085.4506606478215,76.00083482843425,6619.828753751512
Ailuk,Micronesia,Ardenna_pacifica,231.68313286386444,70.37713168327303,853.1019713341217
Alphonse,Indian_Ocean,Ardenna_pacifica,129.77111196790085,33.007900565691706,516.1612306872521
Bikar,Micronesia,Ardenna_pacifica,286.04406241443576,81.62335040366914,931.2005683871034
Jaluit,Micronesia,Ardenna_pacifica,16.866992790409235,4.758036847057393,81.6813088407871
Rongelap,Micronesia,Ardenna_pacifica,242.23307655073575,55.56721447471199,843.5930037721569
Rongerik,Micronesia,Ardenna_pacifica,144.36104128678843,39.91575016288139,471.81160502575995
St_Francois,Indian_Ocean,Ardenna_pacifica,180.28407198302017,44.560761027685764,720.4682346559038
Ailuk,Micronesia,Puffinus_nativitatis,127.77700436986221,16.1570690218035,742.4118731095618
Bokaak,Micronesia,Puffinus_nativitatis,347.3588461711022,57.24159919000786,1939.2392293645132
Moruroa,Polynesia,Puffinus_nativitatis,265.81412410267774,57.62385850824195,1088.0558953078853
Ahunui,Polynesia,Fregata_ariel,523.952979099102,151.8565121738216,2034.51244380988
Anuanurunga,Polynesia,Fregata_ariel,498.65228637136653,155.5722299803839,1988.3628180892688
Erikub,Micronesia,Fregata_ariel,116.29075398722597,34.29019656692086,418.68035188913734
Jaluit,Micronesia,Fregata_ariel,79.00885921205672,22.011687275260083,312.51989385128115
Kaukura,Polynesia,Fregata_ariel,158.45403540985376,56.006612997121444,526.9594776666893
Maiana,Micronesia,Fregata_ariel,94.35814040431471,25.271967838210898,374.59099199423696
Maria_Est,Polynesia,Fregata_ariel,540.0197164720466,140.0331453746366,1987.2691988770598
Mataiva,Polynesia,Fregata_ariel,281.95907478356577,100.26682013203109,880.3008589118677
Mili,Micronesia,Fregata_ariel,36.84183636327261,9.79902556500022,123.19525596196328
Nengonengo,Polynesia,Fregata_ariel,353.56463456016496,111.89046888114441,1230.9477778615224
Nonouti,Micronesia,Fregata_ariel,94.26110101931319,29.836853448088338,375.78418446253784
Nuguria,Melanesia,Fregata_ariel,21.465180570147943,5.141268952364153,81.40079460938335
Nukapu,Melanesia,Fregata_ariel,59.717607721915996,18.020318822529994,235.10981523231817
Nukumanu,Melanesia,Fregata_ariel,50.374274510742325,14.661412600738252,201.4692829497533
Onotoa,Micronesia,Fregata_ariel,179.07533269312847,52.095112110400464,639.0487415122732
Paraoa,Polynesia,Fregata_ariel,534.8032166167978,173.53642330073492,2186.4338436773837
Pukapuka,Polynesia,Fregata_ariel,227.69625379545133,70.38133863509695,694.3251323382227
Scilly,Polynesia,Fregata_ariel,351.3485856343753,114.69201146457897,1041.9346155443332
Tabiteuea,Micronesia,Fregata_ariel,107.6962713658498,29.006127949009105,390.55015271966795
Tabuaeran,Polynesia,Fregata_ariel,232.12132296132293,68.18100864302646,722.8277281305835
Tarawa,Micronesia,Fregata_ariel,34.40643198375989,7.446953022896728,135.93715725157287
Tetiaroa,Polynesia,Fregata_ariel,179.5901607407375,57.86883630789172,563.987020540953
Tongareva,Polynesia,Fregata_ariel,316.957081891515,110.0410567184324,993.522688278058
Ulithi,Micronesia,Fregata_ariel,71.93587463701,17.55336568822242,307.01847956454446
Wailagilala,Melanesia,Fregata_ariel,509.8850054821803,180.85199027623275,1792.837775456
Ailinginae,Micronesia,Fregata_minor,127.56425519656288,47.257627732332814,400.4221509026271
Ailuk,Micronesia,Fregata_minor,184.95973634514738,62.8099485852438,535.2295295473907
Bikini,Micronesia,Fregata_minor,176.66856837893656,56.066610048828004,459.76939543665526
Kapingamarangi,Micronesia,Fregata_minor,54.563761920283724,17.002013104539575,151.00895598213876
Likiep,Micronesia,Fregata_minor,154.03742035902374,46.614239671742816,409.02740150026926
Lukunor,Micronesia,Fregata_minor,15.268771021562127,4.884486056925917,48.81977664966335
Maria_Est,Polynesia,Fregata_minor,144.72235132174745,47.58426844738314,389.22345111200485
Mataiva,Polynesia,Fregata_minor,154.29028196120774,53.985698487345466,436.0731693608023
Matureivavao,Polynesia,Fregata_minor,120.38128901521638,40.196410089154,341.8961406663871
Mili,Micronesia,Fregata_minor,60.834903529405416,20.241921196086572,188.38450564320607
Moruroa,Polynesia,Fregata_minor,276.3223417472519,91.21278193466449,767.6971869175283
Motu_One,Polynesia,Fregata_minor,152.76851230799636,50.70332792854526,413.2551382392128
Namoluk,Micronesia,Fregata_minor,28.194187661445625,9.332993788688125,81.9047584246166
Namu,Micronesia,Fregata_minor,119.77228948964353,39.089473719254784,335.836709651744
Nuguria,Melanesia,Fregata_minor,26.58388241030962,7.969551498838675,101.25463678265187
Nukapu,Melanesia,Fregata_minor,14.4082567908957,3.9938563153116604,45.251755757806265
Nukumanu,Melanesia,Fregata_minor,50.7284110709048,14.391903324717406,169.06595115571437
Nukutepipi,Polynesia,Fregata_minor,139.07957423675902,50.13549758830933,392.3047803968391
Onotoa,Micronesia,Fregata_minor,150.31554243803382,48.86433986161891,460.93127465135854
Oroluk,Micronesia,Fregata_minor,48.36146073976273,16.1632100921548,144.20099012955106
Rangiroa,Polynesia,Fregata_minor,107.92339795777829,31.932672355191304,331.99718557534777
Rongelap,Micronesia,Fregata_minor,179.87006977903954,57.491620814716235,511.5793197424723
Rongerik,Micronesia,Fregata_minor,154.57124684783776,51.81673162401106,443.69269557029907
Satawan,Micronesia,Fregata_minor,17.717920991667985,5.670576770407101,57.84118499670104
Scilly,Polynesia,Fregata_minor,165.79206287292513,54.266597024309284,432.87980607445354
Takuu,Melanesia,Fregata_minor,44.80046442062233,12.21958496578729,141.9998960339807
Teraina,Polynesia,Fregata_minor,160.29019892328907,54.77602335311529,488.46430503083445
Ujae,Micronesia,Fregata_minor,107.60929502437007,35.31151272073163,288.60220273641136
Ujelang,Micronesia,Fregata_minor,171.71903052678408,52.57906983071562,448.9694116473336
Wotho,Micronesia,Fregata_minor,132.07477698799974,45.073648976096045,364.1074956579059
Wotje,Micronesia,Fregata_minor,100.0039656815687,31.940186715338115,295.00478019730804
Maria_Est,Polynesia,Sula_dactylatra,52.845539666674334,19.550765624572676,174.45787337230675
Matureivavao,Polynesia,Sula_dactylatra,37.539597468338656,11.122439500279686,104.28668828990334
Nengonengo,Polynesia,Sula_dactylatra,43.57731120712875,13.995170630336599,128.64058834309188
Nukulaelae,Polynesia,Sula_dactylatra,46.18648736528353,14.096454470420863,132.89068100511113
Paraoa,Polynesia,Sula_dactylatra,67.58921575005725,25.266581665652165,215.71916716391596
Pukarua,Polynesia,Sula_dactylatra,28.90923188288285,8.940677807893733,89.3754925474962
Reitoru,Polynesia,Sula_dactylatra,100.96756737574218,34.054681269133845,269.2535395273189
Tetiaroa,Polynesia,Sula_dactylatra,28.526978523558945,8.312057388894695,88.3664597880557
Ailinginae,Micronesia,Sula_leucogaster,63.22254947660443,22.508609669313085,191.496634844317
Anuanuraro,Polynesia,Sula_leucogaster,14.14852872301166,4.629228801471714,39.09517100343346
Aratika,Polynesia,Sula_leucogaster,21.90870279867777,7.700085846400576,68.30856434839693
Bikar,Micronesia,Sula_leucogaster,45.33931558149516,13.726442039365613,126.65513862635025
Butaritari,Micronesia,Sula_leucogaster,141.01219350671073,47.66745259908918,489.0702549205558
Jemo,Micronesia,Sula_leucogaster,75.59465673841524,26.83758829989894,260.9090710640527
Kapingamarangi,Micronesia,Sula_leucogaster,66.974968915755,23.06775527684517,208.23693543721595
Kauehi,Polynesia,Sula_leucogaster,17.595330406463734,5.607024025734786,51.11443763042165
Kaukura,Polynesia,Sula_leucogaster,37.23780447924595,11.917038060707831,110.60080184715048
Kwajalein,Micronesia,Sula_leucogaster,289.6178194499478,88.41143112601935,840.4080128268901
Likiep,Micronesia,Sula_leucogaster,88.05856264167807,31.68252979718021,278.5910531479115
Majuro,Micronesia,Sula_leucogaster,63.41890554873188,15.83398283902435,167.5176565093579
Manihiki,Polynesia,Sula_leucogaster,11.11285117141641,4.027316140575342,36.361386382519825
Mataiva,Polynesia,Sula_leucogaster,46.3994831207442,16.321294946188107,140.93583693990996
Mili,Micronesia,Sula_leucogaster,78.0456377753635,21.985700834861735,221.27448926736167
Moruroa,Polynesia,Sula_leucogaster,13.08223806478188,4.398687966414243,41.026995151368276
Motu_One,Polynesia,Sula_leucogaster,60.645583025972144,20.71848856093943,178.84072186495735
Namoluk,Micronesia,Sula_leucogaster,65.64022110009888,22.346414168507927,193.12894555942864
Ninigo,Melanesia,Sula_leucogaster,82.11340444713262,21.255722907746396,239.56412098366036
Nonouti,Micronesia,Sula_leucogaster,110.66850825561485,36.089964542296315,367.00759068778325
Nuguria,Melanesia,Sula_leucogaster,83.5664563008486,24.30179729825312,302.77773653777956
Nukumanu,Melanesia,Sula_leucogaster,89.47561102431519,28.356387947445956,306.93158258588994
Oroluk,Micronesia,Sula_leucogaster,257.73312939317316,85.35805800430322,774.8253303109677
Puka-Puka,Polynesia,Sula_leucogaster,20.476105320335947,6.844999929779585,59.71007329092878
Rangiroa,Polynesia,Sula_leucogaster,12.570839409784213,3.5000756396515498,42.24277246692461
Raraka,Polynesia,Sula_leucogaster,15.43740540046404,5.125613115910766,48.227331266615444
Satawan,Micronesia,Sula_leucogaster,16.344525194729794,5.323676512337685,58.52958515870241
St_Joseph,Indian_Ocean,Sula_leucogaster,59.77981141428103,20.496951649992155,202.70691426940243
Starbuck,Polynesia,Sula_leucogaster,118.75892960784238,37.48723949622375,353.10332864044074
Tabiteuea,Micronesia,Sula_leucogaster,96.88417249066875,28.520004959037003,301.6903749584307
Tabuaeran,Polynesia,Sula_leucogaster,131.81342871084777,41.611923879365605,410.26869765103646
Tenararo,Polynesia,Sula_leucogaster,4.006329223887129,1.2936809343176867,13.236112704579266
Teraina,Polynesia,Sula_leucogaster,130.81408304473263,47.209696659738896,434.5209783181854
Tetiaroa,Polynesia,Sula_leucogaster,17.811818729692668,6.1455966959338095,55.69544543342216
Tikehau,Polynesia,Sula_leucogaster,20.396472798235365,6.2958562025812475,66.72393699573678
Tongareva,Polynesia,Sula_leucogaster,73.28681345258413,23.750304813044878,205.3522859850115
Ujae,Micronesia,Sula_leucogaster,158.69700604999096,53.7780883315093,437.2697429670684
Wailagilala,Melanesia,Sula_leucogaster,310.99957569763615,97.2898783803185,905.4211859475123
Ahe,Polynesia,Sula_sula,383.0441614500177,125.31163690423986,1066.0869110517515
Anuanurunga,Polynesia,Sula_sula,234.69990549517513,85.31624488514424,681.4096046300566
Aratika,Polynesia,Sula_sula,417.8169594349172,146.83027070252405,1228.04198588912
Beautemps-Beaupre,Melanesia,Sula_sula,1428.7713428771722,423.1306702249296,4255.502014449505
Butaritari,Micronesia,Sula_sula,697.5902729249398,204.28797124803086,1983.9375997038956
Hao,Polynesia,Sula_sula,629.3180572081671,189.521222696874,1769.35732296248
Kapingamarangi,Micronesia,Sula_sula,518.324365947675,176.99079462546175,1611.2231863988352
Kauehi,Polynesia,Sula_sula,423.4502213187253,154.9501210296434,1314.6877308610583
Kaukura,Polynesia,Sula_sula,501.25690575522395,180.7628647386346,1555.2858019371968
Likiep,Micronesia,Sula_sula,773.8447508389979,261.17214567699824,2331.543961005807
Lukunor,Micronesia,Sula_sula,166.25407339645037,55.02167854271983,547.5314564660464
Majuro,Micronesia,Sula_sula,531.3846304304258,156.51798806710855,1533.559427576315
Manihiki,Polynesia,Sula_sula,481.68719250170386,173.68299204384547,1453.5447283350957
Maria_Est,Polynesia,Sula_sula,234.83942885424517,72.65689121792282,601.1905530428415
Marutea_Sud,Polynesia,Sula_sula,717.3839096137269,254.81037753730135,2172.3768182255308
Mataiva,Polynesia,Sula_sula,467.82896111296077,153.37599959109647,1265.4623952008142
Matureivavao,Polynesia,Sula_sula,215.03236088457805,79.05219925245271,668.4955602035251
Mili,Micronesia,Sula_sula,688.5988088822623,222.4195348040111,2096.5149942267644
Moruroa,Polynesia,Sula_sula,525.4746250951254,181.9118052819961,1526.4866115595892
Motu_One,Polynesia,Sula_sula,437.5398217709156,137.66451154714628,1135.7027942143231
Namu,Micronesia,Sula_sula,993.8394179305005,357.3180715640809,3109.102078123227
Nengonengo,Polynesia,Sula_sula,485.1693499385891,165.92125641409297,1331.8847853682119
Nuguria,Melanesia,Sula_sula,995.8515538988715,256.3715889185917,3398.1786028812066
Nukumanu,Melanesia,Sula_sula,1514.397776085731,420.40323582486707,4966.472446306513
Nukuoro,Micronesia,Sula_sula,490.7387337505034,172.04971348349633,1597.4255815393424
Nukutepipi,Polynesia,Sula_sula,243.87020527676,81.93448685251289,653.3723591526965
Onotoa,Micronesia,Sula_sula,521.3440016675174,183.34696893435373,1791.1234631370808
Ontong_Java,Melanesia,Sula_sula,1937.0415586093359,578.0922211883507,7130.25254606223
Oroluk,Micronesia,Sula_sula,429.0611227602234,148.93312474718405,1319.3354357085564
Pukapuka,Polynesia,Sula_sula,519.2865447474821,188.33285646176125,1533.7264998502617
Puka-Puka,Polynesia,Sula_sula,660.8855828260907,234.28954382266758,1833.6749513500984
Pukarua,Polynesia,Sula_sula,482.1478601564563,169.67588421879893,1454.1366672535808
Rangiroa,Polynesia,Sula_sula,429.3262579463111,117.73439142916841,1244.9865675999902
Raraka,Polynesia,Sula_sula,414.64295497456885,143.2593578329193,1236.6192721935652
Raroia,Polynesia,Sula_sula,543.3036592858103,177.2581950818684,1587.4979021466536
Reao,Polynesia,Sula_sula,531.3422408627899,174.73692718634882,1535.2817010768815
Rongelap,Micronesia,Sula_sula,610.1480899189772,219.70510691802377,1920.1392243730882
Satawan,Micronesia,Sula_sula,211.05236009449283,65.06734139285521,650.4287252211782
Starbuck,Polynesia,Sula_sula,532.5202381431502,186.64133970100258,1583.9099500538302
Tabiteuea,Micronesia,Sula_sula,752.5298198028264,253.29909998355515,2518.710665458906
Taiaro,Polynesia,Sula_sula,319.3510981732899,115.86139536571511,920.8839760409743
Takapoto,Polynesia,Sula_sula,328.2602046531609,118.47410890195192,993.782797238435
Takume,Polynesia,Sula_sula,336.68159970341924,101.7281987010343,863.5284047743348
Takuu,Melanesia,Sula_sula,1547.9585635322605,428.52457769123953,4857.546720131581
Tikehau,Polynesia,Sula_sula,373.4909163985228,113.22396842291963,1051.8397767512881
Tongareva,Polynesia,Sula_sula,1137.0495314344125,413.04409264643607,3412.7641665670794
Tupai,Polynesia,Sula_sula,274.47458547576827,92.73974394375911,895.2429246680657
Ujae,Micronesia,Sula_sula,644.0345202545556,259.00546475222717,2106.419735653158
Vanavana,Polynesia,Sula_sula,320.86032759128597,106.94342141128503,868.0825259717428
Wailagilala,Melanesia,Sula_sula,1227.597732439836,371.59819561439997,3748.12182427344
Wotho,Micronesia,Sula_sula,676.0166098860118,239.33538343236177,1921.7450924711477
Abaiang,Micronesia,Gygis_alba,295.17990905993963,103.74871623482318,1008.1072896003
Ailinglaplap,Micronesia,Anous_stolidus,498.2455754508853,177.96591178887613,1475.8941189728891
Ailinglaplap,Micronesia,Anous_minutus,2830.389583304029,986.548048052394,8396.252851490193
Ailinglaplap,Micronesia,Gygis_alba,612.4429111001235,213.59279703641394,1807.7976912508213
Amanu,Polynesia,Anous_stolidus,857.2924763531911,329.8431995694792,2828.762427245066
Amanu,Polynesia,Gygis_alba,1378.9904992787476,438.54390190425397,3789.251928018301
Beru,Micronesia,Anous_stolidus,1153.9148633567327,379.50053330460065,3373.4803763712976
Beru,Micronesia,Anous_minutus,1945.8053494320088,652.6840485596099,5770.980737874951
Beru,Micronesia,Gygis_alba,644.1510211601687,224.10459528485552,2010.3446879387825
Eauripik,Micronesia,Anous_stolidus,692.0956843111669,216.61630606432144,2071.0567264057695
Eauripik,Micronesia,Anous_minutus,2253.80636410712,688.5979284370145,6340.014289320027
Ebon,Micronesia,Anous_stolidus,528.7465745358045,197.32574657288495,1655.2016916315988
Ebon,Micronesia,Anous_minutus,2104.695381847274,710.8368520561153,6048.380277617981
Ebon,Micronesia,Gygis_alba,525.9511679449212,180.3187133463643,1503.1298684935136
Elato,Micronesia,Anous_stolidus,142.42241441578597,48.754670635116305,453.680698412132
Faraulep,Micronesia,Anous_stolidus,546.063946217313,192.7891067181416,1699.8801414469247
Faraulep,Micronesia,Anous_minutus,1676.6393990841102,609.6202047387472,5240.327507089513
Faraulep,Micronesia,Gygis_alba,213.73814771930293,66.72081596483012,574.6256578482149
Hikueru,Polynesia,Anous_stolidus,738.479137319932,279.4200105325036,2120.6461473232102
Hikueru,Polynesia,Gygis_alba,594.4994019757622,193.7724734417171,1528.4588296976972
Hiti,Polynesia,Anous_stolidus,191.3596702542518,65.68553639819783,544.402585926856
Hiti,Polynesia,Gygis_alba,181.06584701961137,64.75452432305494,542.0056314668592
Ifalik,Micronesia,Anous_stolidus,466.57668324020267,148.6973275998145,1321.824334751842
Ifalik,Micronesia,Anous_minutus,2108.4991028390696,695.4785596807313,6022.158515353106
Katiu,Polynesia,Anous_stolidus,449.49342457312565,150.40703916487797,1221.663829209446
Katiu,Polynesia,Gygis_alba,453.5081490470387,168.97756245180892,1348.2264697482706
Lamotrek,Micronesia,Anous_stolidus,252.45157789598667,86.60472162611362,769.3540807217133
Lamotrek,Micronesia,Anous_minutus,1320.0337323252695,417.1815385858976,3636.6046427257907
Lib,Micronesia,Anous_stolidus,428.3554538362309,159.9488394112301,1352.6486975143678
Lib,Micronesia,Anous_minutus,1315.9511728183336,402.4289663238397,3418.40994357115
Lib,Micronesia,Gygis_alba,181.866535960303,60.23364527174385,515.5471495918592
Makemo,Polynesia,Anous_stolidus,757.6600197446696,267.26169644107915,2337.2519387938423
Makemo,Polynesia,Gygis_alba,913.2301404760425,300.65372390945237,2609.005419570172
Maloelap,Micronesia,Anous_stolidus,736.7900408042442,249.28413666749938,2203.7603932137363
Maloelap,Micronesia,Anous_minutus,2510.888114697922,910.0122053665315,7851.140999099971
Maloelap,Micronesia,Gygis_alba,658.3682636670501,212.20008860632447,1825.3126428830592
Manuae,Polynesia,Anous_stolidus,1130.3816217788092,376.21879559168786,3257.531118935209
Manuae,Polynesia,Anous_minutus,761.5378712795335,256.73842954466215,2219.9323151790654
Manuae,Polynesia,Gygis_alba,287.42646969500095,99.27374069191447,856.6548088658349
Marokau,Polynesia,Anous_stolidus,465.06477344381244,174.66062426011158,1501.08735983898
Marokau,Polynesia,Gygis_alba,655.4978631910142,233.81820214417186,1935.8947399054703
Marutea_Nord,Polynesia,Anous_stolidus,507.4793762941235,176.89290193737378,1385.2137787171487
Marutea_Nord,Polynesia,Gygis_alba,390.0696864953829,157.4604300570539,1224.7890569355939
Motutunga,Polynesia,Anous_stolidus,333.27742496349816,118.92383487062511,922.909641915482
Motutunga,Polynesia,Gygis_alba,211.8731441630837,80.45043484223207,642.5998152143475
Namonuito,Micronesia,Anous_stolidus,655.0346924930037,211.50911029643527,1975.7914124389376
Namonuito,Micronesia,Anous_minutus,5532.117204645713,1733.2741783294537,16049.102933784034
Namorik,Micronesia,Anous_stolidus,416.9281733338003,160.21373414833246,1348.296321692038
Namorik,Micronesia,Anous_minutus,2089.2040827356304,708.9115873035588,5944.270643039868
Namorik,Micronesia,Gygis_alba,218.70231873015828,81.18058969034809,682.6816490967869
Nanumanga,Polynesia,Anous_stolidus,735.9858815641189,258.90801655303,2230.5553321541734
Nanumanga,Polynesia,Gygis_alba,180.96954653264297,65.29275037983231,545.7130468251997
Nanumea,Polynesia,Anous_stolidus,859.2979346280883,310.0737459255346,2484.9360079290004
Nanumea,Polynesia,Gygis_alba,227.47181700761294,75.41898558848375,614.9553862521603
Ngulu,Micronesia,Anous_stolidus,845.7232372518696,266.15600489188955,2733.6667006919492
Ngulu,Micronesia,Anous_minutus,6708.451889446248,2100.83807449514,21696.636644182665
Nihiru,Polynesia,Anous_stolidus,573.4077014336049,221.85846747020608,1692.6660891037736
Nihiru,Polynesia,Gygis_alba,561.6079352573444,191.38270575021986,1497.2291264393948
Nikunau,Micronesia,Anous_stolidus,773.8263785017989,263.2761467653424,2369.3079140644127
Nikunau,Micronesia,Anous_minutus,1225.1092784412974,404.1342663209462,3803.3048799386024
Nikunau,Micronesia,Gygis_alba,602.7522144527869,206.6466736259328,1930.385424527711
Nui,Polynesia,Anous_stolidus,794.3477584781673,281.6505547347108,2386.221296356337
Nui,Polynesia,Gygis_alba,392.02927958534667,136.04259413905646,1155.7104350221623
Nukufetau,Polynesia,Anous_stolidus,719.6968942837393,244.6723931668549,2006.5118041857493
Nukufetau,Polynesia,Gygis_alba,342.25475110720953,112.76581026640852,920.6697788683502
Olimarao,Micronesia,Anous_stolidus,247.61159736224698,81.49984553035284,736.4401318217216
Olimarao,Micronesia,Anous_minutus,1226.7353156652955,417.08581490820484,3834.8713542695336
Pulap,Micronesia,Anous_stolidus,219.98769370672906,76.32443869506848,690.9637401701275
Pulusuk,Micronesia,Anous_stolidus,230.57209870545492,74.64093135615572,686.8131010336459
Puluwat,Micronesia,Anous_stolidus,177.9806081805508,63.20992716989155,538.5307023767283
Ravahere,Polynesia,Anous_stolidus,316.0823816718506,118.57466606242936,981.2628061763123
Ravahere,Polynesia,Gygis_alba,422.7494601956857,155.00206922709913,1255.6202417501183
Rekareka,Polynesia,Anous_stolidus,556.4698814902232,201.22043454393759,1558.9697268635687
Rekareka,Polynesia,Anous_minutus,213.87309537832533,75.68784541054745,603.0804776554189
Rekareka,Polynesia,Gygis_alba,438.03318592028535,148.51961366260056,1173.5915974491843
Taenga,Polynesia,Anous_stolidus,658.0358502205404,232.91409132680724,1851.6473104480845
Taenga,Polynesia,Gygis_alba,689.0317571289744,221.0851862129182,1730.232117639581
Tauere,Polynesia,Anous_stolidus,774.9908273435852,264.9035231345784,2037.0851137338636
Tauere,Polynesia,Anous_minutus,283.4388525411288,102.1132312306656,791.0306148999263
Tauere,Polynesia,Gygis_alba,654.6916490517558,243.86578176331804,1833.4824665689675
Tenaruga,Polynesia,Anous_stolidus,205.7718108862369,74.32120143858353,639.996905924805
Tepoto,Polynesia,Anous_stolidus,181.78226618656294,65.10782454593095,552.8352632724809
Tepoto,Polynesia,Gygis_alba,104.18471480312655,36.65096072739046,310.8749973685505
Tuanake,Polynesia,Anous_stolidus,236.39144468529153,82.66977166841676,682.615076544026
Tuanake,Polynesia,Gygis_alba,272.30906301590977,93.45029097263388,781.750405769621
Vahitahi,Polynesia,Anous_stolidus,981.8316598287036,351.7053454680384,2742.418588019694
Vahitahi,Polynesia,Anous_minutus,292.00629310871557,113.40579068721237,888.1864902469986
Vahitahi,Polynesia,Gygis_alba,885.052215361373,331.9792239666597,2596.4012693533487
West_Fayu,Micronesia,Anous_stolidus,349.99472922641604,118.93405552101268,1102.4917951407351
West_Fayu,Micronesia,Anous_minutus,1606.361472593111,516.4335007108865,4634.90678979167
Woleai,Micronesia,Anous_stolidus,663.5136956025505,221.35326751444282,1956.116972600991
Woleai,Micronesia,Anous_minutus,3112.964966883476,975.9262177900447,8693.23544167012
