parameters,mean,std,mcse,ess_bulk,ess_tail,rhat,ess_per_sec
μ_sxr[1],-0.9450836331951971,0.5382491292486554,0.0025400388755075242,47651.08321033616,28920.429337728154,1.000019257869098,12.18902281567858
μ_sxr[2],0.44341570712076445,0.29155784457033335,0.001590342385682103,36087.4992707848,28770.16343819159,1.0002648055289858,9.231088200676329
μ_sxr[3],0.1780148105827023,0.22359696435473325,0.0011858286683782452,37438.052374990955,28538.09127461589,1.0000948598219515,9.576556162617297
μ_sxr[4],0.06767735281398604,0.7000517331906664,0.0033867390242115917,46712.455508782805,27392.000592486565,1.0001068665601947,11.948924297473644
μ_sxr[5],-0.7478607518019519,0.3723166734257279,0.0015906305949402713,55491.96066279894,33125.84070556086,1.00005374900546,14.194698819750561
μ_sxr[6],0.5686302265541312,0.8555814654651654,0.003792712030499062,53685.62043141906,29760.031141220585,1.000100449791248,13.732641699328342
μ_sxr[7],-0.2246582332605481,0.2804982338255983,0.001285271849539069,49782.911342101004,31588.195034508626,1.0001711605300798,12.734338892177563
μ_sxr[8],-0.39991997413914704,0.26038487669088417,0.0012847982293812082,43118.977529297204,29989.80995519409,1.000043520035943,11.029722001772472
μ_sxr[9],-0.13900447739333718,0.23395706228267155,0.0012843118127385715,36188.764086401396,27717.718635363974,1.0000144110284666,9.256991476421977
μ_sxr[10],-1.0345467253146157,0.8516305556323583,0.003153901959218211,73029.31336547926,30635.185038799817,1.0001340692083567,18.68070790533636
μ_sxr[11],-1.1377985445573942,0.7066820172480869,0.002684916927394034,69428.03852549572,29244.858374009087,1.0002881525550986,17.75951119305329
μ_sxr[12],-1.138183011286281,0.8513223045615045,0.0031246678732120823,74219.18060520223,29768.913843972965,0.9999435993209929,18.98507284219609
μ_sxr[13],-0.920887087585275,0.5309146632496964,0.002347010974057303,51966.84058799543,30075.037511937633,1.000141922747765,13.292982297796108
μ_sxr[14],1.0138193255037595,0.3245664469934426,0.0018817540393245016,35495.11495545152,23856.000051445073,1.0001830889380219,9.079557837696433
μ_sxr[15],-0.3711179818106304,0.5761224040165405,0.0024861680201804827,54271.369551332944,30642.03330913429,1.0000281923944236,13.88247479662392
μ_sxr[16],-1.18442449252111,0.3381108353319168,0.001901211014729344,34846.8427685549,17154.131229425926,1.000311982007522,8.913731502920925
μ_sxr[17],-1.0004462807534404,0.31758209965291484,0.001556327711174451,43025.66079271855,31273.56349438908,1.0000737332353564,11.005851823916888
μ_sxr[18],0.42941211460083306,0.9966294297969239,0.004241267818367687,55700.80616611683,33847.809544710886,1.000231563695248,14.248120954849927
μ_sxr[19],0.5948189365432832,0.7836243816575373,0.0031431049193997793,62448.09295141939,31424.4796439383,0.9999944806448017,15.974059318243519
μ_sxr[20],-1.2595769461168345,0.786577428046413,0.0032224190134561635,59880.79668652381,31226.016698669955,0.999991147061447,15.317351628949464
μ_sxr[21],-0.7152105413648333,0.6796670934871781,0.0028003221452286607,59356.80215360795,31463.729404273497,1.0002582360666177,15.183315193957847
μ_sxr[22],0.6493321508826149,0.8253833426726188,0.0030814217632679094,71888.15542543863,31136.06646208497,1.0000294195448458,18.388802680306114
μ_sxr[23],-0.04333521347178037,0.7732074353931954,0.0031060696081427236,63035.08536060098,29079.607183406286,1.0001106635428272,16.124210445691393
μ_sxr[24],1.102902152921674,0.9093656091759026,0.003311470761723396,75126.9656695631,30722.23599740504,1.0001648790120914,19.21728189424187
μ_sxr[25],0.07592322914680354,0.8904838799756475,0.003263799481494829,74445.19089681676,30034.928033158536,1.0002796855072655,19.042885685377588
μ_sxr[26],0.013980922971290093,0.688262201293534,0.003377077152480277,43108.96721929913,30696.55837109688,1.0000894837807135,11.027161390580908
μ_sxr[27],-0.5796439621659035,0.6518934280904028,0.002721099326573048,57682.72355550858,31525.03834120945,1.000082987768093,14.755090254402933
μ_sxr[28],-0.8840794365000915,0.5057886577070912,0.0022802221143339127,49340.29163331688,30099.36845492025,1.0001342666103001,12.62111792498099
μ_sxr[29],-0.61255619115146,0.268906046314357,0.0014072353688166924,40136.35757953404,27082.307228705253,1.0000154823184368,10.26677559701424
μ_sxr[30],-0.2338825570974449,0.8135948907970265,0.002969466798636686,75025.96866925425,28575.208617878954,1.0001972849025709,19.19144712495351
μ_sxr[31],-0.6638179713103136,0.8749920402904654,0.0031425291196223895,77530.77766054681,30255.04225192464,0.9999521673570604,19.83217073262082
μ_sxr[32],-0.6869280940745522,0.3183964888959526,0.001533342255545042,44486.36305393098,29711.00464169669,1.000128706936915,11.379495652961463
μ_sxr[33],-0.2861649782745521,0.8339651140281767,0.0030143198349300744,76535.1355055989,29997.72021735252,1.000039985794036,19.577488065925866
μ_sxr[34],-0.6891446892771169,0.24646395471666344,0.0012303425883620728,41987.58702632051,30383.954032588746,1.0002673026369344,10.740315261670629
μ_sxr[35],0.2878162669920893,0.2905857569352012,0.0016276450410327022,33856.56753680498,26673.353402632536,0.9999822590146008,8.660421681183589
μ_sxr[36],-0.6567848452636382,0.8342307220015769,0.002931070455095206,80976.1138198692,29249.63707076234,1.0001427880846556,20.713478737064122
μ_sxr[37],-0.5684159252727401,0.2684416786778218,0.001392878490655014,39314.84677890542,29370.438356051563,1.000130248996928,10.056635276636033
σ_sxr[1],0.5575712628378112,0.37289888162771,0.0020328617650713513,53268.28680230651,29311.771677290955,1.0001138773640925,13.62588884536805
σ_sxr[2],0.44124593489053243,0.23664189842221584,0.0012763512616670316,43303.43589716519,31438.244163855234,1.0001197681271794,11.076905971223097
σ_sxr[3],0.36829904506630134,0.17548116880796905,0.000975650960317121,36686.75642645132,30910.73941610621,1.0001146441210913,9.38437661828975
σ_sxr[4],0.7583062763111099,0.9857564242805515,0.029901020619241433,30804.30456269034,16838.688511811262,1.0001686528949745,7.879660772418682
σ_sxr[5],0.48601830003420654,0.24937010812531937,0.0012483857279546539,49930.61191378058,32158.68283356698,1.0001892749699046,12.772120313224054
σ_sxr[6],0.9085425316309033,0.7719647178723578,0.004407251709506688,49422.42372291678,29819.545900999994,1.0000986686155422,12.642127099307908
σ_sxr[7],0.41163018684982633,0.210226929032469,0.0010870289422900718,49241.95684926449,30699.444649511857,1.0000676808250306,12.595964143668219
σ_sxr[8],0.42179589347054924,0.20667111403612184,0.0010865589234020203,41863.41971090739,31468.935770611926,1.000144797061743,10.708553586204587
σ_sxr[9],0.3853334336946205,0.18347063165384198,0.0010234011121953818,38991.31740428385,29037.892246258536,0.9999956235551739,9.973877306341896
σ_sxr[10],0.6483135404735384,0.4964269041849335,0.002719115402530296,75684.83552995358,27231.244034686923,1.0000542941424557,19.35998354965784
σ_sxr[11],0.6163585812566506,0.44427503519924144,0.0024046924161164733,75288.37912436917,29134.608300915832,1.0000216674580258,19.258571035030215
σ_sxr[12],0.6329999481335261,0.48780149037879406,0.002732288741504889,80091.31108804815,28389.722724721934,1.0001072853570432,20.487148505746273
σ_sxr[13],0.5697880393149284,0.37960977870699547,0.001916940592125489,61168.36634538482,31396.19972787203,1.0003563378729776,15.646708589826021
σ_sxr[14],0.45098869283511833,0.2453964941061866,0.0014907063139743568,34268.67786203306,28112.044504342077,1.0000116850029468,8.765838427632119
σ_sxr[15],0.5930474245422183,0.3909867346567149,0.002025486560930261,62082.18779221195,29536.746536141785,1.0000834703243948,15.88046173276436
σ_sxr[16],0.4665061287136954,0.253464500109523,0.0013446959982599484,44322.56978093147,32480.627749072915,1.0000684842139689,11.33759776088558
σ_sxr[17],0.4852663924219655,0.25680569826977157,0.0013700550276229452,39047.30912675317,32084.480148283656,1.0000586946928214,9.988199842928422
σ_sxr[18],1.2602553875048024,1.1284080485130725,0.0062296894776292955,35782.532063390834,31733.60815522601,1.0000101947906095,9.15307838435063
σ_sxr[19],1.366960161004897,0.8236866406399769,0.004316673351143946,37937.11885581096,30892.881687304784,1.0000315280837304,9.704216066892798
σ_sxr[20],1.2394792800024126,0.719084512745221,0.003714340992315241,40319.42979268838,31764.426615859622,1.0000452922760934,10.313604991704077
σ_sxr[21],0.611488986203304,0.43818938414184533,0.002344704145539276,76758.83242501222,27923.5777977937,0.9999958455523215,19.634709154531354
σ_sxr[22],0.6685639961408575,0.5334721797892752,0.0028113293933410216,75250.12313821878,29524.128553118164,1.0000533874570807,19.248785253540948
σ_sxr[23],0.7223883706253661,0.587336823956075,0.003204682212817275,63433.032869312156,30749.277373020726,0.9999871828657765,16.22600438061019
σ_sxr[24],0.8230749640816183,0.7748312963913596,0.004644291670553883,53852.584138541344,28621.96702698802,1.0000247792628778,13.775350580184641
σ_sxr[25],0.6491102808914265,0.5169583493501949,0.003109338422306776,76084.33955185885,26469.990270280938,0.9999525782325135,19.462175636592445
σ_sxr[26],0.7483377551615498,0.5431350972855735,0.002898558419898929,46629.60578419678,32202.65576809889,1.0001092998366814,11.927731553988796
σ_sxr[27],0.6099679346488373,0.43817425873048826,0.002356048038588041,74325.15299942983,28005.351923646846,1.000024492695555,19.012180304273514
σ_sxr[28],0.5709611468942231,0.3689629075942868,0.0019355331606684114,56888.93123594944,30687.25075360238,1.0000416225594584,14.55204024919512
σ_sxr[29],0.39753771876953314,0.20183702895120947,0.001112164974978437,40204.33804798867,28372.387709412284,1.0003005726665994,10.284164823558292
σ_sxr[30],0.6410988639915101,0.5070036604675167,0.0027300788741767786,70551.99543641822,28580.554872338045,1.000217269727728,18.047016439693774
σ_sxr[31],0.6441541289301771,0.49120969266950215,0.002679541520151926,77324.76739029061,27288.30684424961,1.0000712302220585,19.779473842744615
σ_sxr[32],0.4448117625882498,0.22617935379774573,0.0011986735988827406,42366.767307827795,30315.833988022885,1.0001649526070613,10.837308588813825
σ_sxr[33],0.6342468778973568,0.4971812374378707,0.0027319407383879,77534.25688616565,28716.653526447662,1.0002186161166366,19.83306070946063
σ_sxr[34],0.3912624288644334,0.19055829361521448,0.0010105313239165208,42341.07975614437,31315.417398972815,1.0000377195991506,10.830737780083913
σ_sxr[35],0.5086665608198222,0.24172483371195658,0.0013640467871742724,33857.85307674568,29886.752127750467,1.000022837626438,8.660750518947856
σ_sxr[36],0.6340513242337052,0.46958856846185626,0.002596564343658474,76728.93455493503,27037.02630358431,1.0001843546711402,19.62706135733643
σ_sxr[37],0.4100719500403057,0.20366507981325097,0.001078949259776693,42364.099360229426,30032.417598489643,1.0000074434496988,10.836626134775917
z_sxr[1;1],0.003009154163923851,0.9911892996996786,0.003167128016292322,98010.57509770463,28316.684229335096,1.000042237356781,25.070849507667944
z_sxr[2;1],-0.001477195847650138,0.9981882658972581,0.0031727411253531217,98976.02996235211,26960.660205167555,1.0002062981587874,25.31781034422965
z_sxr[3;1],-0.07494319078445642,0.7056905145626223,0.0032409685982555288,47422.69891017754,33802.90609586503,1.0000751539415413,12.130602707302693
z_sxr[4;1],0.6491029254070435,0.8680363648034004,0.0032860803298691258,70315.5874124906,32414.22495604534,1.000048767882709,17.98654388370289
z_sxr[5;1],0.6450024338895016,0.7844088129383093,0.0031391022415866413,62740.419551059946,33274.875897137514,1.000125488666678,16.048835700071404
z_sxr[6;1],0.000683965875652682,0.9945043260740726,0.003101522876689233,104620.71340210267,28811.994757400287,1.0001024560265674,26.761705647316447
z_sxr[7;1],0.17918783474417518,0.7549266694494157,0.0030266696763844507,62169.59702778123,33880.638552128075,1.0000941868269384,15.902820787267949
z_sxr[8;1],0.7969391062779503,0.7316905586610609,0.003074542060206082,56604.44582990633,33582.36089456712,1.0000615075119754,14.479269624240366
z_sxr[9;1],0.09273494844989393,0.7071648903695947,0.003176492154259129,49524.04493081027,33103.38155745351,1.0000922793293896,12.66812153926855
z_sxr[10;1],-0.0020583025243286514,1.0063254445294438,0.003179355901448543,100285.10780920576,27866.198631904714,1.0002304475314039,25.6526690435034
z_sxr[11;1],-0.09496448990250396,0.8982677652549517,0.0032438524779257473,76767.33033046237,29697.647778844344,1.000153538782963,19.636882896583767
z_sxr[12;1],0.003322384842498505,0.9955013262062591,0.003086901383024466,103994.57860064457,26879.226727584497,1.0002578515792755,26.601541998003903
z_sxr[13;1],0.12093473899925158,0.8735785156892006,0.0036419708744476983,57496.27761378542,30324.980310922434,1.0000480291522162,14.70739786874356
z_sxr[14;1],0.16093777177573818,0.7038103592941923,0.0031496798309815902,49929.00597868967,32535.108749710238,0.9999989173793247,12.771709519215927
z_sxr[15;1],0.0035771430712450225,0.9998325208542853,0.003329950532473999,90278.21780375957,27797.689011063954,1.0003668867654656,23.092932677134467
z_sxr[16;1],0.5658939033186265,0.7573757362544226,0.0032488833562192704,54275.130463872665,34663.588880978234,1.0000049639460744,13.883436828243477
z_sxr[17;1],0.34207386509971577,0.7514323340767209,0.0031379221177266787,57195.10104634832,33503.14298320021,1.0000740583834464,14.630357688233197
z_sxr[18;1],-0.0021014025449034024,0.9861278231646874,0.0030345131025903576,105583.82680614725,28751.80638311957,1.0002954744959294,27.008067544362238
z_sxr[19;1],0.004452698733843769,1.004726479370528,0.0031979124660956332,98675.28689004986,26696.538943049156,1.0006208489539088,25.240881050644266
z_sxr[20;1],0.002404820780369656,0.9874531691852466,0.003092734295417636,102039.36876241076,28694.156216072904,1.000164108453616,26.101404420386324
z_sxr[21;1],-0.0014942124788297588,1.0098392050425975,0.003088181056326423,106768.8424455994,26472.796073144695,1.0002174047154615,27.311191454525208
z_sxr[22;1],-0.0019137360550213185,1.000430658366578,0.0033669875309818645,88309.36821218109,26831.64885787689,0.9999551327457542,22.58930608618251
z_sxr[23;1],0.0072843272414665336,1.004668551416353,0.003353788373094455,89265.37509113843,23915.74851524615,1.0003823891191905,22.833850152644132
z_sxr[24;1],0.0019031800514448438,0.9988405560696078,0.0030228582324053096,109123.19183726568,26748.165523159292,1.0002585900819054,27.913427888992548
z_sxr[25;1],-0.0015626600839139173,0.9987339829378684,0.0031340976909023962,101512.01699168903,27333.86347616106,1.000280725379284,25.966509212719327
z_sxr[26;1],-0.8438442580827825,0.8433299740043981,0.0035534371715748173,56450.07477948349,34165.26160841942,1.0000710635438181,14.439781912127327
z_sxr[27;1],-0.0011796541864306914,0.9877861205217244,0.0030083026272292447,107789.44474515777,27534.82526563151,1.0002252128004792,27.572258861117817
z_sxr[28;1],0.135730082887423,0.8425606387668263,0.003445905606556674,59724.77132040509,32463.146738608768,0.9999879931239583,15.277440747195715
z_sxr[29;1],-0.06865943042184508,0.7282524388168614,0.0032433385561375836,50386.5545941232,34664.262280264156,0.9999966542617592,12.888749261800239
z_sxr[30;1],0.00013284981114886492,0.9951860361067889,0.0032271718433642812,95127.83938853061,27839.754618701474,1.000260431288865,24.333453231163748
z_sxr[31;1],-0.11807811812974328,0.9433493166302517,0.0032383523707219175,84859.51645882615,28754.131958218397,0.9999364122015094,21.70684300456193
z_sxr[32;1],0.46992735212516584,0.7878982762061054,0.0033569556803675995,55006.628089474354,32634.668169137134,1.0001824350468835,14.070552013195655
z_sxr[33;1],-0.0017203859488547526,1.0082070968223937,0.003268292090801654,95139.1446412696,24800.02285943701,0.9999841550603887,24.33634508533135
z_sxr[34;1],-0.5633845362192317,0.7638391821817906,0.0032047462921462678,56725.43067656777,32484.09441943468,1.00005607702779,14.510217232499306
z_sxr[35;1],0.9800614388933699,0.6691080227261608,0.00308580103273678,46708.166234116485,34033.7091597662,1.0000199350673833,11.947827112200022
z_sxr[36;1],-0.09415788933546664,0.9292029502696834,0.003161125207705053,86418.17810063685,27431.0272619471,1.0004761875314672,22.105544587694727
z_sxr[37;1],-0.3047138372131649,0.71951101966784,0.0032045692080712664,50091.67656257013,17241.41182802305,1.0000632468393704,12.813320230343027
z_sxr[1;2],-0.0003586485089654982,0.9977736318807839,0.0030997519936719568,103516.85617001557,28474.302652213268,1.000218553711706,26.479341846103992
z_sxr[2;2],0.5493069564050387,0.7779125309117102,0.003242297246405383,57532.27687395886,32587.76033937424,1.0000013202493456,14.716606385613252
z_sxr[3;2],0.28955420712153707,0.7718405794863576,0.003017097586820427,65425.56651210966,32870.476279055176,1.0000123709719695,16.7356892900982
z_sxr[4;2],3.43665595341065e-6,1.0003121560955563,0.0034011125399018207,86844.73649418002,26030.409258787855,1.00022006324754,22.214657112339058
z_sxr[5;2],-0.25038176574152804,0.9066501799461658,0.0030668631657631063,87460.78419535246,30362.34689274878,1.0001579825403273,22.372240507704735
z_sxr[6;2],0.0007266779510911004,0.9984614067338927,0.0032967041947144114,91549.36487562204,23214.380789319966,1.0001507791043918,23.418088783085356
z_sxr[7;2],-0.03748043909831809,0.8196038591335004,0.003064214616237029,71612.63200469277,33158.54073302547,1.0000068138384144,18.31832450781839
z_sxr[8;2],-0.08964112207488298,0.8063854036734466,0.0031783190999276306,64628.941782963884,32596.898562735063,1.0002070719334526,16.53191476190478
z_sxr[9;2],-0.020708055186423883,0.8043775265926114,0.0031810855606104285,63821.05486128522,32568.94022355136,0.9999707797231542,16.325259394232184
z_sxr[10;2],-0.007577039309060331,1.0026579646025766,0.0032535143483730946,94998.22614636205,26391.283444428493,1.0000093050672336,24.300298501836128
z_sxr[11;2],-0.0015811679870683494,0.9940830321162999,0.003699248136746284,72282.16058637797,14612.474554893508,1.0000820879236432,18.489588172946142
z_sxr[12;2],-0.0009610369014226919,0.9932735060169131,0.003192055224609417,96862.10838376713,28282.088707165247,0.9999798962018916,24.777074717335474
z_sxr[13;2],-0.263040825241378,0.9178153831482341,0.003221595243019065,81187.7786162147,30666.224674003985,1.0002563036029615,20.767622039967495
z_sxr[14;2],-0.5080312186770037,0.8383626440750096,0.00334244519217014,62878.74536594908,19209.456563644435,1.0000503100428066,16.08421908277938
z_sxr[15;2],-0.0030371321021403445,0.9982009328793247,0.003128703211456003,101747.57290926942,26615.664261763915,0.9999480155577486,26.0267638021288
z_sxr[16;2],0.0037722011359359875,0.9943840553350829,0.0032490028978197044,93504.73729028997,27482.405541003533,1.0001824494235307,23.918267947330797
z_sxr[17;2],-0.8113335553515792,0.8550396324768232,0.003200908557040744,71166.5476489647,33638.84167236052,1.0001370454752578,18.204217292969023
z_sxr[18;2],0.001757007472642644,0.9838210398690127,0.003002587777313328,107417.9295272069,28325.762912130016,1.0003721141385298,27.47722623724259
z_sxr[19;2],-0.0014352724133504975,1.0077319731326237,0.004433203028530676,51009.14991306575,15765.432615810918,1.000496731207431,13.048007520715943
z_sxr[20;2],0.0020076634011697977,0.9974912249135474,0.0035086100224439474,80781.13054192388,15156.726111341755,1.0000592572875067,20.663602523063684
z_sxr[21;2],0.000212261786568072,1.0011962646028074,0.0031104414628235822,103558.93499969966,27629.46381895803,1.000385873587094,26.49010550099957
z_sxr[22;2],0.0003520814071469994,1.0002783138301035,0.0032781470415676564,93018.70900132343,28205.016872848315,1.0000132057505535,23.793943178529037
z_sxr[23;2],-0.0017978584509407334,0.9940885098808949,0.003150208285400184,99625.3348743578,26443.4114449575,1.0002452377100945,25.483900847394803
z_sxr[24;2],0.0019683920179025885,1.0004034951880607,0.003054080733348274,107176.48345565423,27742.47559714866,1.0002115772772329,27.415464961807974
z_sxr[25;2],-0.003914528041073873,1.0139795977986577,0.003089821685763753,107539.54799440729,27229.3772594438,1.0003334857408765,27.508335923982973
z_sxr[26;2],0.0010301111160420028,1.0028594271490734,0.003189261947215204,98930.27308359538,26906.853556408358,1.0002331342576827,25.306105853973296
z_sxr[27;2],0.004742992625355943,0.9976485641735532,0.003313592775372161,90480.42043784626,27891.464248845437,1.0001419704225467,23.14465558360847
z_sxr[28;2],-0.38114691556684177,0.9064992067456574,0.00323526944434045,78063.5819004093,31565.38937863047,0.9999951258341316,19.968460667674503
z_sxr[29;2],-0.10972236403958309,0.8569687719677088,0.0032402952468972798,69614.59746174334,31829.69952426428,1.0002633259721392,17.80723248241734
z_sxr[30;2],-0.18215369779763232,0.9249009013510838,0.0031092135630698143,88532.50049258712,29048.76092929336,1.0001125001661644,22.64638274160246
z_sxr[31;2],-0.001509819317243795,1.0019905535728597,0.0030825807720948626,105732.18831256873,27804.51890782024,1.0001918841450272,27.046018030792055
z_sxr[32;2],0.1139659793104089,0.8495616124156581,0.0029834731353013803,80937.91693282791,32251.781892055846,1.0000381476878937,20.703708072972834
z_sxr[33;2],0.0008644686339555511,0.996019013627329,0.0032020944877446307,96699.1008479448,26510.18883892618,0.9999881816416542,24.735377814780385
z_sxr[34;2],0.08352723258890439,0.796563711980697,0.0030903233705753676,66393.98880904555,31971.29741770918,1.00013740384268,16.983409188100495
z_sxr[35;2],0.44072388163798276,0.7404340777900659,0.003077454727052981,57978.985590642915,33055.226419825245,1.0001318879846814,14.830873310366883
z_sxr[36;2],-0.00469206052109631,1.0017121553216666,0.003074172950956607,106301.399272589,28759.981121855017,1.0001802868422651,27.191620709916805
z_sxr[37;2],0.15975931540490407,0.8487355332653646,0.0029760609232271037,81360.07007106241,29853.283350190955,1.0000113201326208,20.811693744797697
z_sxr[1;3],-0.2850489591826914,0.8439891480145046,0.0033363111486105594,64100.17578727703,32594.320098748034,1.000011400485378,16.39665779917987
z_sxr[2;3],-0.22057811430636393,0.6910379743345995,0.003942714385366461,33313.716160847034,16782.378656502562,1.0003431863430394,8.521561714918676
z_sxr[3;3],-0.5371190322821776,0.6681912784073896,0.003052763091295755,47839.491206342376,33828.80701989521,1.0000283863273673,12.237217089706707
z_sxr[4;3],-0.00017678860751110505,0.9951543402527258,0.003177249676802717,98077.89181462089,28017.726728990536,1.0002859006865088,25.08806894829948
z_sxr[5;3],-0.4279915470308964,0.7819228152266232,0.0031134345206300256,63041.643439592386,33608.89132635744,1.0000139332414677,16.125887985194545
z_sxr[6;3],0.0004408642135909668,0.9868658060049555,0.0029393140798006203,112750.49788155094,29585.667680794395,1.0003281296433795,28.841283315449072
z_sxr[7;3],-0.2767361886653543,0.8816801277553943,0.003323579697005027,70371.47970432484,32072.6828661574,1.0003499241737868,18.000840986192273
z_sxr[8;3],-0.3302314977705428,0.6826335221225237,0.0031200496789931843,47612.25200338962,33226.96407695335,1.0000450634554412,12.179089894209776
z_sxr[9;3],0.5428422970070443,0.6771564751746464,0.0030266066870314853,49963.07552209975,35395.44054666761,1.0000764960770032,12.780424419570075
z_sxr[10;3],0.0012652551537654887,1.0089567554582326,0.0033524333622404917,90569.56985302914,26953.007917413728,1.0000767182009076,23.167459771518992
z_sxr[11;3],0.0011680731194373274,1.0037698291145523,0.003247640557134911,95413.17500620446,27136.22185052841,1.0000896919380653,24.40644133803637
z_sxr[12;3],0.0034159609106596575,1.007656761585009,0.0031844448747650593,100033.11578228229,27516.61220122341,1.0000643938769591,25.588210140187787
z_sxr[13;3],-0.0012673711825491234,0.9971815855729222,0.003096939604142762,103487.09099185198,27236.927368539968,1.0002614564212222,26.47172799115452
z_sxr[14;3],0.3148942776581583,0.6962824454161323,0.003126070046317474,49676.50931945172,33185.97271307903,1.0002664001549066,12.707121532270303
z_sxr[15;3],-0.49269729985008437,0.8711699809649504,0.003738710191404844,55772.151263347885,16297.119760274672,1.0002372282930598,14.266370844660353
z_sxr[16;3],-0.34076396154364974,0.7615634644939375,0.0032373696059499277,55227.33989223234,31878.009427337503,1.0000315899234136,14.127009516745607
z_sxr[17;3],-0.249001779917126,0.708619201154534,0.0032153781342035303,48489.94439968566,31941.209388293682,1.0000091967183797,12.40360132024341
z_sxr[18;3],0.00083360524111026,1.0052223238231313,0.0032041852939010385,98317.40008107648,26976.892435083166,1.0002942538123056,25.14933453824388
z_sxr[19;3],-1.4087355504178214,0.7446964138917763,0.0029543737930936417,63840.5623522996,31537.65443303268,1.0000226842926696,16.330249359559968
z_sxr[20;3],-0.7276558039750669,0.7696400455102164,0.00327922435245592,56208.53752058724,21349.902583654813,1.000000930949957,14.377997311208029
z_sxr[21;3],-0.003157564519726679,0.9892815316066959,0.0031490383084301007,98700.78118156739,28031.77851918826,1.000022552007345,25.247402423927745
z_sxr[22;3],0.0016832060440561804,1.0040044418035468,0.003224740897042877,96900.6622067364,26937.052349673133,1.0000539724957853,24.78693668470628
z_sxr[23;3],0.002272631763888301,0.9949359201382406,0.0031210666943544546,101604.60474990796,27508.16385073329,1.000092085166405,25.990192919811598
z_sxr[24;3],0.000275957878647791,0.9953561115807203,0.003223163076109161,95472.3673316361,27595.184088998347,1.0000086131855153,24.42158258051379
z_sxr[25;3],0.002421558712662039,1.0227489572919934,0.0032170273572659524,100931.35757847084,25672.83286321916,1.0002559317080328,25.817978049123035
z_sxr[26;3],-0.005547434087175469,1.0049761076407295,0.003246383333257343,95813.99003013104,27172.23708788448,1.0000762268880605,24.508968775869057
z_sxr[27;3],-0.0034381715044364916,0.9997404330544861,0.00312565543641747,102558.3058927952,28091.826933750497,1.0002003040244682,26.234147184999628
z_sxr[28;3],-0.0003386572113569034,1.0108578376032593,0.0031314643182630687,104211.44984967384,26220.262258951414,1.0001146831520595,26.657017097925852
z_sxr[29;3],-0.4833460568116514,0.687587100966814,0.003094211730040477,49483.124792311886,33528.11213073635,1.0000501788053449,12.65765427455652
z_sxr[30;3],0.0011908516075854097,1.0019405573396636,0.0036083918816709327,77266.41538007102,15049.915158265401,1.0001427849347237,19.76454755070698
z_sxr[31;3],0.007161458999878353,0.9982636403406621,0.0030810213861328616,104954.50736316688,28010.46635704014,1.0000206323557974,26.84708927205354
z_sxr[32;3],-0.6342996621685258,0.7511185965927456,0.00305489251642938,60475.33455565052,32939.25815534502,1.0000510792299115,15.469432865373454
z_sxr[33;3],-0.0025053582658849287,0.9907633882424833,0.0030885544288142912,102918.40885724177,28644.23699390152,1.000133547738757,26.326260584190535
z_sxr[34;3],0.025587827640258975,0.6889255885363699,0.0030581742792179043,50562.328968992486,35015.14185846585,1.000086753033229,12.933711888488832
z_sxr[35;3],-0.690404492510029,0.6488827721685967,0.003194020182461471,40976.79407156892,31924.91630272655,1.0000093533551462,10.481757059897753
z_sxr[36;3],-0.0001655730983543778,0.9980109138248424,0.003107266509485595,103196.89240076511,25902.415434487237,1.0001720341380027,26.397495948365023
z_sxr[37;3],-0.5294438080508702,0.682441158611944,0.003043626868285611,50061.47943294788,33306.16541215933,1.000342898334425,12.805595883336919
z_sxr[1;4],-0.32832043352313,0.8206760531728938,0.003201336833255098,65594.1663142289,34133.19735779051,1.0000860491841475,16.77881667978794
z_sxr[2;4],-0.30334306083346174,0.7269075486763052,0.003428861577871539,44918.979502201844,28287.82079683732,1.0000777513996164,11.490157812206304
z_sxr[3;4],0.09376426839653954,0.7259861742350127,0.003129369336490142,53794.874196113575,34233.845178615586,1.0000492304297475,13.760588527413697
z_sxr[4;4],-0.005733097075988364,1.012481481138838,0.0031408337973827254,103984.92822419982,25858.62883512613,0.9999959047335855,26.599073456876607
z_sxr[5;4],-0.3399810965697301,0.7593445177651973,0.002959266242432476,65894.66482227546,32074.35154220566,1.0001343231067559,16.855683414474516
z_sxr[6;4],-0.8777273337151903,0.8687692440090502,0.003392120189257454,66230.99933438719,32467.85912677092,1.0000259551837314,16.941716905544048
z_sxr[7;4],-0.14320524526227707,0.8234767546719476,0.0033928892061654147,58930.73723059606,35259.83219324033,0.9999573981169374,15.074328897788494
z_sxr[8;4],-0.20901129223533216,0.7134534199212244,0.0030276844355373402,55702.63317933852,33519.982751406234,0.9999756341193933,14.248588300067356
z_sxr[9;4],-0.45117313192739367,0.7111500779651214,0.003191059545269655,49654.37015222661,33744.31976414126,1.00013420986408,12.701458391030979
z_sxr[10;4],0.15772366448241998,0.9417204374114239,0.003073541076382086,93911.92189275648,29721.993542763466,1.000184868070336,24.022424706742736
z_sxr[11;4],0.0023596257341666677,1.0053976669511469,0.0037637287155615337,72117.55326955956,13945.923872716916,1.000076259114674,18.447482050584334
z_sxr[12;4],0.045323805064760574,0.937579109402465,0.003163290235654046,87860.48008238286,29205.34948993274,1.0000497556188885,22.474481673237978
z_sxr[13;4],0.00627591960663298,1.0022331149823858,0.0031578232886091302,100612.54641369154,27039.87670071221,1.00041040013251,25.736426984601902
z_sxr[14;4],0.7135867142882398,0.7245024951502133,0.0031484744544957397,53059.291790400166,34117.327586471285,0.99999883279807,13.572428466361663
z_sxr[15;4],0.3652068692102487,0.8092012327937003,0.002992128147495439,73249.47229942153,30997.841088524943,1.0001703198607668,18.737023986485077
z_sxr[16;4],-0.16587270815376226,0.7729216228610991,0.003295390082744901,54874.67595829187,33798.53893523795,0.9999542547388621,14.036799002157872
z_sxr[17;4],0.47370787485278054,0.7187075058993556,0.003032400857278242,56154.52973130106,33957.67399284969,1.0001894118337822,14.364182259555838
z_sxr[18;4],-1.1203456434630992,0.8635331184141287,0.0036480119574453726,56957.78531133392,31256.768367613702,0.999963482374945,14.569652942113542
z_sxr[19;4],0.7282572405820286,0.7334479010448437,0.0030330924479487283,58537.54188750786,31725.249093972412,1.0001356946465891,14.973750554442859
z_sxr[20;4],1.3536690244582128,0.7219753442120757,0.0028530255847993486,64926.90079876104,30678.32075630842,1.000359908933291,16.608131901096716
z_sxr[21;4],-0.12315774606496864,0.8897371513729861,0.0031903597472175424,77886.46672379864,30059.16055464599,1.0002158966564019,19.92315506739715
z_sxr[22;4],0.31106134999853446,0.9207696350630835,0.003287537274140937,78813.93719678419,30420.1225169178,1.0001533534769176,20.160399595631436
z_sxr[23;4],0.5503780838181567,0.899537759805843,0.0032932032861255392,74803.86833248369,31721.617654576152,1.0000588735170313,19.134634438024303
z_sxr[24;4],-0.597569233795872,0.9561014609276535,0.0036776498041549872,67381.75578618214,30015.12204851538,1.0002071795225627,17.236077404849034
z_sxr[25;4],0.0024790087494055086,0.9377143274573059,0.0030096922904628994,97066.66940647252,30192.50489985577,1.0001869813288922,24.82940089346768
z_sxr[26;4],0.0867535109444526,0.9107300405445243,0.003332188183431697,74576.01454320973,28629.24701223569,1.0001744120871978,19.076350032949193
z_sxr[27;4],0.06009836062362075,0.8978092954497459,0.00315394968333276,81211.66715233216,29524.22265908776,1.0001463849832395,20.773732665207298
z_sxr[28;4],-0.0017869560626119026,1.0061488821805507,0.0030583522193455537,108197.52695705551,26456.21035230045,1.000208835147315,27.676645226681384
z_sxr[29;4],0.07191663114779949,0.8408314920706176,0.0034767354329825377,58647.607253074755,20804.46267571983,1.0001774067211253,15.00190498791479
z_sxr[30;4],-0.002193502969382765,1.0035237609018821,0.003206935739841521,97865.21195165209,29256.35883823633,1.0000460256964614,25.033665994001062
z_sxr[31;4],0.0034391894049648165,1.001557804803277,0.0032459577524336152,95184.3950899705,26595.536637944962,1.0000527890984807,24.34792003210014
z_sxr[32;4],-0.1810429572326738,0.733806913158242,0.003167438346598177,53737.459315919674,32414.24884363948,1.0002685161212008,13.745901950792684
z_sxr[33;4],-0.03271979893434676,0.9351542507234702,0.0031580841013926155,87694.83592251925,29880.61919358688,1.0000699843485934,22.4321103291292
z_sxr[34;4],0.30058096914694615,0.752870945540664,0.003224504306453683,54435.32505969375,33804.931840397,1.000024454661909,13.924414188082132
z_sxr[35;4],-0.4200359005737853,0.6704556668787347,0.003169307789403198,44643.38275163677,33369.88199526575,1.0000116911541241,11.41966088214206
z_sxr[36;4],0.001577653301877477,1.0031798159661258,0.003155891989496383,101047.93070723758,26684.759457067426,1.0001605626654746,25.847797151449853
z_sxr[37;4],0.3583053033414503,0.7957862340882144,0.003506449347256445,52234.9737584749,15996.462987645176,1.0001655966395757,13.361570063538768
μ_pxn[1;1],0.029850965546095516,0.21446630407149236,0.001247557361135704,30570.873540137,27878.187597555476,1.0000151441720881,7.819949725615602
μ_pxn[2;1],0.01173725298667817,0.046426716607600005,0.0003020222969736542,23659.869866437693,28311.002505467117,1.000153714482109,6.052133009128307
μ_pxn[3;1],0.03360339867475308,0.1591967988332273,0.0009483843264560331,28970.489737088425,27524.046125487093,1.00002715534617,7.410575722445613
μ_pxn[1;2],-0.10813634888944758,0.2283327421792872,0.0012652517203302013,34311.69868519559,28575.71298559865,1.0000459812638063,8.776843042002849
μ_pxn[2;2],0.1040430454519893,0.06738528930195425,0.00040420301261854434,27921.321174802266,30314.08714463445,1.0000067985907735,7.142201140345353
μ_pxn[3;2],0.1252748677033608,0.18396434237695103,0.001091235547273926,29338.6521914746,26782.62432095207,1.0000940444762556,7.504750718144681
μ_pxn[1;3],0.31043127622767297,0.264426817701785,0.001467410447219419,33045.86600360053,16687.444829625358,1.0000560839436863,8.453046343222937
μ_pxn[2;3],0.0376392146240977,0.05351436636678359,0.0003126108440260207,29351.543865050928,30318.584677827323,1.0001509869936147,7.508048374625238
μ_pxn[3;3],-0.017361654554592498,0.13799007246338635,0.0008226641652561503,29027.814043398565,27572.234289250682,1.0000191776098388,7.425239130503369
μ_pxn[1;4],-0.20703146445490128,0.2314623091696623,0.0012493854800179024,34893.72513416568,25299.376440926477,1.0000577246324094,8.92572388977938
μ_pxn[2;4],-0.11661810755274296,0.06034796610271814,0.00036976417355024125,26912.969126337037,27365.142948085697,1.0001131006928408,6.884267316034873
μ_pxn[3;4],-0.30525535351801886,0.20082313362348128,0.0011915959514327125,28962.26065561271,28902.248360663853,1.0000901908247708,7.408470744864793
μ_pxn[1;5],-0.2894633167188173,0.23032643193238142,0.0012998432505857429,32020.809540542992,29292.205932265457,1.0000599208043872,8.19083957322328
μ_pxn[2;5],-0.01746060141866081,0.0680597344349257,0.0004085398523862515,27980.355700615535,15949.250629427472,1.000206073837825,7.157302018091919
μ_pxn[3;5],-0.03994515561236642,0.21125552966799868,0.0012622032827854196,29315.35273109525,27629.068192041534,1.0000268472352054,7.498790776942435
μ_pxn[1;6],0.00890365003000037,0.28889614674093517,0.0016199686788509894,33271.16337845162,15763.788423295575,1.0000502907060835,8.510676824155567
μ_pxn[2;6],-0.05546953834617542,0.07495291126815302,0.000395616968881399,35981.98357959194,30692.23669786539,0.999999861231447,9.204097562044154
μ_pxn[3;6],0.036525630401738805,0.19696646002311954,0.0011454377285737224,30688.62375215293,28540.71654200836,0.9999799055478534,7.850069922767843
σ_pxn[1;1],0.3750937000401192,0.16974904994297832,0.0008889144462444407,42481.49051535414,31627.109863642403,1.000030962551431,10.866654486111772
σ_pxn[2;1],0.1508572271047765,0.03851964022812969,0.0002211648364162777,30273.037078105903,33400.04103999977,1.0000401022197045,7.743763935357416
σ_pxn[3;1],0.2914793927151617,0.12416000050390019,0.0006094649134875247,50828.51178168208,30744.1857745994,1.0000161675979289,13.00180075779519
σ_pxn[1;2],0.36453926645664886,0.17183496125178993,0.0008369046719609853,55941.03042250404,30759.74346550605,1.0000843643588793,14.309569693151596
σ_pxn[2;2],0.1993519491102629,0.055083552976534,0.0003060225078801383,32753.238376309542,32612.085783501534,1.000065244225385,8.378192959307123
σ_pxn[3;2],0.3312694363463599,0.13957793531155915,0.0006915945573858045,51780.91887071327,30816.93514510022,1.0000473669085654,13.245424007381615
σ_pxn[1;3],0.45374252381749264,0.20553217538491952,0.0010632483721155206,40402.57348452008,32097.987383753632,1.000114727811927,10.334872931243728
σ_pxn[2;3],0.170139090783731,0.04370114365749293,0.0002906133929966218,27043.4209036767,16735.341807095214,1.0000594056713537,6.917636540472442
σ_pxn[3;3],0.2704383758804176,0.11382289987172205,0.0006169463045043575,38044.31859074321,31933.76747787759,1.0000716730179304,9.731637479521682
σ_pxn[1;4],0.36868208779377476,0.17129693958246628,0.0008180958133697103,57814.47726239444,30822.133620943263,1.0000441862574685,14.788792509023109
σ_pxn[2;4],0.18001504741752328,0.05033624695259802,0.0003157604071153592,25537.446420281547,31723.428553234437,1.0000777523021533,6.532412195059209
σ_pxn[3;4],0.37611163992424945,0.15770982227085864,0.0007916472432806628,47200.00283677503,31748.595220696876,1.0001769123664588,12.073637632496661
σ_pxn[1;5],0.4128211864283704,0.18131211805104946,0.0009441067938538954,39771.702829815,33334.2308759365,0.9999958679861904,10.173497863021264
σ_pxn[2;5],0.20185969282934385,0.0582631853023141,0.0003501976675601757,27822.96115870966,31797.140097169595,1.0000352700525796,7.117040904742499
σ_pxn[3;5],0.37685514963325795,0.17113110935890608,0.0009315844772241369,36455.261019118436,30010.67596878888,1.000044983883519,9.32516069681216
σ_pxn[1;6],0.46947435746596583,0.24852981889616144,0.0020501373285844943,33565.719778899846,15641.534788172365,1.0000759881561132,8.586023583214946
σ_pxn[2;6],0.2041450301537122,0.0563403857109226,0.00030247574465667906,35018.33403986749,33048.25454004755,1.0000833744894309,8.957598522889644
σ_pxn[3;6],0.3317749199222099,0.1520279391880478,0.0007840567125912638,44060.617070291,31125.365900432815,1.0000946245298594,11.27059094065168
z_pxb[1;1],0.37353992029872635,0.9421126389251455,0.0031422900026458426,89909.0585544126,29448.39192503026,1.0000772540126306,22.998502703883975
z_pxb[2;1],0.1427822677289027,0.8846107819379502,0.0030342689303412265,85000.82505322043,29038.904613495135,1.0000902725447316,21.742989374488513
z_pxb[3;1],0.10448717452456463,0.5975855160832005,0.003179312543253638,35324.68307074369,33579.685544643704,1.000071988755774,9.035961806058431
z_pxb[4;1],-0.09782500582396486,0.9061929020230329,0.003127446494159719,84119.58916533433,30360.749579041378,1.0000488312439775,21.517571532547233
z_pxb[5;1],0.11803954900539522,0.6177522644595973,0.0033599352452183175,35209.05470208619,16337.847221512027,1.0000783959839457,9.00638437090371
z_pxb[6;1],0.14710067515558103,0.8450334487715242,0.003539703007955024,57678.507298547396,17405.694537611907,1.0000473160747256,14.754011746867862
z_pxb[1;2],0.05233469535073816,0.9542566481630737,0.0038722395282398997,60923.094475579695,14700.353936059813,1.000154265047127,15.583968685175746
z_pxb[2;2],-0.000926527711250214,0.9473727864226135,0.003202641349569538,87506.95339963328,28280.698748292514,1.0003271069994033,22.384050469754843
z_pxb[3;2],0.5491341198793351,0.6364701431530672,0.0031832500897252263,39913.86896032567,34064.02794090848,0.9999770492044382,10.20986358845005
z_pxb[4;2],0.09143111564584933,0.8940211624417328,0.003157272316273726,80163.95685107508,29085.070922747833,1.0001831680177018,20.50573110247527
z_pxb[5;2],0.4796802475905741,0.8531647523901023,0.0030710662589368935,77200.48488169417,32067.865886031264,1.000009054439709,19.74768270116269
z_pxb[6;2],0.04500193217333751,0.8415415432349063,0.0032414981226705154,67400.2730860607,32037.980145067624,1.0000395112425917,17.2408140818666
z_pxb[1;3],0.52546412719865,0.9407581876809985,0.0031414089508398704,89627.93093468886,27042.387293136333,0.9999733589533314,22.92659099191293
z_pxb[2;3],0.38660661838597526,0.8771104289270525,0.0033991752994733206,67237.50528330794,14254.414003795186,1.0000638583277202,17.199178502405502
z_pxb[3;3],0.002665270184211588,0.5915510870202304,0.003099356745881705,36393.67024703381,34709.58362540356,0.9999723669134654,9.30940593793583
z_pxb[4;3],-0.013685511359390824,0.730520057675112,0.0031303217633410494,54525.87347853056,34576.33482528805,1.0000172671820957,13.94757623747886
z_pxb[5;3],-0.1054573699109342,0.7603308789864145,0.002851963936501699,70955.26235169123,31677.39934118856,1.0000751787985716,18.150171064938576
z_pxb[6;3],-0.2935979182539776,0.6974263292608952,0.0032725089680959146,45382.40228158424,33695.67236500809,1.0000670632352646,11.608700150609472
z_pxb[1;4],-0.43884962941244937,0.9617930823709266,0.00319876790382493,90500.90815238142,28159.041520936644,1.000013017500696,23.149896287556537
z_pxb[2;4],0.1685796382996735,0.8737965651198089,0.0031568313860315133,76755.60699976727,29997.86371677683,1.0000819515209631,19.6338840991653
z_pxb[3;4],-1.027920770818056,0.6653941794094966,0.0032424509447582235,41953.9163237489,18613.12394617745,1.0000732216891963,10.731702383762824
z_pxb[4;4],-0.04588394935273874,0.9433923475791905,0.003311203003347331,81164.26115525984,30678.266957751996,1.0003125172444554,20.761606334786563
z_pxb[5;4],0.23399103464640034,0.8258821336571557,0.002999495232147568,75808.55105160672,32096.863955687262,1.0001088959215951,19.391629657458314
z_pxb[6;4],0.09858828145740108,0.7228856041645212,0.003200736919847134,50948.55163129256,34713.76977033484,1.0002375966493156,13.032506638272958
z_pxb[1;5],-0.21514823399182487,0.9396101593915968,0.0029982347721542,98260.41145642746,28394.256313218648,1.000305795225437,25.134756996679613
z_pxb[2;5],-0.4237747229528786,0.8720781037012816,0.003133526223117165,77391.35275194928,29510.868609516187,1.0004406120680276,19.79650620460857
z_pxb[3;5],0.7349077651706327,0.630571770423589,0.003241106249631784,37483.1360038801,31041.402954081637,1.000069784342713,9.588088437313294
z_pxb[4;5],0.010076721557872972,0.94999743395713,0.003161696939223028,90253.74656012023,29255.450586834537,1.0001820199275189,23.086672996830217
z_pxb[5;5],-0.5308660495770653,0.8167488840694171,0.002861770008271573,81520.04763472494,30544.802372709495,1.0000447636025498,20.852615588376192
z_pxb[6;5],0.24650651489746,0.9269387765368081,0.0032118812702184923,83203.53521720183,30619.1292402633,1.0000161946943893,21.283247321597134
z_pxb[1;6],-0.009163045760882779,0.9645604906268074,0.0030906345041773514,97443.74195075368,28065.786332643245,0.9999976824657255,24.925855066925212
z_pxb[2;6],0.13680989364328056,0.9380738970828542,0.0036026624366951618,67607.50686682093,15384.724968720613,1.0000872786599873,17.293823942538936
z_pxb[3;6],-0.035777117150149446,0.7036888655213132,0.0032839890043813596,45868.17380763062,33450.9164914463,1.000225373879142,11.732959240125867
z_pxb[4;6],-0.061445893025735984,0.9714155558451271,0.0031304202710418236,96280.06868376634,27387.703932907218,1.0001075994454078,24.628190479979846
z_pxb[5;6],0.3302815597654781,0.9099959754685317,0.0032081611076044923,80474.65118073332,30098.420036502728,1.000191775589975,20.585205901740373
z_pxb[6;6],-0.15070527827290595,0.8609710067391665,0.0032209639847278868,71441.57733979114,31332.55583171048,1.0001598423995484,18.274569170630965
z_pxg[1;1],-0.20529365909042954,0.6279786087032236,0.002685141381614118,54656.875165533296,32672.536670128648,1.0000653700677553,13.981086127374132
z_pxg[2;1],0.31664785261560136,0.48615764273462436,0.002532160438813512,36878.51742258814,33019.488337469345,1.0001104591057077,9.433428581006977
z_pxg[3;1],0.00881933976978111,1.0021644994979848,0.003298643718601853,92351.87453105132,28142.94899782439,1.00017225780478,23.623368660074764
z_pxg[4;1],-0.12704542334173208,0.618608749762188,0.0026718640879954455,53634.440488606626,33318.1789118994,1.0003008968045,13.71955000342938
z_pxg[5;1],0.02323354651208581,0.9461202201393719,0.0030676231115341515,95044.44024262302,28953.899854772262,1.0001920805854598,24.312119947137685
z_pxg[6;1],-0.23282521028432912,0.8207074339342005,0.0030398748900432038,72905.11949532942,30182.014951615456,1.0002031338554855,18.648939437237914
z_pxg[7;1],0.6699226269709654,0.5910560882070904,0.002650534868840091,49875.84699991706,33904.294825938116,1.0000636991521372,12.75811159107949
z_pxg[8;1],0.4059221508617586,0.9769564499254058,0.0034693201514499742,79196.83718723145,27498.75270885398,1.0001817020660875,20.258344414620826
z_pxg[9;1],-0.25845427270426674,0.7017483949254144,0.002843402672384671,60947.68124273436,31578.820041870553,1.0001629367439815,15.590257916093943
z_pxg[10;1],0.44251432598965,0.7744300549175592,0.003142343693109562,60794.790560390626,31088.465868764113,0.9999631708159405,15.551148878274878
z_pxg[11;1],0.3812392563059934,0.9196657899778047,0.0031920031510123347,86575.63099740409,28081.803374562012,1.0002451861181747,22.1458206280655
z_pxg[12;1],-0.6948512690994452,0.8020657693079023,0.003480357215357658,53400.27203187361,30843.672953887068,1.0001314764281863,13.659650322886298
z_pxg[13;1],0.1480454139251166,0.9215075527619975,0.0034540819102954166,71027.91034656565,16705.69559254925,1.0000369113732002,18.168754232568343
z_pxg[14;1],-0.0033259095008758566,0.5911039538154896,0.002515564457946902,55197.45560151163,32210.361096286382,1.000123753656857,14.119365193114659
z_pxg[15;1],-0.30351247091320693,0.9250023467987236,0.003289022550069663,78871.79872033616,28830.290314125486,1.0001411937319102,20.17520042245864
z_pxg[16;1],-0.13344785825127442,0.969908497938897,0.0031307466771062493,95957.31264005411,27520.074564651663,1.0000568265655,24.545630325715543
z_pxg[17;1],-0.7164284124945512,0.5730226941257247,0.002589406310585855,48841.34808553845,33525.41475893696,1.0000398940558664,12.493489466656925
z_pxg[18;1],0.6888678083770455,0.4838275160496528,0.0024572444016610954,38957.29991855742,33277.52537752473,1.0000989932523194,9.965175722207466
z_pxg[19;1],-0.09528521478922873,0.9016618085968021,0.0030216539867876143,89074.3884765184,30231.917987706172,1.0001259428682214,22.784996274699388
z_pxg[20;1],-0.10110903810221036,0.47076483058240465,0.002420003603169491,37804.20637089481,33965.49080685247,1.0001767492291904,9.670217399874458
z_pxg[21;1],-0.2041568094716708,0.5869979683883135,0.0031893215780318326,33831.174493292056,31586.262608660218,1.0000820428737431,8.653926206875644
z_pxg[22;1],0.41915608954763767,0.9130328418368575,0.0031629317924609327,83587.25029673264,31713.439814442354,1.0000203415268587,21.381400638248422
z_pxg[23;1],-0.10590986243180778,0.591535394626226,0.003251983038905924,33079.674693791814,22199.1972615193,1.0000716212557788,8.461694518003997
z_pxg[24;1],-0.1447199450390369,0.9582297383642412,0.0031649742735200158,91529.00547431577,27618.15258711327,1.0000477350467627,23.41288090132661
z_pxg[25;1],-0.682846888394543,1.0063264045639568,0.0041715319129504306,57768.181377923465,15461.018226469383,1.000146342484551,14.77695014251073
z_pxg[1;2],-0.05659128727751193,0.811809469100323,0.003117354292431945,67913.84447924563,28778.124691703157,1.000365489525809,17.372184304897605
z_pxg[2;2],-0.3197128380546143,0.5110358825272773,0.00293276340265784,31867.534869390798,17579.314248089428,1.0000768987824877,8.151632312068418
z_pxg[3;2],0.026909325250048834,0.9601924403169942,0.0030351958943007694,100082.20216859248,30099.170491800858,1.0002429301841504,25.600766309793276
z_pxg[4;2],0.3385192544094699,0.8194929715219743,0.0037016593220744894,50794.22843863495,16341.60190436545,1.0002193952688772,12.993031168051456
z_pxg[5;2],-0.01021222541985642,0.9306582040213089,0.0030373919533645648,93843.02864947471,29574.541509810537,1.0000830587826077,24.004801994778333
z_pxg[6;2],-0.5323978179418833,0.9489056022426408,0.0031680619623488445,89880.47910518265,28563.176315870725,1.000162464431504,22.99119215530346
z_pxg[7;2],0.030308811961448332,0.6398683867369758,0.0028398864474068713,50892.39929127003,32343.239167619024,1.0001671673099084,13.018143016135195
z_pxg[8;2],0.3811710881039381,0.9626844982376465,0.0030970701415251084,96598.32894739437,27938.23775443796,1.0002336858615284,24.709600625423185
z_pxg[9;2],0.17332738746908918,0.9109114448378364,0.0030770507574254115,87565.2091376213,29311.77108502375,1.000183357056424,22.398952135606716
z_pxg[10;2],0.30019231336288904,0.8978218495972922,0.003163029485019038,80490.50961745957,29083.074779362232,1.0000341047851264,20.589262448497642
z_pxg[11;2],0.28104943536439375,0.9567068561201851,0.0031503243093536255,92230.14180782315,28625.42746135957,1.0001864272094403,23.592229746940447
z_pxg[12;2],0.02988066411569098,0.8962409395528294,0.003240589677332002,76467.2175677803,29340.125487933255,1.0003708159894407,19.56011483455544
z_pxg[13;2],-0.04583269197863036,0.9881491553297005,0.003076380523274194,103201.2402728882,27672.10874722581,1.0000373929535171,26.39860812271527
z_pxg[14;2],-0.5802759271641438,0.581252380851171,0.0025511953179715636,51965.05663445708,32449.5826827805,1.000042008701719,13.29252596713338
z_pxg[15;2],0.21795706513477645,0.9641647246034286,0.003027382931453952,101414.02788293925,28143.525698879937,1.0001508525672491,25.941443854247478
z_pxg[16;2],0.11603589113987216,0.9824602544349802,0.0032502776678601064,91365.28537110086,28016.502757617982,0.999994496074525,23.371001725890807
z_pxg[17;2],-0.28109817600528547,0.7470261646637836,0.002779897992709686,72144.24901884732,32830.36353148932,1.0000980863379758,18.454310753632146
z_pxg[18;2],0.577802526386885,0.5359063805831772,0.002556098930327154,44141.73987954281,33597.137841177144,1.0000001005388548,11.291341943697667
z_pxg[19;2],-0.020610930402737378,0.9240469641774806,0.0029990059825842877,94798.5929608336,29108.385124956403,1.000093240927649,24.249232853602447
z_pxg[20;2],0.0772509676700247,0.48772133280913776,0.0024323585466966948,40153.731658001976,34050.8631009111,0.9999930439468103,10.271219840976382
z_pxg[21;2],-0.22428314736626725,0.637230112654991,0.003158187762457344,40705.905878535275,32860.10423515622,1.00007447751075,10.412464566570574
z_pxg[22;2],0.03791996465298728,0.8873101005125197,0.0031519540118173394,79280.24968820257,28409.077725024286,1.0000767032441462,20.279681114837317
z_pxg[23;2],-0.12752733150766982,0.639512254473704,0.00321948685154194,39462.374087584656,31192.704629393054,1.0001349694803512,10.094372377458892
z_pxg[24;2],0.23985838467493922,0.9434661437053431,0.0029551512828590205,101933.77186313822,28598.25281069617,1.0005517866749325,26.07439300893915
z_pxg[25;2],-0.42880087496325087,1.0126587158099587,0.003433866730098514,87048.40533237212,29107.393871534718,1.000007363920857,22.266755069999498
z_pxg[1;3],0.5024090076802215,0.6816146528729015,0.002550244004802962,71393.01975859643,28996.41588606325,1.0000200058922308,18.262148267994945
z_pxg[2;3],0.799018298265958,0.5771645333444425,0.0024875927817558036,54024.87949566112,33685.431684808675,0.9999531529894009,13.819423283205856
z_pxg[3;3],-0.019187354250026017,0.9782134263604252,0.003344201426701477,85601.20582890447,27185.752110482113,1.0000153909727554,21.89656521117212
z_pxg[4;3],0.0984429522326226,0.6806219595378143,0.0027566670728272056,60825.437318514465,33765.42367763711,1.0000276853804346,15.558988239079104
z_pxg[5;3],-0.007354923045252093,0.9590206880947941,0.0031978122127864924,89963.6010212364,28504.61244328238,1.000318530097965,23.0124545246559
z_pxg[6;3],-0.04837146386275473,0.8400869761586197,0.003377254969972972,61924.56739836799,26789.077118720958,1.0000419316312292,15.840142847078177
z_pxg[7;3],0.43068175182389584,0.5081162447906313,0.00242263009335546,44101.50413514951,32485.71163498655,1.000062945792135,11.281049745212881
z_pxg[8;3],0.15642704564569024,0.9392858951358127,0.003480564958012524,72649.38837927784,15822.88939615768,1.0000115341211158,18.583524084674522
z_pxg[9;3],-0.4210256516538198,0.823641133907703,0.0029067955528311717,80304.17988068052,30371.100028154935,1.0001029772488332,20.54159978775992
z_pxg[10;3],0.3503306359794885,0.813212407625322,0.0033380791801783513,59412.70015543677,17198.782204529085,1.000118921903171,15.197613757048948
z_pxg[11;3],0.14296540730728563,0.9816303085932845,0.0031139249764744054,99397.2944277901,27035.225065968083,0.9999433616562067,25.425568695870737
z_pxg[12;3],0.8844210792809547,0.8046965727344049,0.0032666871646807563,60575.18392655213,33462.08701244584,1.0000214174240671,15.494974074052354
z_pxg[13;3],0.11099095634306891,0.9593790445061696,0.0031990631393249503,89987.0938291145,29581.45810086163,1.0001631618533904,23.018463923644095
z_pxg[14;3],-0.23707383774060994,0.6110847568370615,0.0025638687847374664,56810.27302562325,33186.50883321986,1.0001541075391949,14.531919684126864
z_pxg[15;3],0.7313949221971194,0.833547214858327,0.003173113930027848,68898.08905590771,29811.2310263131,1.0000180245113477,17.623951500790852
z_pxg[16;3],0.058812951447680256,0.9923128543497265,0.003085961618757679,103323.07902279624,27073.765654393366,1.000527447843526,26.42977415719779
z_pxg[17;3],-0.026378241294278036,0.6465648524444318,0.002566529202111307,63474.622922207884,31918.807080426708,1.0001709404763481,16.236643007677984
z_pxg[18;3],-0.21182113771613545,0.5313011800848902,0.002365176992928818,50440.54380484819,33688.94128915476,0.9999988406022481,12.90255956110493
z_pxg[19;3],0.08793311179644447,0.9738587199106471,0.0031142072622752917,97792.9493981757,28395.09845461671,1.0001424074482477,25.015181421275717
z_pxg[20;3],-0.5677949193824873,0.512169937938788,0.002369774644564142,46623.69418604905,35377.301330709204,0.9999907529827977,11.926219382599497
z_pxg[21;3],-0.6456199285418565,0.5896413894411222,0.0033789859832311204,30498.57432242368,18094.988978312438,1.0000885363581733,7.801455774274067
z_pxg[22;3],-0.017401525722361463,0.8447835175064701,0.00326420583376389,67052.13732730955,32143.54695990106,1.0000079824703243,17.15176186268324
z_pxg[23;3],-0.5524515829046311,0.594909083558735,0.003007282244760504,39136.274887132546,32857.57759291126,1.00002493357695,10.010957052419164
z_pxg[24;3],0.16561744832617264,0.9429664090563092,0.0030762609859669166,94039.74990743537,27467.696809235633,1.00013570956534,24.055122779534205
z_pxg[25;3],-0.15077494238804903,0.9964473587100865,0.0031517544441931823,99967.71008653923,27091.818316631496,1.0001833050916173,25.57147953378859
z_pxg[1;4],-0.09078524577422155,0.8204196597479035,0.0027203483928161984,90993.40240336867,26730.031856630136,1.0000150593823582,23.275875032580576
z_pxg[2;4],-0.18574612941368465,0.5652756569543372,0.002536887008102861,49750.783371980695,33613.662468784125,1.0000005242868042,12.726120641207501
z_pxg[3;4],0.003903472198161644,0.9937488657562666,0.005037028650143491,40741.06061249843,14519.575476271495,1.0002278842033627,10.421457055838124
z_pxg[4;4],-0.48693727992614133,0.7802853074045941,0.0029311986057344776,70929.75460899755,31826.818886165605,1.0000674080909637,18.143646250879318
z_pxg[5;4],0.06310695024236875,0.9297797999328021,0.0030918553453354843,90384.48434328748,29793.99397828012,1.0000496373203842,23.120115380812607
z_pxg[6;4],0.5895005022198002,0.9501151341219104,0.0033007967129668873,82798.89546187334,30185.927472307212,1.0000686093651106,21.179741527446378
z_pxg[7;4],0.019763816113450017,0.5920237562193074,0.0025546695657961095,53809.92687142608,32147.71146095128,1.0001817981519028,13.764438962502682
z_pxg[8;4],-0.1403691916622262,0.9520198866325822,0.0030626526939021665,96786.98056814207,28467.299860698615,1.0000036425930565,24.75785721802483
z_pxg[9;4],-0.17862660237566097,0.9537945967624467,0.0033165054087692315,82722.64615510995,30019.289076307577,1.000239010054647,21.160237153627296
z_pxg[10;4],-0.11013290504779,0.9098338375905664,0.003141223079237815,83822.28741511628,31222.132906560357,0.9999792671032717,21.441522520176346
z_pxg[11;4],0.030260263386445888,0.9990873393287302,0.0031697128803062553,99415.82143981975,27015.33626269546,1.000002691596776,25.430307857231224
z_pxg[12;4],0.07924598617214051,0.8777260528452518,0.00310216722314186,79966.30008484123,32448.064469975583,1.000023911245123,20.455171017142835
z_pxg[13;4],0.047456778793714044,0.980632558395736,0.0031659957070786448,95989.88167354836,26917.25520072064,0.9999611077385928,24.55396139954641
z_pxg[14;4],0.1472771863514769,0.6050192333162431,0.002622649009421209,53294.26153578799,31528.67911358781,1.0001151680419165,13.63253311445296
z_pxg[15;4],0.06309767404689372,0.8597648424906255,0.0030350787095140826,80259.17658148405,30368.671648142386,1.0000056052067474,20.53008806118982
z_pxg[16;4],0.18905706444799897,0.9252287113537097,0.003132937080655249,87195.03827166566,30525.185933572244,0.9999826658984818,22.304263393465927
z_pxg[17;4],-0.4068795082834416,0.6642050488742401,0.0030654887137122095,48779.56553131977,16056.407620924305,1.000155386759625,12.477685650410855
z_pxg[18;4],-0.425994043540247,0.5201155043602808,0.0024550312240058346,44878.1466291886,33103.9754901833,1.0000356828604575,11.479712869777794
z_pxg[19;4],0.2580478517166609,0.9172063479892653,0.0030437053739150867,90895.41150102987,27326.32392837933,1.000230480863831,23.25080921531333
z_pxg[20;4],-0.8389448414847691,0.5261534733949262,0.0024703632852853584,45459.22126505394,33935.51260977492,0.999974987388868,11.628350246244366
z_pxg[21;4],-0.15439846960506753,0.6457579899318999,0.0032459830065267336,39722.01622068889,32963.06117809706,1.0000273434482538,10.16078815798479
z_pxg[22;4],-0.19684511545655506,0.9028019632459218,0.003105176999544889,84534.0395448927,30122.64498439757,1.00023185517687,21.62358685879081
z_pxg[23;4],0.2705956167293227,0.6519585904794872,0.0035293637741975665,33918.23070017859,15072.778485325249,1.0000374132311507,8.676194957562851
z_pxg[24;4],0.2736331687217879,0.9521225870090545,0.0030884790686312785,95039.16513374528,28744.63853104592,1.0000394926056175,24.31077058804374
z_pxg[25;4],0.5534647193655777,1.0085788110120204,0.0035503352271333763,80658.40147285943,29845.855117957533,1.000051091551026,20.632208747262823
z_pxg[1;5],0.6830465490514461,0.8382479194118829,0.002785680902889591,90636.01541245767,29181.186059251533,1.00007385538287,23.184456372337063
z_pxg[2;5],-0.24702108485048593,0.5498265637114458,0.0027109004640234746,41804.46928815238,16443.48062047759,1.0000682581922866,10.693474221800992
z_pxg[3;5],0.04077639393022845,0.8913745939322572,0.0031111076745943943,82081.17656051269,30308.164225669378,0.9999794477665609,20.996150904221444
z_pxg[4;5],0.16086973417433256,0.7638241456041115,0.002914064451504704,68685.31619097409,32151.369342516064,1.0000273333193097,17.569524756832372
z_pxg[5;5],-0.017511859998339097,0.9983190818112148,0.0031298963816189483,101749.01333329434,28092.977918374425,1.0001999525423584,26.027132258837884
z_pxg[6;5],-0.47085951621975175,0.8589614766261072,0.0029374812420055576,85662.16810221621,28069.379649445087,1.0000585145271863,21.912159201701414
z_pxg[7;5],-0.3013644479478796,0.6443628693443388,0.0027654886939645533,54065.12296813768,30866.007481409313,1.00035195066145,13.829717458514185
z_pxg[8;5],0.3712098884157785,0.9389446325710908,0.0033414274286401057,78988.45077142767,31729.205535197183,1.0003097408512285,20.205039712910317
z_pxg[9;5],-0.11641495823041159,0.9780634872388297,0.003637358553168566,71985.88786209068,17293.672642596215,1.000494746428252,18.413802382724743
z_pxg[10;5],-0.8606616036464154,0.755109825598849,0.0035402332662292863,45922.29248458944,16525.003235063352,0.9999706851386878,11.746802656555534
z_pxg[11;5],-0.07806995994963203,1.0031864321651296,0.0031206372647511974,103434.56427896518,27775.091995989882,1.0002690364388636,26.458291794982784
z_pxg[12;5],-0.3512086711603996,0.7535671745135043,0.003251223285134038,53368.18329817859,33641.70960270721,1.0000353625055378,13.6514421084915
z_pxg[13;5],0.0866137488009957,0.9864887412009947,0.0030668502516740504,103646.94767574323,29049.864833102434,1.0001415706277512,26.512618914002765
z_pxg[14;5],-0.035437163264348655,0.6388102408576296,0.002640288990182793,58532.95188249146,32470.38460721006,1.0001303896167655,14.972576443129963
z_pxg[15;5],-0.07741887247636216,0.9670704984736753,0.003255282223790753,88294.53506497464,27852.017257459476,1.000003291794517,22.58551180581055
z_pxg[16;5],-0.058372665064022576,1.000246720813168,0.0031990216976656907,97691.3116765834,27352.709143115142,1.0001263319987126,24.989182757153987
z_pxg[17;5],0.44424426677638823,0.6520086536034823,0.002628849570636916,61494.95272399094,31175.779562173488,1.0001121342442894,15.73024853376703
z_pxg[18;5],0.21588778969553532,0.5322806486700233,0.002516877974078116,44728.368740493475,33844.39707557715,1.0000612795028854,11.441400076456171
z_pxg[19;5],-0.05954266528994543,0.9438828980951486,0.0031000151700959033,92664.07413248315,30372.867421451647,1.0001064208466284,23.703228503933946
z_pxg[20;5],0.8672697984984689,0.5378240117816216,0.002698262484635954,39442.69069580082,16858.061660294024,1.000145781568734,10.089337417173013
z_pxg[21;5],0.41245184007188873,0.588422512625803,0.0031642074332607897,34514.320890179566,32872.490236310805,1.0001336370340723,8.828673273618174
z_pxg[22;5],-0.00829911007608255,0.867383798619098,0.00311676576603509,77404.96401103887,31112.114465853367,1.0003031997967609,19.79998792918681
z_pxg[23;5],0.5921887764991971,0.6138411215567082,0.003193071090170807,36830.946163655535,33632.33747416108,1.000037225883432,9.421259977033367
z_pxg[24;5],0.5930157721975067,0.9718064005228461,0.0035355716498318528,75389.94487534683,31327.674035769993,0.9999851674455509,19.284551289256417
z_pxg[25;5],-0.319493429162427,0.9988410818453282,0.0032921449024502524,91995.27020321405,28778.535465324185,0.9999664602487635,23.532150203004406
z_pxg[1;6],-0.0019036177900908608,0.9293372931037476,0.00312227841637905,88574.43856087471,30580.720014079514,1.0001534076655842,22.657110390099902
z_pxg[2;6],-0.25610008271289514,0.6927030321429904,0.002688082898963374,66413.91101245873,32735.291258263478,1.0000651931532978,16.988505235778362
z_pxg[3;6],0.004631750222543652,0.9997931256668209,0.003108214212654153,103448.97127955708,26198.303966698524,1.000070110932681,26.461977068162096
z_pxg[4;6],-0.18579237591200654,0.9011394611911632,0.0030947379634858304,84862.68602980059,29382.49231181983,1.000030491647675,21.70765377255125
z_pxg[5;6],0.06409295186561617,0.970526372338194,0.003033286273955221,102340.01848650535,29858.873260373646,1.0003550179895977,26.17830983574363
z_pxg[6;6],-0.06501573359873432,0.9320756849807613,0.0030707137716076754,92211.8087372022,29335.777346014398,1.000007254882155,23.587540195286522
z_pxg[7;6],-0.18462777620979565,0.7182659683321397,0.0028940980226792867,61797.18652013001,30731.788187640086,0.9999465020204001,15.807559150622204
z_pxg[8;6],0.06831491951585474,0.9666738749788457,0.003077171951938833,98692.13692463745,27889.147815498614,0.9999942501374464,25.245191245548472
z_pxg[9;6],-0.11523706230936633,0.9904035338127865,0.0031738147034560647,97288.04897221748,29247.98595257718,1.0002974746806135,24.88602920904824
z_pxg[10;6],0.08971958680592261,0.9034613166432247,0.003050139588784736,87678.43982968926,29459.071580741947,0.9999651643171106,22.427916251342747
z_pxg[11;6],0.11289020468413578,0.9877969107876521,0.0031143669997005926,100564.33157229799,27157.5093913291,1.0002749440386818,25.724093753913184
z_pxg[12;6],0.6551180287321533,0.9013638819087069,0.0033226360185642256,73707.07381010725,31408.368360292923,1.0003608183379487,18.854077259536957
z_pxg[13;6],-0.10313023996690009,0.9808060119975838,0.0033215530810010337,87139.2133198995,28365.908909761645,1.0001325105845629,22.289983516390347
z_pxg[14;6],0.2365878724695995,0.626372644478418,0.0025799629247572876,58985.1446814348,31061.906334513904,1.0001214193253058,15.08824618182355
z_pxg[15;6],-0.050417303517013755,0.8323434182686952,0.0028851149304389197,83253.22534591089,29764.6602624567,0.9999707309977331,21.29595792693375
z_pxg[16;6],0.11750328635763976,0.972890596880333,0.0031563511845010372,94985.37633089934,28130.620042972056,1.0000542710442664,24.29701155255187
z_pxg[17;6],-0.5137776602039403,0.7369142393676643,0.003473970189362773,47164.77211979461,15499.282171028637,1.0000756949231686,12.064625706971453
z_pxg[18;6],0.06602388279127022,0.6578359442072857,0.002695119172654336,59601.77645137636,33732.05312313086,1.000061553710997,15.245978980457172
z_pxg[19;6],0.19795591307220115,0.9383704963689729,0.003120918941153462,90412.46997189269,28121.42584133511,1.0002355447763007,23.12727403162594
z_pxg[20;6],-0.9425107300951852,0.5914540238863851,0.002716270238018807,47391.37084251922,18064.746929659366,1.000052488030464,12.122589069296337
z_pxg[21;6],-0.3097054197183099,0.6545771414239058,0.0032113226545801474,41493.47514150898,31674.77850034047,1.000099424386367,10.613922730132979
z_pxg[22;6],-0.6225809764508653,0.9064834892172068,0.0032399661478195924,78406.28457048314,31266.193991936347,1.0002214998409673,20.056123116943187
z_pxg[23;6],0.28197465378965036,0.653318350272128,0.0032084392288042212,41272.05497621491,31842.114380952644,1.0000237312217013,10.557284029293639
z_pxg[24;6],-0.050534104305926045,0.9558107303618372,0.003053319384648544,98019.44679941169,28760.384873585037,1.0001080987377151,25.073118865828047
z_pxg[25;6],-0.21967981390992736,0.9989843108475007,0.003286838393571896,92423.28870311251,27435.553177596434,1.0001912552706955,23.6416362190466
z_pxv[1;1],-0.16535625152584377,0.5486332574342562,0.0030875275658569282,31555.496233804803,31410.706194356382,1.000033000310234,8.071813642852817
z_pxv[2;1],-0.6886771257240394,0.4444271529463191,0.0025057526668529092,31248.076543489376,29636.210984876478,1.00012650760859,7.993176487791654
z_pxv[3;1],0.23428852179540735,0.9577639013980765,0.003186416786122433,90407.2465015352,28552.58391262489,1.0002131907530123,23.125937881530817
z_pxv[4;1],0.22530854787554658,0.4108428235214055,0.0023174091213190996,31354.855862793163,33148.289045291865,1.0001843653079365,8.020490359199181
z_pxv[5;1],0.2236822518600412,0.4272568549346456,0.002370017962747614,32469.3313673179,32862.34676909268,1.000158646240415,8.305570286809731
z_pxv[6;1],-0.1285266284483833,0.550749688173707,0.0030781263540089867,32000.414115349442,31621.311420809343,1.0000533289484124,8.185622476648113
z_pxv[1;2],-0.23787896935995415,0.5755023073355605,0.0031471156384544436,33461.089899146325,30047.764575073474,1.0000785681756335,8.55925953283884
z_pxv[2;2],-1.0339558976369325,0.5140822977529219,0.00250615835386493,42104.84573888131,33272.595335103404,1.0000234572701676,10.770309734544034
z_pxv[3;2],-0.3392680643621065,0.9606457814129632,0.0032935910099206414,85202.9519556108,28650.30036676138,1.0000932156947837,21.794692908992097
z_pxv[4;2],0.567063521517091,0.4986730161873611,0.0025190937247897087,39599.2617950054,33484.94474687155,0.9999681947947509,10.129387896026904
z_pxv[5;2],0.05051778236845347,0.4834272295123772,0.0023647302836852942,41875.50645126739,34673.17736693729,0.999985915909535,10.7116453428676
z_pxv[6;2],-0.4184542958131697,0.584757226864662,0.003213291589168108,33096.530805472335,31841.940343732596,1.0000425667328212,8.466006267412725
z_pxv[1;3],0.05532257227992075,0.530517716872631,0.00292673642606883,32828.653184744275,31739.85747125286,1.0000150860933308,8.397483870630028
z_pxv[2;3],-0.5451718425906162,0.46672730314028127,0.002292436124696163,41399.374178911756,33226.995324719144,0.9999635592338489,10.589851949307034
z_pxv[3;3],-0.3782258778578871,0.9453878332126588,0.003027154387906589,97576.10496568002,29034.53947162,1.0002946320054402,24.959713180953127
z_pxv[4;3],-0.7147330452899536,0.4532610989522201,0.002306702192768559,38655.536193830834,33414.77453599562,1.0000297941648384,9.887985348393704
z_pxv[5;3],-0.22904213569686172,0.4674615117131932,0.002270262674203396,42381.35162275431,34549.19892424033,1.000019416294767,10.84103921853751
z_pxv[6;3],-0.15162339373216602,0.5324267193710411,0.002983931110118365,31828.526956791633,31692.39947995236,1.0000320990822287,8.141654189754505
z_pxv[1;4],0.14888880442464342,0.5477478935230651,0.0031064953391490412,31028.929068041973,32073.619229469463,1.0000649740627694,7.93711913508813
z_pxv[2;4],-0.12593556670209952,0.4715384098528027,0.0024065250189479323,38441.011596988414,32207.06803340331,1.0000349096060073,9.833110515981303
z_pxv[3;4],0.5453763251510015,0.8887070007391419,0.0032330339751674856,75603.02854991847,30350.79336207713,1.000211811358869,19.33905753750974
z_pxv[4;4],0.5910629305424367,0.5260753540122337,0.0026485981051637218,39536.70884882572,31655.40108457962,1.0001202888978056,10.11338701552632
z_pxv[5;4],-0.2995315301086418,0.47800490497804105,0.002376148626606002,40423.814875850905,33793.94090476325,1.0000433897438843,10.34030642375061
z_pxv[6;4],0.5332004319418308,0.5744551978760514,0.003247925407582699,31130.62562393863,29682.68357266089,1.000069231256816,7.9631328488714805
z_pxv[1;5],-0.27742995403771836,0.5779923528529254,0.003117362431113602,34263.68064594902,32059.622168850667,0.9999849130660405,8.76456015279009
z_pxv[2;5],-0.40855348628241983,0.527974267752821,0.0033888037350739047,29346.24673013289,15356.289477133283,1.0001046172891046,7.506693381327632
z_pxv[3;5],0.3863576191258042,0.9761269536461675,0.0032120635289590335,92374.15527560662,28164.720378260954,1.0001545866955317,23.629068016425933
z_pxv[4;5],-0.5792810228956429,0.5081052016440826,0.002417748496518222,44064.30612507323,34319.37792964807,1.00002610890416,11.271534591244267
z_pxv[5;5],-0.2906180175205596,0.497856371592458,0.0024940787396143015,40158.02364815447,15433.157354835244,1.0001627736479028,10.272317720864285
z_pxv[6;5],-0.3001623889023233,0.5832423223004972,0.003154948975163885,34057.42946481726,32691.072833466358,0.9999913175266117,8.711801638540189
z_pxv[1;6],0.19596452061254307,0.6240056772183812,0.0033490761033063816,34724.08936479038,32730.9760579663,1.0000285710356294,8.882331502367245
z_pxv[2;6],0.03403214613931273,0.5871770436417453,0.0024935771063713474,55501.7878542003,33521.121772440376,1.000149354003049,14.197212589682643
z_pxv[3;6],0.838466006128524,0.844381540150487,0.003075401264012084,75486.45331563707,31495.680328366805,1.0000764530636645,19.30923789659776
z_pxv[4;6],0.49971341941429726,0.5708756157646293,0.0025005990739133278,52119.744817923514,34030.34663098501,1.0000499539828887,13.33209480105192
z_pxv[5;6],0.0224122258476078,0.5881547106076809,0.002643291058500448,49537.914037438044,33413.78786331248,1.000391285985859,12.671669220574614
z_pxv[6;6],-0.0930550379923073,0.6272122200913965,0.003332487806942638,35365.594858795885,32438.98534087146,0.9999700120905425,9.046426934748101
σ2,0.5240190143426731,0.02804580030111312,0.0001196925179049709,55274.326937865946,31350.815024927968,1.000086916439224,14.139028680480905
