"","atoll","region","seabird_data","lat","long","number_islets","annual_precipitation_mm","land_area_sqkm","lagoon_area_sqkm","tropical_storms_50km","hurricanes_50km","hurricanes_100km","hurricanes_200km","distance_nearest_atoll_km","nearest_high_island","distance_nearest_high_island_km","distance_continent_km","human_population","precip_anom","nppv","chl","phyc","temp","velo"
"1","Abaiang","Micronesia","no",1.8569,172.9472,20,2402,16.6,303,0,0,0,0,24,"Nauru",715,3631,5872,5.46999987773597,2.87979797501908,0.234936077832391,0.962542265250251,3.40428598251165,0.0725761704933924
"2","Abariringa","Polynesia","yes",-2.816761,-171.674099,3,659,9.2,51,0,0,0,0,194,"Samoa",1176,4549,61,6.07999986410141,2.18218983184641,0.152647677198117,0.874050643587757,3.39330367925753,0.0500763319805425
"3","Abemama","Micronesia","yes",0.3927,173.8657,5,2053,27.4,200,0,0,0,0,38,"Nauru",775,3679,3262,5.46999987773597,2.56427534353384,0.18451334264543,0.898279067010677,3.40231486624727,0.0810280494995078
"4","Addu","Indian_Ocean","yes",-0.64009,73.157791,29,2270,15,111,0,0,0,0,48,"Sri_Lanka",1073,1075,33694,1.02999997697771,1.53191929821744,0.100089390068355,0.788966057319466,3.41259173425334,0.0745922854355232
"5","Ahe","Polynesia","yes",-14.4784,-146.3037,77,1683,12,145,0,0,1,2,25,"Tahiti",469,6396,552,0.959999978542328,1.69736835744535,0.112941000839916,0.818922798761391,3.37515766090965,0.048316727638453
"6","Ahunui","Polynesia","yes",-19.6342,-140.4093,17,1561,5.4,19,0,0,0,2,60,"Mangareva",939,6718,0,0.649999985471368,0.728009611963895,0.0672547987995311,0.717168411848705,3.32457195491122,0.0528381435586725
"7","Ailinginae","Micronesia","yes",11.144382,166.378242,25,1651,2.8,112,3,1,2,4,27,"Kosrae",738,3560,0,0.879999980330467,1.41481992726331,0.0945287688625128,0.813044720498832,3.38019075756302,0.0530328811895304
"8","Ailinglaplap","Micronesia","no",7.394,168.7634,56,2950,14.7,777,2,1,3,6,67,"Kosrae",674,3530,1729,-1.47999996691942,1.86194944883082,0.118945684824802,0.793302605054155,3.39895518483143,0.0716147708333874
"9","Ailuk","Micronesia","yes",10.3410084,169.9418605,57,1816,5.4,192,2,2,2,3,89,"Kosrae",938,3860,339,0.759999983012676,1.2984413910906,0.087126923301154,0.774535920457644,3.38045929196822,0.0804636787587351
"10","Aldabra","Indian_Ocean","yes",-9.416548,46.343366,46,673,155.4,191,2,0,0,3,132,"Comores",356,650,0,1.01999997720122,1.99349928978762,0.143428452419045,0.869016195852157,3.34259910553169,0.0695130028854708
"11","Alphonse","Indian_Ocean","no",-7.0206,52.7374,1,1350,1.7,8,0,0,0,0,6,"Mahe",391,1282,82,0.96999997831881,1.91706531024168,0.133864415793501,0.862476260456982,3.35889781232449,0.0670720764013493
"12","Amanu","Polynesia","no",-17.8076,-140.7621,101,1369,15.6,212,0,0,2,2,35,"Mangareva",840,6738,192,0.649999985471368,0.896833929918497,0.0727187761556123,0.738712842049811,3.34380281981317,0.0484673246336257
"13","Anaa","Polynesia","yes",-17.41667,-145.5,70,1584,38,112,0,2,2,3,70,"Tahiti",386,6394,494,0.61999998614192,1.59104378856196,0.109742751119197,0.816858844470147,3.35459042517545,0.0435796043127341
"14","Analtin","Melanesia","no",-1.1263,144.3952,11,3382,5.6,36,0,0,0,0,8.8,"Manus",259,1112,0,-2.62999994121492,2.30504878066028,0.157173508463582,0.827709836579167,3.4217430069886,0.0631725309679513
"15","Ant","Micronesia","yes",6.7819444,157.9166667,12,4750,2.8,74,1,1,3,6,29,"Pohnpei",21,2566,0,-1.90999995730817,1.2177074402639,0.08218309601211,0.758476362409621,3.40953356141608,0.0660133118065556
"16","Anuanuraro","Polynesia","yes",-20.436,-143.5355,6,1693,2.2,9,0,1,2,3,31,"Tahiti",653,6366,0,0.359999991953373,0.834286467087389,0.072978592981898,0.732866261449186,3.31572559712441,0.0626224999912567
"17","Anuanurunga","Polynesia","yes",-20.6135,-143.287,5,1693,1.17,3,0,1,1,3,24,"Tahiti",686,6377,0,0.359999991953373,0.780613423324197,0.0707397616005363,0.724089299863068,3.31184072902733,0.0644829816984079
"18","Apataki","Polynesia","yes",-15.4527,-146.3248,88,1683,21,692,0,1,1,3,31,"Tahiti",394,6353,350,0.61999998614192,1.93632085130244,0.129851396533294,0.851175968766693,3.36979779159859,0.0469666963156063
"19","Aranuka","Micronesia","yes",0.1659,173.6088,4,1627,13.2,39,0,0,0,0,32,"Nauru",744,3531,1125,5.46999987773597,2.58206530522011,0.186376465701361,0.906620824845604,3.40263719762887,0.0758934077092682
"20","Aratika","Polynesia","yes",-15.5392,-145.5294,69,1650,8.3,155,0,0,1,1,44,"Tahiti",460,6400,160,0.61999998614192,1.82553390850806,0.122044923333916,0.838821786688023,3.36748886870444,0.0462226491663419
"21","Ari","Indian_Ocean","no",3.83,72.85,105,1966,9.26,2102,1,0,0,0,41,"Sri_Lanka",834,679,14155,0.749999983236194,1.87111749233883,0.118865444080789,0.851422529894453,3.4041454263281,0.095293002781662
"22","Arno","Micronesia","yes",7.081172,171.6562687,133,3160,13,378,3,0,0,2,32,"Kosrae",968,3776,1794,-1.12999997474253,2.07881084443592,0.138435134472162,0.820217160157991,3.39822709238803,0.088795883512652
"23","Arutua","Polynesia","yes",-15.3217,-146.742,65,1683,15,528,0,1,1,4,32,"Tahiti",372,6321,680,0.61999998614192,1.9453496155351,0.130632633809217,0.850727841750062,3.3700281806221,0.0462895025021899
"24","Astove","Indian_Ocean","yes",-10.087218,47.745384,15,848,7.9,9,3,1,2,4,38,"Madagascar",263,778,0,0.949999978765845,1.97875090007618,0.142907993482366,0.859093318323842,3.33478890509141,0.100938219529737
"25","Atafu","Polynesia","yes",-8.5602,-172.4929,52,2825,2.5,16,1,0,0,3,92,"Samoa",539,4108,541,2.47999994456768,1.45527126316574,0.0990378855436462,0.764204461754888,3.41553086136252,0.0489407256673047
"26","Aur","Micronesia","yes",8.255,171.0935,42,2669,15,237,4,1,1,4,27,"Kosrae",946,3792,499,0.169999996200204,1.78412357106526,0.115083406359525,0.804472256836092,3.39122295097981,0.0813590062401917
"27","Awin","Melanesia","no",-1.649,144.0179,2,3382,0.9,5,0,0,0,0,18,"Manus",281,1019,0,-2.62999994121492,2.43310327024838,0.169822523452702,0.838593833230685,3.41944464305347,0.0720669273423165
"28","Baa","Indian_Ocean","no",4.8529,72.9244,75,1779,7.29,78,0,0,0,0,18,"Sri_Lanka",787,561,9578,0.749999983236194,1.82230168463586,0.1164057930316,0.849726460528769,3.40208442159879,0.086965966125747
"29","Bangaram","Indian_Ocean","yes",10.9128,72.2279,6,1555,1.2,23,2,1,1,6,58,"Sri_Lanka",854,332,40,-0.859999980777502,1.58161644032996,0.103941001371968,0.871303861063234,3.39903403037628,0.105318362462471
"30","Beautemps-Beaupre","Melanesia","yes",-20.3455,166.1691,2,1250,0.5,78,13,6,10,30,37,"New_Caledonia",105,1467,0,-1.76999996043742,1.12058250679182,0.0912940085269921,0.79143220686466,3.29191791810148,0.0824104426266352
"31","Bellona","Melanesia","yes",-21.156,158.9917,1,1115,0.2,8132,6,3,5,17,130,"New_Caledonia",538,813,0,-1.20999997295439,1.34605539363216,0.110188873865118,0.789573736874462,3.26315465064273,0.0831146142352377
"32","Beru","Micronesia","no",-1.3215,175.9784,1,1485,19.6,20,0,0,0,0,71,"Nauru",1007,3590,2051,6.23999986052513,2.23014927194994,0.151549285469984,0.873706994016945,3.40573094623094,0.0725937201019564
"33","Bikar","Micronesia","yes",12.25111,170.10303,6,1143,0.5,43,1,1,2,3,105,"Kosrae",1088,3967,0,0.519999988377094,0.830030266865915,0.0687536017405236,0.726848091906844,3.37065409617536,0.0632824624282667
"34","Bikini","Micronesia","yes",11.5391494,165.2716261,23,1544,6,633,4,0,1,6,110,"Kosrae",738,3545,0,0.879999980330467,1.37656136098605,0.0930329332140097,0.808388292709342,3.37959941657679,0.0732081266435015
"35","Birnie","Polynesia","yes",-3.5847,-171.5169,1,659,0.49,0.03,0,0,0,0,67,"Samoa",1093,4536,0,6.07999986410141,2.13234517299906,0.148275499190669,0.874168331223436,3.39815801524758,0.0488596439853674
"36","Bitra_Par","Indian_Ocean","yes",11.5482,72.1636,2,1510,0.2,33,1,0,3,5,73,"Sri_Lanka",873,324,278,-0.859999980777502,1.60607267877413,0.105552678391874,0.875409379105652,3.39802818072018,0.100463377575181
"37","Bokaak","Micronesia","yes",14.6559,168.9733,36,1143,3.2,84,1,1,1,4,288,"Kosrae",1215,4055,0,0.499999988824129,0.654059374240844,0.0624328413772745,0.715818478516815,3.36554370822323,0.0571996151576308
"38","Bramble_Haven","Melanesia","no",-11.2299,152.0092,5,3000,0.8,144,3,1,1,2,43,"Sudest",129,833,0,-2.12999995239079,1.78354123428709,0.119700914799484,0.852866732173413,3.37119520760642,0.0773397997078942
"39","Budibudi","Melanesia","no",-9.2862,153.6736,8,3000,3.2,14,3,0,0,0,177,"Muyua",74,1102,300,-3.23999992758036,2.32558639656085,0.164011065749843,0.864898845391754,3.39440411774197,0.0975700466555608
"40","Butaritari","Micronesia","yes",3.152,172.8311,32,3195,13.49,342,0,0,0,0,129,"Nauru",768,3651,3224,2.93999993428588,2.39409981195493,0.171092062528472,0.876286105297266,3.40562924800088,0.104853153128485
"41","Byramgore","Indian_Ocean","yes",11.8942,71.8011,1,1510,0.1,73,1,0,1,5,52,"Sri_Lanka",930,340,0,-0.859999980777502,1.60058447750294,0.105253549075727,0.874623714039741,3.39719960237956,0.0988351197337749
"42","Caroline","Polynesia","yes",-9.9594389,-150.2053785,39,1513,6.99,8,0,0,0,0,566,"Bora_Bora",740,6196,0,2.6999999396503,1.67838261634934,0.114588235740403,0.826250819091308,3.39037666634621,0.0492435760295135
"43","Cherbaniani","Indian_Ocean","yes",12.3498,71.9068,3,1500,0.1,31,3,1,1,7,50,"Sri_Lanka",938,320,0,-0.859999980777502,1.6084884849287,0.10596557441889,0.875208412545431,3.39630641430474,0.0992980660963423
"44","Chesterfield","Melanesia","yes",-19.2865,158.6077,8,1115,0.61,3761,17,10,16,21,77,"New_Caledonia",573,885,0,-1.61999996379018,1.07903421977971,0.0890126255654399,0.797444250756428,3.29598769900261,0.0642647038367768
"45","Chetlat","Indian_Ocean","no",11.6935,72.7078,1,1510,1.2,2,4,2,2,3,56,"Sri_Lanka",822,260,2400,-0.61999998614192,1.63902224975478,0.10766003571756,0.87846382240252,3.39877583177836,0.105510008549041
"46","Clipperton","Polynesia","yes",10.3036471,-109.2163215,1,5020,6,7,4,1,2,9,4223,"Galapagos",2273,1089,0,-1.27999997138977,2.30209558756708,0.160339713093428,0.906202259868812,3.37367554281766,0.0827619781425558
"47","Cocos","Indian_Ocean","yes",-12.141876,96.8677068,25,1994,14.2,104,10,1,3,6,2724,"Christmas",963,2087,593,-1.8399999588728,1.17912630502805,0.0880485756461273,0.774178495203624,3.35520004253766,0.0785018960800243
"48","Conflict","Melanesia","yes",-10.7804,151.798,21,3000,4.6,168,2,0,1,1,41,"Misima",81,836,30,-2.12999995239079,1.8443600373116,0.123019829061025,0.856622430863601,3.37243508186766,0.0802387236156741
"49","Cosmoledo","Indian_Ocean","yes",-9.71667,47.58333,23,848,5.13,106,3,1,2,4,38,"Madagascar",304,773,0,1.12999997474253,2.00261137949076,0.143702442306021,0.865098982131172,3.33818252675674,0.0979856099741425
"50","Dhaalu","Indian_Ocean","no",2.8372,72.934,56,1768,2.6,657,0,0,0,0,22,"Sri_Lanka",872,760,4967,0.749999983236194,1.81723648606878,0.115623799302863,0.837529420956664,3.40529881384378,0.100080532072198
"51","Diego_Garcia","Indian_Ocean","yes",-7.3383584,72.4718155,60,2599,30,131,0,0,0,1,134,"Sri_Lanka",1713,1788,4239,0.0199999995529652,1.79494393271557,0.120996339759803,0.840004547597801,3.37606717446886,0.0796578954176368
"52","Ducie","Polynesia","yes",-24.67406,-124.77733,4,1801,0.69,2,0,0,0,0,609,"Pitcairn",356,7925,0,1.25999997183681,0.329455340714001,0.0534822466961889,0.633903667795011,3.2381926794263,0.0630566629035861
"53","Eauripik","Micronesia","no",6.6899,143.0416,3,3062,0.2,8,7,4,9,15,111,"Chuuk",942,1927,113,-3.43999992311001,1.2141580348322,0.0821443124338991,0.768826114125651,3.41132178884645,0.103631750289954
"54","Ebon","Micronesia","no",4.634,168.7192,22,3143,5.8,112,1,0,0,2,124,"Kosrae",634,3353,706,1.15999997407198,1.96909728581865,0.131560540629995,0.813188746950537,3.40800944508847,0.0835694040119602
"55","Egmont","Indian_Ocean","yes",-6.6586,71.3523,6,3998,4,22,2,0,0,0,129,"Sri_Lanka",1711,1757,0,0.0199999995529652,1.65571609660809,0.111426527484877,0.825059377015062,3.38107784018535,0.0714254522810311
"56","Egum","Melanesia","yes",-9.41,151.94,6,3000,7.32,492,0,0,0,0,149,"Muyua",70,939,0,-3.4999999217689,2.20391251895763,0.150700534013817,0.870343443558446,3.38733438490174,0.0843397302903855
"57","Elato","Micronesia","no",7.4406,146.1477,3,3328,0.5,6,7,2,8,17,11,"Kosrae",586,2049,96,-3.11999993026257,1.17739049511889,0.0804608523336304,0.772876513545301,3.40903257080951,0.0796426289753948
"58","Enderbury","Polynesia","yes",-3.1263,-171.0865,1,659,6.38,0.56,0,0,0,0,65,"Samoa",1147,4641,0,6.07999986410141,2.16460830059704,0.151204762094686,0.873175876575425,3.39414187966745,0.0490155782764835
"59","Eniwetok","Micronesia","yes",11.4205556,162.3405556,40,1523,5.85,949,5,3,3,9,232,"Pohnpei",656,3295,296,0.939999978989363,1.33465676805447,0.0901540181184718,0.795033841822503,3.38521720382195,0.0472423357742344
"60","Erikub","Micronesia","yes",9.142,170.0205,14,1499,1.5,275,4,0,2,2,23,"Kosrae",878,3748,0,0.169999996200204,1.61568038222805,0.103936632614725,0.798451953938303,3.38770842431565,0.0916224358199547
"61","Etal","Micronesia","yes",5.5680556,153.5861111,17,3400,1.36,17,2,0,1,4,10,"Chuuk",263,2186,0,-2.4099999461323,1.29598690432866,0.085506715771921,0.764666353178154,3.41482477642903,0.071619775621749
"62","Europa","Indian_Ocean","yes",-22.3698,40.3699,1,137,28,5,17,3,8,22,119,"Madagascar",298,495,0,-0.329999992623925,1.43254123506633,0.110048959107451,0.827039764640339,3.31395927979579,0.10572022154797
"63","Faadhippolhu","Indian_Ocean","no",5.3905,73.52,52,1779,3.4,622,1,0,0,0,37,"Sri_Lanka",740,506,9190,0.319999992847443,1.78490179016683,0.114905704808064,0.847918723928281,3.3991258221156,0.12096247752374
"64","Faafu","Indian_Ocean","no",3.1951,72.9295,23,1966,2,536,0,0,0,0,21,"Sri_Lanka",858,728,3765,0.749999983236194,1.83832312998026,0.116919094088246,0.842831876339514,3.40499423889699,0.0980932123402775
"65","Faaite","Polynesia","yes",-16.7506,-145.2421,32,1560,8.9,246,1,0,0,3,28,"Tahiti",427,6359,246,0.61999998614192,1.70998170375482,0.117120072812771,0.826690336711739,3.35786528562251,0.0410794827936897
"66","Fakahina","Polynesia","yes",-15.9851,-140.1331,2,1305,11.6,20,0,0,0,2,77,"Mangareva",954,6882,155,1.07999997586012,0.780158979881585,0.0667421278440852,0.707439995641788,3.3575042202079,0.0492860143628087
"67","Fakaofo","Polynesia","yes",-9.3736,-171.2162,49,2951,3,52,1,0,2,2,64,"Samoa",464,4177,483,2.47999994456768,1.28762729278341,0.0883147367676309,0.732124532806925,3.41451723248592,0.0489316385522568
"68","Fakarava","Polynesia","yes",-16.2928,-145.6084,104,1656,24.1,1118,1,0,0,3,43,"Tahiti",407,6331,837,0.61999998614192,1.75875465918073,0.119749580603952,0.830377549393173,3.36276854291497,0.0425138409881934
"69","Fangatau","Polynesia","yes",-15.8262,-140.8618,16,1305,9.4,9,1,0,0,1,77,"Tahiti",906,6820,135,1.07999997586012,0.83663180067262,0.0686707642815778,0.713529296001329,3.35894676536136,0.0510018305119936
"70","Fangataufa","Polynesia","yes",-22.2356,-138.7401,29,1613,5,39,2,0,1,2,39,"Mangareva",395,6748,0,0.61999998614192,0.543536803484531,0.0619980476047146,0.69079664648296,3.28699562984664,0.0678234705139961
"71","Faraulep","Micronesia","no",8.591,144.5096,3,3062,0.4,3,5,3,9,21,148,"Chuuk",783,2139,221,-2.21999995037913,1.18103222900852,0.0809695904255604,0.780927922165146,3.4053629569552,0.0683596946694805
"72","Farquhar","Indian_Ocean","yes",-10.1825534,51.165114,11,1350,8.36,115,6,2,3,6,365,"Madagascar",277,1150,0,0.939999978989363,2.04322138746901,0.146390016244181,0.872892758468581,3.33837436967617,0.0835028813571517
"73","Felidhu","Indian_Ocean","no",3.4608,73.466,19,1966,0.7,974,1,0,0,0,31,"Sri_Lanka",790,658,1606,0.749999983236194,1.88182294451306,0.119692478452648,0.847306803881958,3.40399927095174,0.12185044890601
"74","French_Frigate_Shoals","Polynesia","yes",23.7551,-166.2096,12,939,0.25,511,2,1,2,6,607,"Kauai",679,5389,0,-0.279999993741512,0.7023368038684,0.0711995824153807,0.746474343281726,3.26579114017229,0.0750183040816075
"75","Funafuti","Polynesia","yes",-8.5155,179.113,33,3391,2.4,223,2,0,1,4,93,"Wallis",701,3404,6320,2.14999995194376,1.51115409230264,0.0997573657587248,0.762076279162252,3.41962395494477,0.0523265648353796
"76","Gaafaru","Indian_Ocean","no",4.7477,73.4346,2,1966,0.24,73,1,0,0,0,7,"Sri_Lanka",747,563,1503,0.749999983236194,1.86211294786773,0.118881201370613,0.851339233785614,3.40152673134028,0.112538395586344
"77","Glorioso","Indian_Ocean","yes",-11.5468,47.3258,10,1012,5,25,4,2,3,9,198,"Madagascar",197,734,0,0.61999998614192,1.61891397070567,0.117897296009504,0.837663313638974,3.34667486744796,0.102600295887063
"78","Great_Chagos_Bank","Indian_Ocean","yes",-6.210761,72.055034,8,2600,5.6,12642,3,0,0,0,93,"Sri_Lanka",1624,1695,0,0.0199999995529652,1.59633940434502,0.106963577995385,0.820152814864926,3.38310440498664,0.0806583242124875
"79","Haddhunmathi","Indian_Ocean","no",1.9212,73.4046,82,2221,10.7,760,0,0,0,0,39,"Sri_Lanka",873,803,14313,1.01999997720122,1.753580448873,0.112825500563683,0.816564942248217,3.40798452524888,0.103736973351368
"80","Hao","Polynesia","yes",-18.2471,-140.8738,142,1369,35,514,0,0,1,2,33,"Mangareva",819,6707,1027,0.649999985471368,0.904722616999698,0.0733486107574761,0.742115763060449,3.34126868616349,0.0476297536741725
"81","Haraiki","Polynesia","yes",-17.4651,-143.4489,4,1560,4,13,1,0,0,0,46,"Tahiti",601,6512,0,0.899999979883432,1.55084099303624,0.107457008945682,0.817567983616812,3.35106691400459,0.0458591994242976
"82","Helen","Micronesia","yes",2.8932,131.7843,1,2915,0.02,113,0,0,0,1,208,"Morotai",346,1582,0,-4.23999990522861,1.7268238988678,0.108863199659729,0.806064033598843,3.41321384683269,0.152451448993005
"83","Hereheretui","Polynesia","yes",-19.8698,-144.959,13,1633,4,29,1,1,2,3,158,"Tahiti",492,6242,56,0.409999990835786,0.977788209313287,0.0795007569994389,0.75621100374028,3.32441600596647,0.0606790323813112
"84","Hikueru","Polynesia","no",-17.5884,-142.6158,15,1464,8,88,0,0,0,0,51,"Tahiti",689,6568,179,0.409999990835786,1.34367217015559,0.095232382953357,0.797774476936009,3.34855620009234,0.048325462262431
"85","Hiti","Polynesia","no",-16.7277,-144.0955,11,1557,3,17,0,0,0,0,10,"Tahiti",546,6460,0,0.899999979883432,1.72060331840843,0.117332125281564,0.830895739103669,3.35854512012323,0.0427798838400083
"86","Huon","Melanesia","yes",-18.1031,162.8905,1,1250,0.26,293,21,9,18,41,21,"New_Caledonia",247,1354,0,-1.78999995999038,1.05212210340773,0.084909178475995,0.794479575686264,3.31641025842379,0.0615790987886242
"87","Huvadhu","Indian_Ocean","no",0.4824,73.275,255,2246,38.5,2994,0,0,0,0,87,"Sri_Lanka",973,951,19275,1.01999997720122,1.66050493893558,0.108873798947985,0.801097154561633,3.41211597907108,0.089435951550998
"88","Ifalik","Micronesia","no",7.2508,144.4462,4,3195,1.47,3,9,4,7,15,59,"Chuuk",785,1995,561,-3.43999992311001,1.19763355767162,0.0812623809823324,0.772876990705128,3.4085622273987,0.0828823728030162
"89","Ihavandhippolu","Indian_Ocean","no",7.0279,72.9124,25,1779,5.79,235,2,0,1,1,22,"Sri_Lanka",760,451,3081,0.319999992847443,1.59141154815804,0.103885859411971,0.848360677493122,3.39990429060773,0.12481918384428
"90","Jaluit","Micronesia","yes",6.1610085,169.4736579,91,3091,11.34,805,3,3,4,4,163,"Kosrae",722,3498,1788,-1.47999996691942,2.09205527331719,0.14077153247256,0.812203409800599,3.40416227687768,0.076783490299144
"91","Jemo","Micronesia","yes",10.07936,169.5249,1,1778,0.16,0,2,1,1,3,39,"Kosrae",889,3768,0,0.759999983012676,1.40868288767387,0.0924719977393058,0.788289980678301,3.38198659094708,0.083679136041276
"92","Johnston","Polynesia","yes",16.728912,-169.5338365,4,703,2.67,184,1,4,6,7,860,"Kauai",1179,6163,0,-0.149999996647239,0.622751365715981,0.0627268858938805,0.67896972336612,3.32191281243467,0.0614436569095185
"93","Kademat","Indian_Ocean","yes",11.2206,72.7685,1,1510,3.55,9,4,1,3,4,34,"Sri_Lanka",826,277,5389,-0.61999998614192,1.64036038535236,0.107673501415176,0.876644732806247,3.39954630383408,0.106244689046398
"94","Kalpeni","Indian_Ocean","no",10.1026,73.6394,7,1614,2.99,19,4,0,1,7,142,"Sri_Lanka",694,261,4526,-0.61999998614192,1.68942428766735,0.110962538083422,0.876327367769128,3.4000059767312,0.120429185927769
"95","Kapingamarangi","Micronesia","yes",1.0673232,154.7624414,33,3193,1.1,60,0,0,0,0,305,"New_Ireland",561,1873,500,0.249999994412065,1.97087526800964,0.124725252383089,0.812968627815153,3.42379582678019,0.0488123322465579
"96","Katiu","Polynesia","no",-16.4236,-144.3601,32,1590,10,240,0,0,0,1,25,"Tahiti",526,6454,250,0.899999979883432,1.70119326119571,0.115754726118579,0.825707756921949,3.36083595846336,0.0415972709277075
"97","Kauehi","Polynesia","yes",-15.8772,-145.1562,56,1620,16,313,0,0,0,2,31,"Tahiti",472,6395,257,0.61999998614192,1.71129599898016,0.115057193267553,0.824645388214004,3.36554908698921,0.0449138644362355
"98","Kaukura","Polynesia","yes",-15.7563,-146.6987,51,1701,13.5,448,0,1,1,4,35,"Tahiti",344,6251,475,0.61999998614192,1.83410921680394,0.124099534926244,0.837749680273757,3.36717022908831,0.0450208619978344
"99","Kavaratti","Indian_Ocean","yes",10.55905,72.6365688,1,1600,3.93,4,1,1,1,6,61,"Sri_Lanka",821,356,11473,-0.61999998614192,1.59542385791844,0.104876273001269,0.87114184522859,3.39973773471675,0.109905599330653
"100","Kilinailau","Melanesia","yes",-4.76,155.3899,7,3000,0.6,258,0,0,0,0,169,"Bougainville",85,1554,2600,0.61999998614192,2.47325651713908,0.171292822121257,0.874466602237738,3.42225158018234,0.106361246476902
"101","Kiltan","Indian_Ocean","no",11.4803,73.0017,1,1510,1.78,1,2,2,2,3,34,"Sri_Lanka",804,241,4041,-0.61999998614192,1.69001283799624,0.110975344356276,0.882335473268729,3.39950885679683,0.108976922066796
"102","Kiritimati","Polynesia","yes",1.872,-157.3842085,6,816,388,380,0,0,0,0,295,"Hawaii",1885,6126,7380,5.24999988265336,2.42968771246833,0.180141126393508,0.904793174633347,3.35141680893565,0.0583786036131251
"103","Kolhumadulu","Indian_Ocean","no",2.3764,73.1045,66,1966,0.71,1562,0,0,0,0,35,"Sri_Lanka",878,784,8493,1.01999997720122,1.77996576453179,0.11359289486872,0.825982486519665,3.4063119602205,0.0976451924983464
"104","Kuop","Micronesia","no",7.0496,151.928,2,3594,0.5,87,5,1,4,11,85,"Chuuk",25,2219,0,-2.71999993920326,1.1644367696337,0.0797801691939419,0.772615974520829,3.41064002094886,0.0786332698863856
"105","Kure","Polynesia","yes",28.4192965,-178.3299095,2,1101,0.86,47,0,1,1,2,90,"Kauai",1992,4180,0,-0.439999990165234,0.578404502526064,0.0672312349260147,0.722171582952803,3.20048373815483,0.0770722174290516
"106","Kuria","Micronesia","yes",0.232269,173.413016,2,1446,15.47,0,0,0,0,0,38,"Nauru",730,3522,1046,5.46999987773597,2.61352768135561,0.190497459326126,0.912819634923865,3.40279061734777,0.0717185306209115
"107","Kwajalein","Micronesia","yes",9.3825055,167.0714106,97,2508,16,2222,4,5,6,9,85,"Kosrae",650,3539,1000,0.0299999993294477,1.45968121634967,0.0949105127972476,0.794104191811529,3.38968978688937,0.0742608665970168
"108","Lae","Micronesia","yes",8.9367249,166.2321317,20,2286,1.5,18,5,2,4,8,51,"Kosrae",528,3399,347,0.0299999993294477,1.3242940044023,0.0877361405352248,0.77221633078192,3.39468769052641,0.0661517035679022
"109","Lamotrek","Micronesia","no",7.4921,146.3187,3,2641,0.98,35,8,2,7,17,16,"Chuuk",578,2057,373,-3.11999993026257,1.17437929708512,0.0803235585229506,0.772402412825209,3.40918527436192,0.0790985868768329
"110","Laualau","Melanesia","no",-1.126591,144.493387,6,3382,3.02,7,0,0,0,0,8,"Manus",250,1075,0,-2.62999994121492,2.30504878066028,0.157173508463582,0.827709836579167,3.4217430069886,0.0631725309679513
"111","Laysan","Polynesia","yes",25.767765,-171.7328,1,860,4.11,0.7,2,0,1,1,226,"Kauai",1278,4858,0,-0.759999983012676,0.6693047349537,0.070093273388676,0.739539936645345,3.24882620768681,0.0770295198121824
"112","Lib","Micronesia","no",8.3132,167.3805,1,2581,0.93,0.1,9,2,4,5,66,"Kosrae",581,3463,155,0.0299999993294477,1.49900092040953,0.0960857199950623,0.775563299901054,3.39548409891867,0.0757457319138737
"113","Likiep","Micronesia","yes",9.9230228,169.0972652,65,1778,10.26,417,1,1,1,4,85,"Kosrae",847,3717,401,0.279999993741512,1.54611203395951,0.0996789513999835,0.806703689270302,3.38419275691425,0.0827416082893243
"114","Liot","Melanesia","no",-1.4103,144.5115,1,3382,1.27,1,0,0,0,0,21,"Manus",236,1049,NA,-2.62999994121492,2.38171232875873,0.165377566015534,0.835940477513314,3.42110823222275,0.0683579061437089
"115","Lisianski","Polynesia","yes",25.065938,-173.966076,1,1082,1.36,220,2,1,2,3,226,"Kauai",1506,4595,0,-0.939999978989363,0.658114657709465,0.0688752032166408,0.733039551284788,3.26705693225795,0.0887644498208277
"116","Long_Reef","Melanesia","no",-11.1741,151.5782,8,3000,3.4,896,4,1,1,1,46,"Papua",116,789,0,-2.12999995239079,1.7911629893476,0.118991781594029,0.850316548620911,3.36819766629806,0.0843751590208294
"117","Losap","Micronesia","yes",6.884,152.691,10,3400,1.33,34,7,0,3,8,79,"Chuuk",85,2252,448,-2.4099999461323,1.17232709708132,0.0800716451768214,0.769729888652772,3.41122299260698,0.0709781242758044
"118","Lukunor","Micronesia","yes",5.5552778,153.7425,18,3439,2.82,55,2,0,0,5,8,"Chuuk",272,2191,920,-2.4099999461323,1.29598690432866,0.085506715771921,0.764666353178154,3.41482477642903,0.071619775621749
"119","Maalhosmadulu","Indian_Ocean","no",5.5827,72.9493,88,1779,10.55,1066,0,0,0,0,17,"Sri_Lanka",780,559,14756,0.319999992847443,1.73871958929078,0.112036514987605,0.846543008339754,3.40028981455484,0.0965900410993595
"120","Maiana","Micronesia","yes",0.9321,173.0036,13,1769,16.71,128,0,0,0,0,43,"Nauru",690,3513,1982,5.46999987773597,2.85619986932268,0.227379692815208,0.956790176405422,3.40280068128629,0.0751746032634155
"121","Majuro","Micronesia","yes",7.0909924,171.3816354,64,3349,9.7,317,2,0,1,3,32,"Kosrae",920,3750,27797,-1.12999997474253,2.09238912881365,0.13906780527759,0.820692859844742,3.39862621161481,0.0912361385709982
"122","Makemo","Polynesia","no",-16.618,-143.689,143,1722,56,632,0,0,0,0,41,"Tahiti",589,6505,824,0.899999979883432,1.65592448853495,0.112963408880722,0.828286205455576,3.35771757052817,0.0483774501622408
"123","Makunudhoo","Indian_Ocean","no",6.3094,72.6161,4,1779,0.86,96,0,0,0,1,29,"Sri_Lanka",802,512,1842,0.319999992847443,1.64635634404188,0.106875591798464,0.845002822152854,3.4005853351301,0.0980139231540833
"124","Malden","Polynesia","yes",-4.0221,-154.925,1,727,39.3,0,0,0,0,0,207,"Bora_Bora",1421,6039,0,4.5899998974055,2.29765096840991,0.166111911757949,0.891863554966405,3.37001220699586,0.0507690194065009
"125","Male","Indian_Ocean","no",4.4214,73.5037,107,1993,12.92,1439,1,0,0,0,30,"Sri_Lanka",748,582,119137,0.749999983236194,1.88503724419001,0.120281348555537,0.8517773026424,3.40153987432605,0.124834484845969
"126","Maloelap","Micronesia","no",8.737,171.0411,71,2540,9.8,935,3,1,1,3,40,"Kosrae",963,3824,682,0.169999996200204,1.67465045012952,0.108099137382417,0.795790119011445,3.38940226559837,0.0832178873753476
"127","Malum","Melanesia","no",-3.1461,154.4937,17,3000,1.46,28,0,0,0,0,9,"New_Ireland",195,1560,0,-0.57999998703599,2.27530329240311,0.152584579491828,0.865739012569386,3.42439645001571,0.141744374654409
"128","Manihi","Polynesia","yes",-14.4038,-145.9477,105,1649,13,167,0,1,1,2,29,"Tahiti",501,6388,650,0.959999978542328,1.70579391722048,0.112481659798455,0.820932487360595,3.37451860019705,0.0487779061931261
"129","Manihiki","Polynesia","yes",-10.4349377,-160.9958241,43,2347,4,47,0,0,0,1,43,"Bora_Bora",1199,5136,212,0.939999978989363,1.21937174994136,0.0833259221472712,0.731366483401866,3.40479706438105,0.0479281187106628
"130","Manra","Polynesia","yes",-4.4556,-171.2444,1,985,4.4,4,0,0,0,0,98,"Samoa",999,4467,0,6.07999986410141,2.0563220786827,0.142177836059848,0.866630037901612,3.40173683161701,0.0495616686355357
"131","Manuae","Polynesia","no",-19.2697,-158.9441,2,1707,6.17,7,6,2,5,8,459,"Rarotonga",230,4903,0,-1.97999995574355,0.638038504193823,0.0641018290935294,0.720909168891221,3.32690407446757,0.062704832375129
"132","Manuhangi","Polynesia","yes",-19.2011,-141.2441,20,1501,3.75,9,0,0,0,2,55,"Mangareva",778,6629,0,0.649999985471368,0.889933683380441,0.0740168241940073,0.744629783929494,3.3308500865713,0.0495628770464231
"133","Marakei","Micronesia","yes",2.0014,173.2765,2,1709,14.13,25,0,0,0,0,34,"Nauru",755,3615,2799,5.46999987773597,2.69504297320402,0.211607335390852,0.933563248544722,3.40449782362316,0.0828101182803822
"134","Maria","Polynesia","yes",-21.810839,-154.705309,4,1894,1.9,4,2,0,1,3,520,"Rarotonga",523,5246,0,-1.3799999691546,0.652124435611862,0.0672453837407116,0.695943269473607,3.282874602041,0.083914698850694
"135","Maria_Est","Polynesia","yes",-22.016,-136.1892,17,1683,3.75,7,0,0,0,1,60,"Mangareva",171,7003,0,0.96999997831881,0.515471372446004,0.0607245779982881,0.686235877816128,3.2862909180775,0.0642551421227091
"136","Marokau","Polynesia","no",-18.0605,-142.2658,58,1465,14.7,225,0,0,0,0,13,"Tahiti",726,6586,91,0.649999985471368,1.22782286286168,0.0894678178412515,0.788292038706327,3.34410899020837,0.0477590974024493
"137","Marutea_Nord","Polynesia","no",-17.0245,-143.1548,35,1593,2.7,480,0,0,0,0,42,"Tahiti",638,6541,0,0.899999979883432,1.53396818290108,0.106085458784586,0.817299765285649,3.35292254699332,0.0475716210707319
"138","Marutea_Sud","Polynesia","yes",-21.5207,-135.5566,66,1658,12,114,3,1,1,1,82,"Mangareva",183,7083,245,0.96999997831881,0.488005519170812,0.0590022867969362,0.676567941343251,3.29358039596601,0.0588916910326193
"139","Mataiva","Polynesia","yes",-14.8831,-148.6738,12,1752,25,25,0,2,2,3,43,"Tahiti",301,6100,280,0.949999978765845,1.74697495942741,0.117181497048047,0.816426449232461,3.37640964313679,0.0415248536670306
"140","Matureivavao","Polynesia","yes",-21.4721,-136.3935,26,1658,2.5,18,2,0,1,3,18,"Mangareva",232,6992,0,0.96999997831881,0.513994228907047,0.0599764421832091,0.684276240212761,3.2984765753463,0.0602048212543572
"141","Maupihaa","Polynesia","yes",-16.8098,-153.9555,11,1846,2.6,32,2,2,3,4,75,"Maupiti",185,5526,10,0.0499999988824129,0.904145108293048,0.0723473485691565,0.74888456298176,3.36541270109641,0.0530566076512275
"142","McKean","Polynesia","yes",-3.5954,-174.1229,1,659,0.57,0.18,0,0,0,0,126,"Samoa",1106,4413,0,6.3699998576194,2.08972230490533,0.144212047730197,0.866137002002808,3.40247206205443,0.0505365816514388
"143","Meemu","Indian_Ocean","no",2.9917,73.5007,33,1966,3.31,876,0,0,0,0,24,"Sri_Lanka",809,706,4705,0.749999983236194,1.86060256519615,0.118502840116099,0.83838514451736,3.40456731930664,0.124761426091197
"144","Midway","Polynesia","yes",28.2417536,-177.3754308,3,1101,6.27,48,1,2,2,2,90,"Kauai",1895,4243,0,-0.679999984800816,0.567002286688179,0.0662767354907276,0.721861061531304,3.20591934688995,0.0783687527627147
"145","Miladhunmadulu","Indian_Ocean","no",5.9665,73.2404,71,1779,22.8,3458,1,0,0,1,31,"Sri_Lanka",741,483,16237,0.319999992847443,1.71607433796503,0.111074473339395,0.847094878804944,3.39934898015029,0.111556089678323
"146","Mili","Micronesia","yes",6.131,171.9422,92,3576,14.9,804,1,0,0,2,92,"Kosrae",988,3745,738,-1.12999997474253,2.08503103138712,0.140617919465596,0.815254639985967,3.40196338462782,0.0901791952228719
"147","Minicoy","Indian_Ocean","no",8.2958,73.0451,1,1628,4.8,26,0,1,3,3,13,"Sri_Lanka",742,383,10700,-0.409999990835786,1.56269436782044,0.102699738031241,0.857846698874392,3.39971588150499,0.150179656218261
"148","Mokil","Micronesia","yes",6.6816046,159.756297,3,2921,1.41,2,4,1,3,6,114,"Pohnpei",155,2714,200,-1.90999995730817,1.23902784439516,0.0834555019343268,0.745058842308473,3.4088943518583,0.0736059440312594
"149","Morane","Polynesia","yes",-23.1569,-137.133278,19,1658,2.85,11,2,1,1,2,155,"Mangareva",211,6866,0,0.529999988153577,0.49571376004506,0.0608400157592278,0.678938534243416,3.26914412093313,0.0702008421479495
"150","Moruroa","Polynesia","yes",-21.8347,-138.8842,93,1613,15,143,1,1,1,2,42,"Mangareva",423,6748,0,0.61999998614192,0.552890321807644,0.0621567645684302,0.693104020558908,3.29148909352851,0.0666427847978256
"151","Motu_One","Polynesia","yes",-15.8143,-154.5224,6,1846,2.83,4,2,3,3,4,74,"Maupiti",247,5485,0,0.0499999988824129,0.927214650583366,0.0722353307794528,0.737361113158929,3.37476786725849,0.048942219563915
"152","Motutunga","Polynesia","no",-17.1036,-144.3686,10,1589,2.5,139,1,0,0,2,26,"Tahiti",509,6419,0,0.899999979883432,1.70583673904865,0.117133057150045,0.82845748158549,3.35441905342328,0.040067568629055
"153","Murilo","Micronesia","no",8.679,152.2321,11,3000,1.27,362,10,6,10,22,27,"Chuuk",138,2388,1000,-0.84999998100102,1.12231168562213,0.0790867335136712,0.783020297604775,3.40458651300793,0.0640455794117548
"154","Namoluk","Micronesia","yes",5.9322222,153.1344444,5,3400,1.37,9,3,1,2,5,56,"Chuuk",204,2187,407,-2.4099999461323,1.26657738174408,0.0839402444880747,0.76464047294141,3.4144741783102,0.0692650609400796
"155","Namonuito","Micronesia","no",8.9893699,150.1225296,12,3000,4.5,2031,13,6,12,28,129,"Chuuk",224,2285,1341,-0.84999998100102,1.17213414013649,0.0815217829936414,0.794718451473139,3.40443094921797,0.0657583538955105
"156","Namorik","Micronesia","no",5.6137,168.1155,2,3117,2.8,12,4,1,2,4,119,"Kosrae",563,3357,508,-1.47999996691942,1.86011546155878,0.122817406622823,0.791173868799954,3.40686379490527,0.0794081424705441
"157","Namu","Micronesia","yes",7.9867,168.1679,51,2950,6.27,405,7,3,4,7,72,"Kosrae",638,3510,780,0.279999993741512,1.65544938358024,0.104852521782987,0.780249414859306,3.39698905097273,0.0749176081462606
"158","Nanumanga","Polynesia","no",-6.2885,176.3202,1,3348,3,0.25,1,0,0,0,67,"Wallis",1066,3518,491,4.96999988891184,1.797949047426,0.120400289315805,0.829549132823847,3.42276221757639,0.0541074022862007
"159","Nanumea","Polynesia","no",-5.6612,176.1035,2,2962,3.9,6,0,0,0,0,67,"Wallis",1136,3303,512,4.96999988891184,1.87591320041422,0.125969104898389,0.847572601863665,3.42263262559681,0.0519677818300733
"160","Napuka","Polynesia","yes",-14.1726,-141.231,18,1429,8,22,0,0,0,1,185,"Fatu_Iva",489,6859,234,1.3799999691546,1.05026997554284,0.0782951118005268,0.739834153173783,3.36664608644699,0.0475301548807253
"161","Nengonengo","Polynesia","yes",-18.7518,-141.8072,24,1369,9,72,0,0,0,0,61,"Tahiti",777,6600,54,0.649999985471368,1.05108634904071,0.0815841115390847,0.768362663242175,3.33513264707048,0.048237571491263
"162","Ngcheangel","Micronesia","yes",8.08693,134.71959,4,3810,1.39,14,9,3,7,24,12,"Palau",34,2138,54,-3.5599999204278,1.27518103944413,0.0863156622881338,0.803772865320532,3.40543494123611,0.106427900463901
"163","Ngulu","Micronesia","no",8.4507,137.4544,9,3426,0.4,409,16,9,20,31,280,"Palau",323,2190,26,-3.42999992333353,1.25184334700171,0.0848180234632767,0.797128620332838,3.40615987556169,0.109372327365773
"164","Niau","Polynesia","yes",-16.1530174,-146.3557281,1,1650,20,33,1,0,1,3,33,"Tahiti",352,6276,226,0.61999998614192,1.78076854936449,0.120979819538555,0.832519190980138,3.36547767079114,0.0447064259791194
"165","Nihiru","Polynesia","no",-16.6922,-142.8347,33,1724,20,83,0,0,0,0,36,"Tahiti",679,6588,11,0.899999979883432,1.48267827069331,0.101936442786657,0.810286763480615,3.35638733806692,0.0537222107209665
"166","Nikumaroro","Polynesia","yes",-4.6764,-174.5185,1,1319,3.98,5,0,0,0,0,126,"Samoa",991,4165,0,6.3699998576194,1.99748389062261,0.136983873869202,0.85920920802056,3.40864234643694,0.0518708341512466
"167","Nikunau","Micronesia","no",-1.3475,176.4512,1,1318,19.38,0,0,0,0,0,46,"Nauru",1059,3639,1789,6.23999986052513,2.20859472897718,0.150174771014346,0.869659936476916,3.4047791151242,0.0641360834442698
"168","Ninigo","Melanesia","yes",-1.3121,144.2766,31,3382,8.49,354,0,0,0,0,77,"Manus",262,1063,2400,-2.62999994121492,2.37419924351731,0.164353932668486,0.834147347971258,3.42084438636426,0.0681747957816908
"169","Niutao","Polynesia","yes",-6.1087,177.3418,1,2886,2.53,0.06,1,0,0,0,121,"Rotuma",703,3381,582,4.96999988891184,1.79173964959846,0.120315315592797,0.831217365166234,3.42241922389374,0.0579596491181097
"170","Nomwin","Micronesia","no",8.541064,151.773701,12,3000,1.52,298,10,3,10,22,27,"Chuuk",119,2366,1000,-0.84999998100102,1.12661091545328,0.0792859105079583,0.784007948067857,3.40480303323035,0.0665948199048234
"171","Nonouti","Micronesia","yes",-0.6534,174.3477,15,2132,21.02,487,0,0,0,0,61,"Nauru",820,3531,2792,6.05999986454844,2.40862196964445,0.166061980990553,0.888443621962057,3.40385647217133,0.0807909347168759
"172","Nuguria","Melanesia","yes",-3.3195,154.6854,29,3000,20,130,0,0,0,0,21,"New_Ireland",203,1566,50,-0.57999998703599,2.27768725232906,0.152734184233915,0.865241229027279,3.42420971852449,0.13991472089733
"173","Nui","Polynesia","no",-7.2258,177.1546,21,3304,3.37,7,0,0,0,0,153,"Rotuma",581,3272,610,4.96999988891184,1.66635714791144,0.11134004273907,0.801140319678631,3.42242512391207,0.0598504526218395
"174","Nukapu","Melanesia","yes",-10.0906,166.0389,1,3000,0.7,2,2,0,0,3,13,"Nendo",62,2180,100,-2.12999995239079,1.50355891677447,0.0981253607597172,0.7823177277597,3.40629319328432,0.071408873623735
"175","Nukufetau","Polynesia","no",-7.9942,178.3778,33,2667,3.14,104,0,0,0,1,63,"Wallis",786,3323,597,2.14999995194376,1.61206034747884,0.10666632069729,0.783526135537073,3.42143801275111,0.058512719606601
"176","Nukulaelae","Polynesia","yes",-9.3872,179.8424,15,3039,1.97,28,4,2,3,5,116,"Rotuma",455,3433,300,2.14999995194376,1.34933377734404,0.090563252539178,0.739775268463879,3.41706309380473,0.05228803691321
"177","Nukumanu","Melanesia","yes",-4.5429,159.3974,22,3000,4.6,227,0,0,0,0,52,"Choiseul",368,1926,730,1.89999995753169,2.34278691790438,0.162759897245218,0.873752088124044,3.42462786504342,0.079015040831642
"178","Nukunonu","Polynesia","yes",-9.19467,-171.8549752,30,2529,5.5,100,0,0,1,2,64,"Samoa",477,4141,448,2.47999994456768,1.35158544937502,0.0921232722905033,0.743238091347437,3.41511267892946,0.0484966113106468
"179","Nukuoro","Micronesia","yes",3.8478,154.9414,40,4125,1.7,28,1,0,0,1,211,"Pohnpei",483,2126,372,-2.03999995440245,1.55547394311145,0.0999416697281191,0.770277420707255,3.4190984568446,0.0839011788526307
"180","Nukutepipi","Polynesia","yes",-20.7045,-143.052,4,1693,2.3,2,0,1,1,3,24,"Tahiti",712,6404,0,0.359999991953373,0.771276762977188,0.0702841184699558,0.722196832680975,3.31184933569323,0.0641694023271398
"181","Numa_Miombilou","Melanesia","yes",-10.228,166.2353,4,3000,6.12,111,1,0,0,3,26,"Nendo",51,2143,5600,-2.12999995239079,1.50355891677447,0.0981253607597172,0.7823177277597,3.40629319328432,0.071408873623735
"182","Nupani","Melanesia","yes",-10.0834,165.729,2,4000,0.21,11,3,0,0,4,34,"Nendo",66,2101,100,-2.12999995239079,1.54228951246487,0.10035567725188,0.786027838599526,3.40612738600016,0.0748032236247657
"183","Oeno","Polynesia","yes",-23.9256146,-130.7288579,2,1801,0.69,7,1,0,0,0,384,"Pitcairn",140,7423,0,0.999999977648258,0.381748688808492,0.0562405705161034,0.648125009401551,3.2550253185607,0.0715521647892222
"184","Olimarao","Micronesia","no",7.6901,145.8716,2,3195,0.2,7,8,4,6,18,37,"Chuuk",628,2065,0,-1.90999995730817,1.18221907655079,0.08069090010725,0.775682707673715,3.40815728981293,0.0780329162183999
"185","Onotoa","Micronesia","yes",-1.88605,175.56633,3,1639,15.62,87,0,0,0,0,64,"Nauru",968,3528,1393,6.23999986052513,2.20845358991116,0.149938340927687,0.87960291469737,3.40919109961991,0.0678913847620081
"186","Ontong_Java","Melanesia","yes",-5.349,159.3282,122,3200,12,1283,0,0,0,0,74,"Santa_Isabel",265,1862,2085,0.359999991953373,2.51291930403007,0.178864145289323,0.883785027327024,3.42281076430764,0.080709440394085
"187","Oroluk","Micronesia","yes",7.5207959,155.2777433,1,4100,0.13,427,6,2,5,9,123,"Pohnpei",318,2464,0,-0.0699999984353781,1.12808751744327,0.0785610238714555,0.767575680114099,3.40767090791001,0.0695651527747069
"188","Orona","Polynesia","yes",-4.5118,-172.1798,35,1171,3.9,29,0,0,0,0,101,"Samoa",986,4386,0,6.07999986410141,2.02986437270241,0.139870637843285,0.864638690008538,3.40450833162026,0.0498910623668287
"189","Ouv√©a","Melanesia","yes",-20.5686,166.4243,31,1250,132.1,805,15,6,9,28,32,"New_Caledonia",111,1481,340,-1.76999996043742,1.16152589516812,0.0942725653563989,0.794116755025421,3.28840826516515,0.0825880354066626
"190","Pakin","Micronesia","yes",7.0704589,157.8051074,21,4770,1.09,15,2,2,3,7,29,"Pohnpei",37,2594,100,-1.90999995730817,1.19279474302388,0.0810664836826917,0.759638091410112,3.40873771681551,0.0661504236092963
"191","Palmerston","Polynesia","yes",-18.0474,-163.1548,12,2027,2.6,40,7,1,3,8,460,"Rarotonga",494,4541,57,-2.38999994657934,0.546281272622841,0.0590934544660926,0.699984778219392,3.34588172791894,0.0594813561627183
"192","Palmyra","Polynesia","yes",5.882204,-162.0748745,20,4442,11.9,61,1,0,0,1,227,"Hawaii",1599,6002,0,3.18999992869794,1.96310408370264,0.141409896880175,0.835789627989423,3.38000164852903,0.08741374524891
"193","Paraoa","Polynesia","yes",-19.1365,-140.69,10,1465,4,17,0,0,0,2,57,"Mangareva",737,6690,0,0.649999985471368,0.811361906357938,0.0703658449074014,0.731260745128985,3.3305585478987,0.0502101369111222
"194","Pearl_and_Hermes","Polynesia","yes",27.873,-175.8354,7,1082,0.32,343,0,1,1,3,149,"Kauai",1742,4401,0,-0.679999984800816,0.566689460311891,0.0660626136721354,0.722654494159585,3.21062570970402,0.0814661399319985
"195","Peremul_Par","Indian_Ocean","yes",11.1499,72.0609,3,1530,0.02,57,2,1,1,6,29,"Sri_Lanka",886,353,0,-0.859999980777502,1.59073365767587,0.104519679422415,0.872937259505031,3.39871385681535,0.102662151078926
"196","Peros_Banhos","Indian_Ocean","yes",-5.3542,71.8489,32,3998,9.6,463,1,0,0,0,37,"Sri_Lanka",1557,1604,0,0.0199999995529652,1.48941734381133,0.099941666821279,0.807223660508633,3.38954607488393,0.0709646524943492
"197","Pinaki","Polynesia","yes",-19.3949,-138.6751,1,1509,1.3,0.79,0,2,2,3,55,"Mangareva",560,6874,0,1.11999997496605,0.622894714037994,0.0627368900097432,0.696692133658532,3.32607680456597,0.0511202958956208
"198","Pingelap","Micronesia","yes",6.2147306,160.6991088,3,3719,1.8,2,6,0,2,4,115,"Pohnpei",264,2746,250,-2.42999994568527,1.35655480071577,0.0898788745968133,0.749244925570595,3.4100342202788,0.0801721626417146
"199","Pinipel","Melanesia","no",-4.4,154.1201,3,3000,6.61,14,0,0,0,0,8,"New_Ireland",111,1452,901,-0.57999998703599,2.55983778370417,0.181072025094254,0.89721678594935,3.42190932962436,0.198381708877855
"200","Pukapuka","Polynesia","yes",-10.8858,-165.8534,3,2848,3,10,0,1,1,4,87,"Samoa",632,4617,425,0.489999989047647,0.899908542100012,0.068070445815447,0.686418897542126,3.40758032472501,0.0437967043835812
"201","Puka-Puka","Polynesia","yes",-14.8176,-138.8167,21,1242,5,4,0,1,1,2,186,"Fatu_Iva",470,7067,163,1.51999996602535,0.948105167602335,0.0740132733715143,0.726190020358309,3.35888858552868,0.0465432926645973
"202","Pukarua","Polynesia","yes",-18.3159,-137.0181,43,1405,7,32,0,0,0,2,61,"Mangareva",569,7081,227,1.24999997206032,0.57215044190669,0.0606701245949617,0.693193409032456,3.33393061387341,0.048685295939735
"203","Pulap","Micronesia","no",7.5901,149.422,3,3118,0.99,35,9,3,6,13,34,"Chuuk",235,2157,1270,-1.33999997004867,1.19222226070848,0.0819726812383928,0.79060843187984,3.40859086340203,0.0697124545941128
"204","Pulusuk","Micronesia","no",6.6915,149.3024,1,3328,2.84,0.16,6,4,4,9,73,"Chuuk",259,2064,451,-2.98999993316829,1.16072247608071,0.0794936294446755,0.764807862912933,3.41166886022099,0.077428294196565
"205","Puluwat","Micronesia","no",7.3592,149.1893,5,2420,3.4,2,6,1,6,13,33,"Chuuk",259,2126,1015,-2.98999993316829,1.18522974140185,0.0813570675614329,0.784480956400043,3.40939775498736,0.0716364816646248
"206","Qelelevu","Melanesia","yes",-16.107,-179.281,3,2990,1.96,159,7,5,11,18,35,"Vanua_Levu",73,3055,0,-1.52999996580184,1.04095351460365,0.0787043789779696,0.776469880816442,3.36436888845549,0.0663769163318564
"207","Rakahanga","Polynesia","yes",-10.0165,-161.0896,11,2440,4,5,0,0,0,1,40,"Samoa",1131,5121,83,0.939999978989363,1.28854900725475,0.0872315777501928,0.74072765095329,3.40531145223043,0.0472370925277395
"208","Rangiroa","Polynesia","yes",-15.1224461,-147.546209,415,1752,79,1615,0,0,2,4,13,"Tahiti",323,6193,2567,0.759999983012676,1.91312872757743,0.128219491059132,0.841368680724654,3.37274744820698,0.0420288110194948
"209","Raraka","Polynesia","yes",-16.1764,-144.8953,118,1605,14,366,0,0,0,2,30,"Tahiti",483,6410,110,0.899999979883432,1.69530182554571,0.114809380676165,0.823253139245876,3.36344281107838,0.0426166741662429
"210","Raroia","Polynesia","yes",-16.0809,-142.4241,184,1854,41,365,0,0,0,0,28,"Tahiti",752,6659,233,1.07999997586012,1.2274499707376,0.0873847327018337,0.771714155631434,3.3592859355826,0.0540936510236281
"211","Rasdhoo","Indian_Ocean","no",4.2921,72.9834,4,1966,0.56,48,1,0,0,0,13,"Sri_Lanka",811,635,1067,0.749999983236194,1.86184277325778,0.118562199886937,0.852317818778665,3.40305963817956,0.0891129884646261
"212","Ravahere","Polynesia","no",-18.2358,-142.1475,30,1417,7,53,0,0,0,0,11,"Tahiti",739,6586,0,0.649999985471368,1.17233452146006,0.08651215773582,0.782120617901014,3.34368909937029,0.0482298581803854
"213","Rawaki","Polynesia","yes",-3.7217,-170.7118,1,659,0.65,0.16,0,0,0,0,90,"Samoa",1089,4640,0,6.07999986410141,2.12578143538863,0.147998865031619,0.87123083714768,3.39647130562675,0.0493382166385758
"214","Reao","Polynesia","yes",-18.516,-136.3717,108,1405,9,45,0,0,0,0,65,"Mangareva",526,7135,351,1.24999997206032,0.537690118993166,0.0593627219012376,0.686768300311819,3.33036718058713,0.047455341140716
"215","Redlick","Melanesia","no",-10.8735,152.5466,6,3000,0.22,36,3,0,1,2,67,"Misima",24,904,0,-2.89999993517995,1.85879896548763,0.125518432590843,0.857654838430683,3.37714628154986,0.0741631066093764
"216","Reitoru","Polynesia","yes",-17.8555,-143.0744,6,1560,1.39,10,1,0,0,0,51,"Tahiti",640,6514,0,0.409999990835786,1.42386098710931,0.100196334827854,0.806037591176259,3.34724137470075,0.0465000237143576
"217","Rekareka","Polynesia","no",-16.834,-141.9218,3,1612,3.31,1,0,0,0,0,71,"Tahiti",772,6672,0,1.07999997586012,1.11873982770293,0.0821356589136195,0.76152481513875,3.35338579360256,0.051716195945712
"218","Ringgold","Melanesia","no",-16.7177,-179.4503,3,2990,0.23,2,6,7,11,19,35,"Vanua_Levu",68,3024,2990,-1.52999996580184,1.11915982336881,0.0830591464320622,0.795964766174507,3.35660384124429,0.0669087088207583
"219","Rongelap","Micronesia","yes",11.1629026,166.8943033,61,1651,21,1016,4,1,3,4,27,"Kosrae",778,3626,79,0.879999980330467,1.39836263584685,0.0936356527133643,0.811407136563997,3.37968322480385,0.0466250737357469
"220","Rongerik","Micronesia","yes",11.356,167.4482,22,1651,1.68,164,5,1,3,3,42,"Kosrae",821,3682,0,0.879999980330467,1.31629483918572,0.0897683766210953,0.80375602105498,3.37815167945517,0.0460134802015
"221","Rose","Polynesia","yes",-14.5424865,-168.1637445,2,2541,0.05,4,3,0,5,9,553,"Luma",140,4217,0,-1.12999997474253,0.556126566184442,0.057494449103782,0.694707716701897,3.38849159490322,0.0534593131011796
"222","Rowa","Melanesia","no",-13.6239,167.5185,15,4000,2,15,9,0,5,15,682,"Vanua_Lava",12,2028,0,-2.24999994970858,1.00531486061587,0.0757473114189713,0.754330309389982,3.38153761900314,0.0628451976037584
"223","Saloman","Indian_Ocean","yes",-5.3303,72.246,11,3750,3.56,25,1,0,0,0,29,"Sri_Lanka",1534,1590,0,0.0199999995529652,1.4961553734925,0.100267703993754,0.808150793479725,3.38926080993529,0.0772388461393795
"224","Sama","Melanesia","no",-1.4032,144.0808,4,3382,0.73,3,0,0,0,0,9,"Manus",282,1042,0,-2.62999994121492,2.36736400923028,0.163415377301411,0.832623938350027,3.42056936908517,0.0668269151500028
"225","Samasuma","Melanesia","no",-1.481,144.0458,4,3382,2.55,6,0,0,0,0,8,"Papua",224,1035,0,-2.62999994121492,2.36736400923028,0.163415377301411,0.832623938350027,3.42056936908517,0.0668269151500028
"226","Sapwuahfik","Micronesia","yes",5.8161306,157.2477972,10,4000,1.5,96,2,0,0,4,124,"Pohnpei",144,2451,433,-2.09999995306134,1.30935262137449,0.0870670070132487,0.755349760300446,3.41291873225833,0.0753067396027661
"227","Satawan","Micronesia","yes",5.4915713,153.5423431,33,3406,5,376,2,0,0,4,8,"Chuuk",280,2172,3000,-2.4099999461323,1.32767886699763,0.0870523208134901,0.765348157037345,3.41546956429392,0.0739570473553307
"228","Scilly","Polynesia","yes",-16.5434,-154.6841,13,1846,3.5,89,2,2,2,4,78,"Maupiti",254,5452,40,0.0499999988824129,0.866420731728514,0.0704486952194347,0.739252498159303,3.36781400165603,0.0515339477072828
"229","Sorol","Micronesia","yes",8.123771,140.40636,9,3250,0.93,10,8,10,21,32,196,"Colonia",287,2097,0,-2.50999994389713,1.21259175365968,0.0825628645666979,0.784121001528825,3.4073061164436,0.0956341289667857
"230","St_Francois","Indian_Ocean","no",-7.1177,52.749,2,1420,0.5,34,0,0,0,0,8,"Mahe",398,1321,0,0.96999997831881,1.91706531024168,0.133864415793501,0.862476260456982,3.35889781232449,0.0670720764013493
"231","St_Joseph","Indian_Ocean","yes",-5.4306,53.3358,13,1490,1.21,10,0,0,0,0,185,"Mahe",249,1191,0,0.96999997831881,1.95966373352044,0.13586182533986,0.867686675728962,3.3694453322824,0.0801668220717274
"232","Starbuck","Polynesia","yes",-5.6405,-155.8776,1,800,16.2,0,0,0,0,0,207,"Bora_Bora",1276,5853,0,3.91999991238117,2.14625037024566,0.152046599431325,0.882126397467389,3.38106165159856,0.0481212316590807
"233","Suheli_Par","Indian_Ocean","yes",10.0774,72.2915,3,1614,0.89,52,3,1,4,7,144,"Sri_Lanka",837,404,10,-0.859999980777502,1.5610206769571,0.102984896274883,0.867033086452245,3.39987529435139,0.120388069227289
"234","Surprise","Melanesia","yes",-18.4121,163.1109,3,750,0.53,443,17,8,15,39,34,"New_Caledonia",202,1298,0,-1.78999995999038,1.07837189065992,0.0867802387702581,0.796952040454692,3.31297076589972,0.0639050034736508
"235","Suwarrow","Polynesia","yes",-13.2279,-163.1261,57,2400,0.92,118,3,1,2,7,388,"Luma",688,4791,0,-0.999999977648258,0.645552891339229,0.059695089594742,0.694635960291716,3.39655458778585,0.0472339747435049
"236","Swains","Polynesia","yes",-11.052904,-171.0767349,1,2500,2.43,1,1,0,2,6,178,"Samoa",293,4099,0,-0.119999997317791,0.813718640910016,0.0650838859242713,0.678886490827363,3.40970423978279,0.0488480740256406
"237","Tabiteuea","Micronesia","yes",-1.4089,174.8694,43,1491,38,487,0,0,0,0,68,"Nauru",878,3532,5261,6.05999986454844,2.31445168405625,0.158199371456918,0.889461380593564,3.40716237349592,0.0752941854908306
"238","Tabuaeran","Polynesia","yes",3.872,-159.3170178,22,2082,33.73,106,0,0,0,0,143,"Hawaii",1712,6093,1990,6.05999986454844,2.19121628170857,0.158823008274119,0.874873129322278,3.36703043550607,0.0983772662238092
"239","Taenga","Polynesia","no",-16.3574,-143.1398,55,1788,20,172,0,0,0,0,42,"Tahiti",657,6574,113,0.899999979883432,1.51327450260366,0.103611409464503,0.811893838014432,3.35866634415191,0.051777813371211
"240","Tahanea","Polynesia","yes",-16.8646,-144.7778,86,1575,9.5,552,1,0,0,2,39,"Tahiti",473,6390,0,0.899999979883432,1.71833973704904,0.117664267248575,0.828089354798078,3.35735672714278,0.0394015520816072
"241","Taiaro","Polynesia","yes",-15.7438,-144.6336,15,1702,16,12,0,0,0,1,51,"Tahiti",528,6456,0,0.899999979883432,1.600166758222,0.107170562577037,0.809554041975518,3.36645331387636,0.0419444095509973
"242","Taka","Micronesia","yes",11.1520422,169.6179182,6,1583,0.57,111,2,1,3,3,7,"Kosrae",967,3852,0,0.759999983012676,1.17052987887165,0.0817905331976717,0.766037665013673,3.37697652234499,0.076579648066491
"243","Takapoto","Polynesia","yes",-14.6323339,-145.1763392,43,1615,15,81,0,1,1,1,10,"Tahiti",547,6455,380,0.959999978542328,1.62720249275342,0.106480554163987,0.809936190101965,3.37237268656349,0.046010269732049
"244","Takaroa","Polynesia","yes",-14.4496,-144.9694,69,1615,20,90,0,1,1,1,23,"Tahiti",579,6482,674,1.25999997183681,1.48702607799334,0.0985148370260232,0.790176041362687,3.37315516179023,0.0480769169775941
"245","Takume","Polynesia","yes",-15.8099,-142.2098,71,1854,5,45,0,0,0,0,20,"Tahiti",769,6691,116,1.07999997586012,1.11061672297221,0.0813845804171205,0.75378072376472,3.36054144429363,0.052845801469771
"246","Takuu","Melanesia","yes",-4.7537,156.9735,13,3000,1.11,109,0,0,0,0,166,"Bougainville",219,1703,600,0.61999998614192,2.33434814445324,0.157172275542773,0.856291310581958,3.422935673986,0.0812010459667552
"247","Tarawa","Micronesia","yes",1.4387,172.9878,29,2170,31.02,398,0,0,0,0,8,"Nauru",703,3543,70480,5.46999987773597,2.97758235030742,0.245788770066672,0.979151089397301,3.4034920904736,0.0707771397955685
"248","Tatakoto","Polynesia","yes",-17.3416,-138.3967,56,1324,7.3,20,0,1,1,3,173,"Mangareva",734,6990,259,1.41999996826053,0.601812432430907,0.0607673343318164,0.689744132883799,3.3445185193451,0.0463102668420684
"249","Tauere","Polynesia","no",-17.3772,-141.506,7,1612,3.9,10,0,0,0,2,85,"Tahiti",809,6687,7,1.07999997586012,1.05852739180358,0.0796381678199529,0.758439407262461,3.34938516994213,0.0514020865702245
"250","Tekokota","Polynesia","yes",-17.3135,-142.5725,4,1560,0.9,5,0,0,0,0,25,"Tahiti",696,6586,0,0.899999979883432,1.36823326056651,0.0964013449701813,0.79921924349796,3.35046915946191,0.0492010745742245
"251","Temitangi","Polynesia","yes",-21.6803,-140.6266,43,1754,7.7,63,3,1,1,2,164,"Mangareva",601,6589,58,0.469999989494681,0.581041387857113,0.0630228977188067,0.694788201260889,3.29575907812056,0.0642040037792567
"252","Temoe","Polynesia","yes",-23.3466,-134.4779,32,1707,2.1,14,0,0,0,0,271,"Mangareva",55,7116,0,0.939999978989363,0.473566416181329,0.0601891378220092,0.677745329664011,3.26221359617538,0.0687983757369839
"253","Tenararo","Polynesia","yes",-21.3043,-136.7447,8,1658,1.6,2,2,0,1,3,8,"Mangareva",266,6974,0,0.96999997831881,0.520051243326125,0.0602982101710481,0.686248359354,3.2989521414,0.0616355135688887
"254","Tenaruga","Polynesia","no",-21.3451,-136.542,15,1658,2.3,6,1,0,1,3,9,"Mangareva",251,6997,50,0.96999997831881,0.520051243326125,0.0602982101710481,0.686248359354,3.2989521414,0.0616355135688887
"255","Tepoto","Polynesia","no",-16.8206,-144.2804,1,1590,0.6,2,0,0,0,1,16,"Tahiti",526,6441,0,0.899999979883432,1.73794079033015,0.118918902654862,0.83205272017752,3.35659565028745,0.0406822000557268
"256","Teraina","Polynesia","yes",4.6839252,-160.3783959,1,2949,14.2,3,0,0,0,0,139,"Hawaii",1655,6046,1893,5.7999998703599,2.10895758212253,0.152707490988411,0.860793382260249,3.37273711479345,0.101721412973829
"257","Tetiaroa","Polynesia","yes",-17.0162552,-149.5897766,12,2800,6.45,20,0,0,2,3,132,"Tahiti",54,5921,250,0.759999983012676,1.2571092437286,0.0898081639270858,0.802509485946189,3.36146444549215,0.0508912721335878
"258","Thiladhunmathi","Indian_Ocean","no",6.7164,73.0161,82,1779,39.39,1249,2,0,0,1,34,"Sri_Lanka",756,467,29732,0.319999992847443,1.63686719311087,0.106641377046939,0.847265582581816,3.39925732423258,0.130712230674297
"259","Tikehau","Polynesia","yes",-15.0031,-148.1738,175,1780,20,398,0,1,3,4,13,"Tahiti",306,6157,529,0.759999983012676,1.87438583726545,0.125560898441504,0.834870765013918,3.37391281497849,0.0408988596511591
"260","Toau","Polynesia","yes",-15.907,-146.0233,70,1650,12,596,0,0,1,3,33,"Tahiti",389,6311,18,0.61999998614192,1.82178936510242,0.122939244968721,0.837685353775643,3.36659043487004,0.0450786163918449
"261","Tongareva","Polynesia","yes",-8.998556,-157.9715,18,2289,9.84,201,0,0,0,1,358,"Maupiti",1028,5442,226,3.10999993048608,1.75784044520623,0.119253550730983,0.824321094327498,3.40145490481316,0.0437621318428417
"262","Tuanake","Polynesia","no",-16.6531,-144.2148,33,1557,6,27,0,0,0,0,12,"Tahiti",536,6454,6,0.899999979883432,1.72060331840843,0.117332125281564,0.830895739103669,3.35854512012323,0.0427798838400083
"263","Tubbataha","Micronesia","yes",8.85,119.9333,1,2905,0.4,968,4,0,1,7,1462,"Palawan",158,1205,0,-2.71999993920326,1.28977803531642,0.0883200392033277,0.826632936643845,3.40157813640351,0.133969263998372
"264","Tupai","Polynesia","yes",-16.2623,-151.8165,5,1970,10.24,12,2,0,2,5,197,"Bora_Bora",23,5736,0,0.459999989718199,1.16060711978214,0.083828486691292,0.783434234953436,3.36931736036067,0.0470382065962126
"265","Tureia","Polynesia","yes",-20.8293,-138.539,27,1579,8,60,1,0,2,3,61,"Mangareva",444,6829,275,0.61999998614192,0.562825263488034,0.0615660835554823,0.693200943690839,3.30722091701603,0.0611350391208945
"266","Ujae","Micronesia","yes",9.0812091,165.6122758,15,2286,1.86,218,5,3,5,8,49,"Kosrae",499,3367,364,0.0299999993294477,1.28222345275714,0.0860782423914136,0.77373561448873,3.39393072397773,0.0684257917748261
"267","Ujelang","Micronesia","yes",9.8206101,160.9263437,30,1966,1.86,75,2,3,6,13,218,"Pohnpei",424,3054,0,-0.289999993517995,1.09375994543519,0.0785828127492356,0.771120454044001,3.3941347766613,0.0547031156347939
"268","Ulithi","Micronesia","yes",9.9613889,139.6036111,40,2832,4.5,314,24,13,27,55,17,"Colonia",166,2308,773,-2.70999993942678,1.20159530739153,0.0827478015502229,0.798848635102907,3.40351221838711,0.076573467657704
"269","Utirik","Micronesia","yes",11.2497,169.788,10,1583,2.4,78,1,1,3,4,7,"Kosrae",984,3873,350,0.759999983012676,1.1226433983508,0.079667007325708,0.757554965103509,3.37674052628385,0.0685723518763804
"270","Vahanga","Polynesia","yes",-21.3321,-136.651,16,1658,3.8,6,1,0,1,3,8,"Mangareva",260,6989,0,0.96999997831881,0.520051243326125,0.0602982101710481,0.686248359354,3.2989521414,0.0616355135688887
"271","Vahitahi","Polynesia","no",-18.7742,-138.8197,16,1387,2.5,9,1,1,2,3,73,"Mangareva",622,6888,105,1.11999997496605,0.651462287117541,0.0634451319595544,0.699219965037632,3.33179257935663,0.0488928390729715
"272","Vairaatea","Polynesia","yes",-19.3491,-139.2201,6,1469,3,14,1,2,2,2,56,"Mangareva",603,6823,57,1.11999997496605,0.652663573957051,0.0637496152200465,0.700644502832566,3.32669195741866,0.0508353644470548
"273","Vaitupu","Polynesia","yes",-7.2792,178.6782,9,3393,5.6,0.76,0,0,0,1,57,"Rotuma",580,3386,1061,5.0499998871237,1.66033387133743,0.110560442381952,0.797169687837405,3.42194346639566,0.0583204366110099
"274","Vanavana","Polynesia","yes",-20.7809,-139.1407,6,1579,5,3,1,0,1,3,58,"Mangareva",498,6771,0,0.61999998614192,0.578043680310002,0.0621768333149218,0.695861716781564,3.3073312416783,0.0608165499255396
"275","Wailagilala","Melanesia","yes",-16.7732,-179.1073,1,2200,0.3,13,5,6,13,18,73,"Vanua_Levu",114,3037,0,-1.52999996580184,1.11078197291538,0.0828583883886825,0.794788065601273,3.35373631934385,0.0677080155803946
"276","Wake","Micronesia","yes",19.2960859,166.6269779,3,936,7.38,10,2,3,5,12,858,"Pohnpei",1631,3966,0,-0.159999996423721,0.763422476532978,0.0679748215576867,0.738833130735291,3.35550003006137,0.07874588816942
"277","West_Fayu","Micronesia","no",8.0743,146.7162,1,3031,0.6,7,8,5,8,22,74,"Chuuk",539,2125,0,-1.90999995730817,1.17391979344359,0.0804950999204415,0.778359450553468,3.40719002744701,0.0761519616953897
"278","Woleai","Micronesia","no",7.3462,143.8652,18,3062,4.5,34,11,4,8,16,60,"Chuuk",845,2002,1081,-3.43999992311001,1.19776185472661,0.0812868138947054,0.7717083638076,3.40876463124912,0.0857813138249621
"279","Wotho","Micronesia","yes",9.9562337,166.1363121,13,2159,4.33,100,4,1,3,8,110,"Kosrae",616,3476,97,0.0299999993294477,1.37146896387213,0.0910714390929737,0.794955333553615,3.38801587386303,0.0671240320686943
"280","Wotje","Micronesia","yes",9.438,170.0167,75,1499,8.18,717,5,0,2,2,23,"Kosrae",896,3774,859,0.169999996200204,1.55442924796066,0.100526086075292,0.794458114276203,3.38604490431098,0.0906946073561411
