"","nppv","chl","phyc","temp","velo","atoll","lat","long","Anous_stolidus","Anous_minutus","Anous_tenuirostris","Anous_ceruleus","Gygis_alba","Onychoprion_fuscatus","Onychoprion_lunatus","Onychoprion_anaethetus","Sternula_nereis","Sternula_saundersi","Hydroprogne_caspia","Sterna_dougallii","Sterna_sumatrana","Thalasseus_bergii","Thalasseus_bengalensis","Phaethon_lepturus","Phaethon_rubricauda","Phoebastria_immutabilis","Phoebastria_nigripes","Phoebastria_albatrus","Nesofregetta_fuliginosa","Hydrobates_tristrami","Pterodroma_neglecta","Pterodroma_heraldica","Pterodroma_ultima","Pterodroma_hypoleuca","Pterodroma_alba","Bulweria_bulwerii","Ardenna_pacifica","Puffinus_nativitatis","Puffinus_bailloni","Fregata_ariel","Fregata_minor","Sula_dactylatra","Sula_granti","Sula_leucogaster","Sula_sula"
"1",2.87979797501908,0.234936077832391,0.962542265250251,3.40428598251165,0.0725761704933924,"Abaiang",1.8569,172.9472,0.7616625,0.8616375,0.83261875,0.099625,0.17218125,0.01206875,0.01076875,0.0007375,0.0056625,0.0374875,0.56335,0.0112875,0.0063625,0.0162125,0.03043125,0.002475,0.00555625,0.00061875,0.01616875,0.11115,0.9789375,0.29486875,0.00010625,0.008075,5e-05,0.00190625,0.55724375,0.24909375,0.00150625,0.00375,0.07715625,0.02716875,0.00535,0.00510625,0.00934375,0.02406875,0.00251875
"2",2.18218983184641,0.152647677198117,0.874050643587757,3.39330367925753,0.0500763319805425,"Abariringa",-2.816761,188.325901,1,1,0,0,1,1,1,0,0,0,0,0,0,0,0,0,1,0,0,0,0,0,0,0,0,0,1,0,0,0,0,1,1,1,0,1,1
"3",2.56427534353384,0.18451334264543,0.898279067010677,3.40231486624727,0.0810280494995078,"Abemama",0.3927,173.8657,1,1,0,0,1,0,0,0,0,0,0,0,0,1,0,0,0,0,0,0,0,0,0,0,0,0,0,0,0,0,0,0,0,0,0,0,0
"4",1.53191929821744,0.100089390068355,0.788966057319466,3.41259173425334,0.0745922854355232,"Addu",-0.64009,73.157791,1,0,0,0,1,0,0,0,0,0,0,0,1,0,0,1,0,0,0,0,0,0,0,0,0,0,0,0,0,0,0,0,0,0,0,0,0
"5",1.69736835744535,0.112941000839916,0.818922798761391,3.37515766090965,0.048316727638453,"Ahe",-14.4784,213.6963,1,1,0,0,0,0,0,0,0,0,0,0,0,0,0,0,0,0,0,0,0,0,0,0,0,0,0,0,0,0,0,0,0,0,0,0,1
"6",0.728009611963895,0.0672547987995311,0.717168411848705,3.32457195491122,0.0528381435586725,"Ahunui",-19.6342,219.5907,1,1,0,0,1,0,0,0,0,0,0,0,0,0,0,0,1,0,0,0,0,0,0,0,0,0,0,0,0,0,0,0,0,0,0,0,1
"7",1.41481992726331,0.0945287688625128,0.813044720498832,3.38019075756302,0.0530328811895304,"Ailinginae",11.144382,166.378242,1,1,0,0,1,1,0,0,0,0,0,0,1,1,0,0,0,0,0,0,0,0,0,0,0,0,0,0,0,0,0,0,1,0,0,1,1
"8",1.86194944883082,0.118945684824802,0.793302605054155,3.39895518483143,0.0716147708333874,"Ailinglaplap",7.394,168.7634,0.8513375,0.90561875,0.912925,0.04571875,0.15850625,0.00365625,0.001325,0.000425,0.0035625,0.01493125,0.38743125,0.01214375,0.00534375,0.00579375,0.00333125,0.001925,0.0031875,0.00040625,0.00890625,0.05988125,0.4888625,0.1287375,0.0012,0.0206,0.0028625,0.000375,0.11615,0.12926875,6e-04,0.0006875,0.00178125,0.002975,0.0057125,0.00185,0.00240625,0.023875,0.0045125
"9",1.2984413910906,0.087126923301154,0.774535920457644,3.38045929196822,0.0804636787587351,"Ailuk",10.3410084,169.9418605,1,1,0,0,1,1,0,0,0,0,0,0,1,1,0,0,0,0,0,0,0,0,0,0,0,0,0,0,1,1,0,0,1,0,0,0,0
"10",1.99349928978762,0.143428452419045,0.869016195852157,3.34259910553169,0.0695130028854708,"Aldabra",-9.416548,46.343366,1,0,0,0,1,0,0,0,0,0,1,0,1,1,0,1,1,0,0,0,0,0,0,0,0,0,0,0,0,0,0,1,1,0,0,0,1
"11",1.91706531024168,0.133864415793501,0.862476260456982,3.35889781232449,0.0670720764013493,"Alphonse",-7.0206,52.7374,0.02060625,0.00604375,0.0301375,0.0059875,0.710925,0.0132625,0.00424375,0.34559375,0.6165,0.6395625,0.9686,0.23029375,0.37021875,0.00256875,0.93971875,0.00048125,0.07338125,0.22788125,0.01475625,0.582825,0.96650625,0.90111875,0.00603125,0.00595,0.13316875,0.02091875,0.00665,0.92178125,0.00498125,0.20415625,0.7247125,0.9706125,0.6391,0.388125,0.52278125,0.64310625,0.86375
"12",0.896833929918497,0.0727187761556123,0.738712842049811,3.34380281981317,0.0484673246336257,"Amanu",-17.8076,219.2379,0.96320625,0.90275,0.0021125,0.3326125,0.9535625,0.252825,0.21678125,0.00315,0.00145,0.00251875,0.0017875,0.00295,0.08095,0.13895625,0.001,0.14175,0.3187875,0.00616875,0.0065375,0.006225,0.0057625,0.008525,0.08455,0.0152125,0.09558125,0.0089375,0.0212125,0.0135875,0.0465625,0.0678875,0.0079375,0.17593125,0.514625,0.180475,0.00238125,0.4278375,0.83448125
"13",1.59104378856196,0.109742751119197,0.816858844470147,3.35459042517545,0.0435796043127341,"Anaa",-17.41667,214.5,1,0,0,0,1,0,0,0,0,0,0,0,0,0,0,0,0,0,0,0,0,0,0,0,0,0,0,0,0,0,0,0,0,0,0,0,0
"14",2.30504878066028,0.157173508463582,0.827709836579167,3.4217430069886,0.0631725309679513,"Analtin",-1.1263,144.3952,0.81039375,0.05111875,0.667,0.00321875,0.4025375,0.14358125,0.1103625,0.1424625,0.01600625,0.2137125,0.0019625,0.24179375,0.0124625,0.0053,0.00325625,0.35758125,0.15208125,0.0002625,3.75e-05,0.287825,0.0004875,0.0001375,0.0003625,0.000125,0.0143,0.0002125,0.00181875,0.22614375,0.0753625,0.00285625,7.5e-05,0.0160125,0.00020625,0.0133,0.0356125,0.1882125,0.00301875
"15",1.2177074402639,0.08218309601211,0.758476362409621,3.40953356141608,0.0660133118065556,"Ant",6.7819444,157.9166667,1,1,0,0,1,1,0,0,0,0,0,0,1,1,0,0,1,0,0,0,0,0,0,0,0,0,0,0,0,0,0,0,1,0,0,1,1
"16",0.834286467087389,0.072978592981898,0.732866261449186,3.31572559712441,0.0626224999912567,"Anuanuraro",-20.436,216.4645,1,1,0,0,1,0,0,0,0,0,0,0,0,0,0,0,1,0,0,0,0,0,0,0,0,0,0,0,0,0,0,0,0,0,0,1,0
"17",0.780613423324197,0.0707397616005363,0.724089299863068,3.31184072902733,0.0644829816984079,"Anuanurunga",-20.6135,216.713,1,1,0,0,1,0,0,0,0,0,0,0,0,0,0,0,1,0,0,0,0,0,0,0,0,0,0,0,0,0,0,1,0,0,0,0,1
"18",1.93632085130244,0.129851396533294,0.851175968766693,3.36979779159859,0.0469666963156063,"Apataki",-15.4527,213.6752,1,1,0,1,1,1,0,0,0,0,0,0,0,1,0,0,0,0,0,0,0,0,0,0,0,0,0,0,0,0,0,0,0,0,0,0,0
"19",2.58206530522011,0.186376465701361,0.906620824845604,3.40263719762887,0.0758934077092682,"Aranuka",0.1659,173.6088,1,1,0,0,1,1,0,0,0,0,0,0,1,1,0,0,0,0,0,0,0,0,0,0,0,0,0,0,0,0,0,0,0,0,0,0,0
"20",1.82553390850806,0.122044923333916,0.838821786688023,3.36748886870444,0.0462226491663419,"Aratika",-15.5392,214.4706,1,1,0,1,1,0,0,0,0,0,0,0,0,1,0,0,0,0,0,0,0,0,0,0,0,0,0,0,0,0,0,0,0,0,0,1,1
"21",1.87111749233883,0.118865444080789,0.851422529894453,3.4041454263281,0.095293002781662,"Ari",3.83,72.85,0.04499375,0.01425625,0.0476,0.0197375,0.66770625,0.01729375,0.0065875,0.1426625,0.32624375,0.61431875,0.89355625,0.2935875,0.53124375,0.01723125,0.82988125,0.00045625,0.01108125,0.07115625,0.00423125,0.33588125,0.71248125,0.74094375,0.0044,0.00238125,0.1196375,0.0146875,0.00486875,0.5956375,0.00585625,0.1200375,0.35080625,0.9404375,0.56259375,0.18175,0.4468625,0.822,0.91938125
"22",2.07881084443592,0.138435134472162,0.820217160157991,3.39822709238803,0.088795883512652,"Arno",7.081172,171.6562687,1,1,0,0,1,0,0,0,0,0,0,0,1,1,0,0,0,0,0,0,0,0,0,0,0,0,0,0,0,0,0,0,0,0,0,0,0
"23",1.9453496155351,0.130632633809217,0.850727841750062,3.3700281806221,0.0462895025021899,"Arutua",-15.3217,213.258,1,1,0,0,0,0,0,0,0,0,0,0,0,0,0,0,0,0,0,0,0,0,0,0,0,0,0,0,0,0,0,0,0,0,0,0,0
"24",1.97875090007618,0.142907993482366,0.859093318323842,3.33478890509141,0.100938219529737,"Astove",-10.087218,47.745384,0,0,0,0,0,1,0,0,0,0,1,0,0,1,0,0,0,0,0,0,0,0,0,0,0,0,0,0,0,0,0,0,0,0,0,0,0
"25",1.45527126316574,0.0990378855436462,0.764204461754888,3.41553086136252,0.0489407256673047,"Atafu",-8.5602,187.5071,1,1,0,0,1,0,0,0,0,0,0,0,1,0,0,0,0,0,0,0,0,0,0,0,0,0,0,0,0,0,0,0,0,0,0,1,1
"26",1.78412357106526,0.115083406359525,0.804472256836092,3.39122295097981,0.0813590062401917,"Aur",8.255,171.0935,1,1,0,0,1,0,0,0,0,0,0,0,1,1,0,0,0,0,0,0,0,0,0,0,0,0,0,0,0,0,0,0,0,0,0,0,0
"27",2.43310327024838,0.169822523452702,0.838593833230685,3.41944464305347,0.0720669273423165,"Awin",-1.649,144.0179,0.7765,0.044275,0.6257875,0.0025625,0.36696875,0.1710125,0.11129375,0.130525,0.01689375,0.21073125,0.0020375,0.20963125,0.0112375,0.0052,0.00485625,0.3559,0.16438125,0.0003625,4.375e-05,0.3152875,0.00081875,7.5e-05,0.00025,0.00015625,0.00959375,0.00029375,0.0020875,0.26883125,0.07770625,0.002925,6.875e-05,0.01888125,0.00023125,0.01768125,0.03935,0.19601875,0.0024625
"28",1.82230168463586,0.1164057930316,0.849726460528769,3.40208442159879,0.086965966125747,"Baa",4.8529,72.9244,0.02979375,0.0090125,0.04010625,0.0088375,0.7289125,0.013025,0.00304375,0.18775,0.40505,0.626075,0.9286125,0.219375,0.42656875,0.00408125,0.91081875,0.00053125,0.02069375,0.0942625,0.0050875,0.41448125,0.8469125,0.82158125,0.00361875,0.0025125,0.10168125,0.010375,0.00358125,0.7752375,0.00325625,0.10425625,0.4472375,0.94853125,0.62256875,0.22405625,0.50088125,0.75955625,0.9062875
"29",1.58161644032996,0.103941001371968,0.871303861063234,3.39903403037628,0.105318362462471,"Bangaram",10.9128,72.2279,0,0,0,0,0,0,0,0,0,0,0,0,0,1,1,0,0,0,0,0,0,0,0,0,0,0,0,0,0,0,0,0,0,0,0,0,0
"30",1.12058250679182,0.0912940085269921,0.79143220686466,3.29191791810148,0.0824104426266352,"Beautemps-Beaupre",-20.3455,166.1691,1,1,0,0,1,1,0,0,1,0,0,0,0,1,0,0,0,0,0,0,0,0,0,1,0,0,0,0,1,0,0,1,1,0,0,1,1
"31",1.34605539363216,0.110188873865118,0.789573736874462,3.26315465064273,0.0831146142352377,"Bellona",-21.156,158.9917,1,1,0,0,0,1,0,0,0,0,0,0,1,1,0,0,0,0,0,0,0,0,0,0,0,0,0,0,1,0,0,1,0,1,0,1,1
"32",2.23014927194994,0.151549285469984,0.873706994016945,3.40573094623094,0.0725937201019564,"Beru",-1.3215,175.9784,0.78475,0.8682,0.8837125,0.116,0.2173875,0.0154125,0.0217875,0.00228125,0.014525,0.0415875,0.69993125,0.0130625,0.0026625,0.00519375,0.03765,0.00225625,0.04505,0.01358125,0.1955125,0.373875,0.994425,0.85288125,0.0006625,0.0360125,0.00085625,0.0319625,0.66491875,0.7134875,0.02129375,0.04905625,0.11151875,0.01284375,0.01125625,0.025025,0.01036875,0.02436875,0.0040375
"33",0.830030266865915,0.0687536017405236,0.726848091906844,3.37065409617536,0.0632824624282667,"Bikar",12.25111,170.10303,1,1,0,1,1,1,1,1,0,0,0,0,1,1,0,1,1,0,0,0,0,0,0,0,0,0,0,0,1,0,0,0,1,1,0,1,1
"34",1.37656136098605,0.0930329332140097,0.808388292709342,3.37959941657679,0.0732081266435015,"Bikini",11.5391494,165.2716261,1,1,0,0,1,1,0,0,0,0,0,0,1,1,0,0,0,0,0,0,0,0,0,0,0,0,0,0,1,0,0,0,1,0,0,1,1
"35",2.13234517299906,0.148275499190669,0.874168331223436,3.39815801524758,0.0488596439853674,"Birnie",-3.5847,188.4831,1,0,0,0,1,1,1,0,0,0,0,0,0,0,0,0,1,0,0,0,0,0,0,0,0,0,0,0,0,0,0,1,0,1,0,1,1
"36",1.60607267877413,0.105552678391874,0.875409379105652,3.39802818072018,0.100463377575181,"Bitra_Par",11.5482,72.1636,0,0,0,0,0,0,0,0,0,0,0,0,0,0,1,0,0,0,0,0,0,0,0,0,0,0,0,0,0,0,0,0,0,0,0,0,0
"37",0.654059374240844,0.0624328413772745,0.715818478516815,3.36554370822323,0.0571996151576308,"Bokaak",14.6559,168.9733,1,1,0,1,1,1,1,0,0,0,0,0,1,1,0,1,1,0,0,0,0,0,0,0,0,0,0,1,1,1,0,0,1,1,0,1,1
"38",1.78354123428709,0.119700914799484,0.852866732173413,3.37119520760642,0.0773397997078942,"Bramble_Haven",-11.2299,152.0092,0.76119375,0.0321125,0.58195,0.002,0.30525,0.24096875,0.19463125,0.25379375,0.05094375,0.22215625,0.0031125,0.28140625,0.008475,0.00406875,0.0048875,0.26854375,0.4217,0.0022,0.0003625,0.61343125,0.0010125,0.00076875,0.00081875,0.00038125,0.0459625,0.0013625,0.00204375,0.6305375,0.2546625,0.0152625,9.375e-05,0.01694375,0.00021875,0.06225,0.03591875,0.20143125,0.002625
"39",2.32558639656085,0.164011065749843,0.864898845391754,3.39440411774197,0.0975700466555608,"Budibudi",-9.2862,153.6736,0.749575,0.03605,0.568125,0.0017375,0.3050875,0.28031875,0.14575,0.1413375,0.0294625,0.20181875,0.0023,0.21263125,0.0105875,0.005025,0.00711875,0.3225375,0.28285625,0.0009125,2e-04,0.42561875,0.0007375,0.00024375,0.00031875,0.00013125,0.0093375,0.00051875,0.00230625,0.42206875,0.139825,0.0054625,6.875e-05,0.02253125,0.00021875,0.0418625,0.04664375,0.26236875,0.002625
"40",2.39409981195493,0.171092062528472,0.876286105297266,3.40562924800088,0.104853153128485,"Butaritari",3.152,172.8311,1,1,0,0,1,1,0,0,0,0,0,0,1,1,0,0,0,0,0,0,0,0,0,0,0,0,0,0,0,0,0,1,1,0,0,1,1
"41",1.60058447750294,0.105253549075727,0.874623714039741,3.39719960237956,0.0988351197337749,"Byramgore",11.8942,71.8011,1,0,0,0,0,1,0,0,0,0,0,0,0,1,1,0,0,0,0,0,0,0,0,0,0,0,0,0,0,0,0,0,0,0,0,0,0
"42",1.67838261634934,0.114588235740403,0.826250819091308,3.39037666634621,0.0492435760295135,"Caroline",-9.9594389,209.7946215,1,1,0,1,1,1,1,0,0,0,0,0,0,0,0,0,1,0,0,0,0,0,0,0,0,0,0,0,0,0,0,1,1,1,0,1,1
"43",1.6084884849287,0.10596557441889,0.875208412545431,3.39630641430474,0.0992980660963423,"Cherbaniani",12.3498,71.9068,1,0,0,0,0,1,0,0,0,0,0,0,0,1,1,0,0,0,0,0,0,0,0,0,0,0,0,0,0,0,0,0,0,0,0,0,0
"44",1.07903421977971,0.0890126255654399,0.797444250756428,3.29598769900261,0.0642647038367768,"Chesterfield",-19.2865,158.6077,1,1,0,0,0,1,0,0,1,0,0,1,1,1,0,0,1,0,0,0,0,0,0,0,0,0,0,0,1,0,0,1,1,1,0,1,1
"45",1.63902224975478,0.10766003571756,0.87846382240252,3.39877583177836,0.105510008549041,"Chetlat",11.6935,72.7078,0.01754375,0.0041875,0.02064375,0.00223125,0.55885625,0.04378125,0.0043125,0.27861875,0.7021625,0.5469625,0.9477625,0.19281875,0.32104375,0.00221875,0.95703125,0.00054375,0.17161875,0.43863125,0.0502,0.65173125,0.8891625,0.91688125,0.00365625,0.005275,0.07606875,0.03860625,0.00509375,0.95099375,0.00880625,0.187925,0.55254375,0.97093125,0.6165,0.67585,0.61929375,0.81089375,0.8589625
"46",2.30209558756708,0.160339713093428,0.906202259868812,3.37367554281766,0.0827619781425558,"Clipperton",10.3036471,250.7836785,1,1,0,0,1,1,0,0,0,0,0,0,0,0,0,0,1,0,0,0,0,0,0,0,0,0,0,0,1,0,0,0,1,0,1,1,1
"47",1.17912630502805,0.0880485756461273,0.774178495203624,3.35520004253766,0.0785018960800243,"Cocos",-12.141876,96.8677068,1,0,1,0,1,1,0,0,0,0,0,0,0,0,0,1,1,0,0,0,0,0,0,0,0,0,0,0,1,0,0,1,1,1,0,1,1
"48",1.8443600373116,0.123019829061025,0.856622430863601,3.37243508186766,0.0802387236156741,"Conflict",-10.7804,151.798,0,0,0,0,0,0,0,0,0,0,0,0,1,0,0,0,0,0,0,0,0,0,0,0,0,0,0,0,0,0,0,0,0,0,0,0,0
"49",2.00261137949076,0.143702442306021,0.865098982131172,3.33818252675674,0.0979856099741425,"Cosmoledo",-9.71667,47.58333,1,0,0,0,1,1,0,1,0,0,0,0,1,1,0,1,1,0,0,0,0,0,0,0,0,0,0,0,0,0,0,1,1,1,0,1,1
"50",1.81723648606878,0.115623799302863,0.837529420956664,3.40529881384378,0.100080532072198,"Dhaalu",2.8372,72.934,0.02645625,0.0082125,0.03656875,0.00720625,0.69501875,0.0176875,0.003525,0.19843125,0.46284375,0.628825,0.930425,0.21025625,0.399,0.0042,0.93158125,0.0006125,0.0316875,0.156075,0.0092875,0.4816625,0.8522375,0.876675,0.0041375,0.0028,0.10491875,0.0200625,0.0039125,0.84421875,0.00506875,0.14408125,0.47363125,0.95039375,0.61805625,0.316075,0.53271875,0.78211875,0.90195625
"51",1.79494393271557,0.120996339759803,0.840004547597801,3.37606717446886,0.0796578954176368,"Diego_Garcia",-7.3383584,72.4718155,1,0,1,0,1,1,0,1,0,1,0,1,1,1,0,1,1,0,0,0,0,0,0,0,0,0,0,0,1,0,1,1,1,0,0,1,1
"52",0.329455340714001,0.0534822466961889,0.633903667795011,3.2381926794263,0.0630566629035861,"Ducie",-24.67406,235.22267,1,0,0,1,1,1,0,0,0,0,0,0,0,0,0,0,1,0,0,0,0,0,1,1,1,0,0,0,0,1,0,0,1,1,0,0,1
"53",1.2141580348322,0.0821443124338991,0.768826114125651,3.41132178884645,0.103631750289954,"Eauripik",6.6899,143.0416,0.73715625,0.7897,0.82084375,0.00806875,0.06823125,0.0146,0.0007625,0.00090625,0.02221875,0.010325,0.4142875,0.01026875,0.00295625,0.00144375,0.0164375,0.0020375,0.0357625,0.009675,0.13358125,0.249225,0.3546625,0.36531875,0.00290625,0.06085,0.00736875,0.00280625,0.09885,0.5035875,0.00158125,0.001375,0.001675,0.00275,0.00529375,0.02224375,0.0064875,0.0381,0.00304375
"54",1.96909728581865,0.131560540629995,0.813188746950537,3.40800944508847,0.0835694040119602,"Ebon",4.634,168.7192,0.80345,0.880775,0.90245,0.02934375,0.16025,0.0041125,0.00113125,0.00035,0.003575,0.0149375,0.37134375,0.00659375,0.00378125,0.0029625,0.00745,0.00254375,0.00446875,6e-04,0.01584375,0.08395625,0.66939375,0.21255,0.00068125,0.01701875,0.00131875,0.00081875,0.1613125,0.21635,0.00070625,0.0009125,0.00344375,0.0033125,0.0054375,0.0031875,0.00313125,0.02179375,0.00295
"55",1.65571609660809,0.111426527484877,0.825059377015062,3.38107784018535,0.0714254522810311,"Egmont",-6.6586,71.3523,1,0,1,0,1,0,0,0,0,0,0,0,1,1,0,1,0,0,0,0,0,0,0,0,0,0,0,0,0,0,0,0,0,0,0,0,1
"56",2.20391251895763,0.150700534013817,0.870343443558446,3.38733438490174,0.0843397302903855,"Egum",-9.41,151.94,0,1,0,0,0,0,0,0,0,0,0,0,0,0,0,0,0,0,0,0,0,0,0,0,0,0,0,0,0,0,0,0,0,0,0,0,0
"57",1.17739049511889,0.0804608523336304,0.772876513545301,3.40903257080951,0.0796426289753948,"Elato",7.4406,146.1477,0.74046875,0.79903125,0.83860625,0.00859375,0.07843125,0.0046,0.00035625,0.00084375,0.01353125,0.00968125,0.3584125,0.01038125,0.0033,0.001825,0.0087,0.0020625,0.0094125,0.002225,0.03865,0.13829375,0.23838125,0.16204375,0.00385,0.05771875,0.0117875,0.00070625,0.06758125,0.2836875,0.00031875,0.0005125,0.0009125,0.0019875,0.0040375,0.005875,0.00298125,0.01986875,0.002325
"58",2.16460830059704,0.151204762094686,0.873175876575425,3.39414187966745,0.0490155782764835,"Enderbury",-3.1263,188.9135,1,1,0,0,1,1,1,0,0,0,0,0,0,0,0,0,1,0,0,0,0,0,0,0,0,0,0,0,1,1,1,1,1,1,0,1,1
"59",1.33465676805447,0.0901540181184718,0.795033841822503,3.38521720382195,0.0472423357742344,"Eniwetok",11.4205556,162.3405556,1,1,0,1,1,1,1,0,0,0,0,0,1,1,0,1,1,0,0,0,0,0,0,0,0,0,0,0,0,0,0,0,1,0,0,1,1
"60",1.61568038222805,0.103936632614725,0.798451953938303,3.38770842431565,0.0916224358199547,"Erikub",9.142,170.0205,1,1,0,0,1,0,0,0,0,0,0,0,1,1,0,1,1,0,0,0,0,0,0,0,0,0,0,0,0,0,0,1,1,0,0,1,1
"61",1.29598690432866,0.085506715771921,0.764666353178154,3.41482477642903,0.071619775621749,"Etal",5.5680556,153.5861111,1,1,0,0,0,0,0,0,0,0,0,0,0,0,0,0,0,0,0,0,0,0,0,0,0,0,0,0,0,0,0,0,0,0,0,0,0
"62",1.43254123506633,0.110048959107451,0.827039764640339,3.31395927979579,0.10572022154797,"Europa",-22.3698,40.3699,0,0,0,0,0,1,0,0,0,0,1,0,0,0,0,1,1,0,0,0,0,0,0,0,0,0,0,0,0,0,1,1,1,0,0,0,1
"63",1.78490179016683,0.114905704808064,0.847918723928281,3.3991258221156,0.12096247752374,"Faadhippolhu",5.3905,73.52,0.01865625,0.00654375,0.024625,0.00510625,0.5912875,0.0207875,0.00331875,0.188375,0.49278125,0.6011375,0.9131625,0.18689375,0.380325,0.0043125,0.9479375,0.00049375,0.0309,0.22496875,0.01760625,0.528425,0.788275,0.88801875,0.0054375,0.00375625,0.1215,0.0361,0.0044,0.86361875,0.0052,0.15080625,0.427475,0.94308125,0.53575625,0.39639375,0.51729375,0.77485,0.86664375
"64",1.83832312998026,0.116919094088246,0.842831876339514,3.40499423889699,0.0980932123402775,"Faafu",3.1951,72.9295,0.02241875,0.0070875,0.03239375,0.00476875,0.68380625,0.0190125,0.002975,0.20945625,0.500525,0.60915,0.9309,0.18570625,0.36548125,0.00261875,0.94363125,0.00055,0.04375,0.1993625,0.01313125,0.516975,0.87001875,0.88738125,0.003475,0.0034,0.08540625,0.02113125,0.00405,0.88059375,0.00445625,0.13745625,0.5031125,0.95414375,0.62179375,0.3767625,0.56079375,0.77848125,0.889575
"65",1.70998170375482,0.117120072812771,0.826690336711739,3.35786528562251,0.0410794827936897,"Faaite",-16.7506,214.7579,1,1,0,0,1,0,0,0,0,0,0,0,0,0,0,0,0,0,0,0,0,0,0,0,0,0,0,0,0,0,0,0,0,0,0,0,0
"66",0.780158979881585,0.0667421278440852,0.707439995641788,3.3575042202079,0.0492860143628087,"Fakahina",-15.9851,219.8669,1,1,0,0,1,0,0,0,0,0,0,0,0,0,0,0,0,0,0,0,0,0,0,0,0,0,0,0,0,0,0,0,0,0,0,0,0
"67",1.28762729278341,0.0883147367676309,0.732124532806925,3.41451723248592,0.0489316385522568,"Fakaofo",-9.3736,188.7838,1,1,0,0,1,0,0,0,0,0,0,0,1,0,0,0,0,0,0,0,0,0,0,0,0,0,0,0,0,0,0,0,0,0,0,0,1
"68",1.75875465918073,0.119749580603952,0.830377549393173,3.36276854291497,0.0425138409881934,"Fakarava",-16.2928,214.3916,1,1,0,0,1,0,0,0,0,0,0,0,0,0,0,0,0,0,0,0,0,0,0,0,0,0,0,0,0,0,0,0,1,0,0,1,1
"69",0.83663180067262,0.0686707642815778,0.713529296001329,3.35894676536136,0.0510018305119936,"Fangatau",-15.8262,219.1382,0,1,0,0,0,0,0,0,0,0,0,0,0,0,0,0,0,0,0,0,0,0,0,0,0,0,0,0,0,0,0,0,0,0,0,0,0
"70",0.543536803484531,0.0619980476047146,0.69079664648296,3.28699562984664,0.0678234705139961,"Fangataufa",-22.2356,221.2599,1,1,0,0,1,1,0,0,0,0,0,0,0,0,0,0,1,0,0,0,0,0,1,0,1,0,0,0,0,0,0,0,1,1,0,0,1
"71",1.18103222900852,0.0809695904255604,0.780927922165146,3.4053629569552,0.0683596946694805,"Faraulep",8.591,144.5096,0.79985,0.84530625,0.8873125,0.0140625,0.11309375,0.0073875,0.0009875,0.000975,0.014525,0.01068125,0.420975,0.0113375,0.00269375,0.0018875,0.0072125,0.00226875,0.02345625,0.0037375,0.0647125,0.1756625,0.4261875,0.2776125,0.0030125,0.0593875,0.008,0.00126875,0.1035375,0.3917125,0.001225,0.0011625,0.0017375,0.002525,0.007125,0.0095125,0.0043375,0.0282875,0.00365625
"72",2.04322138746901,0.146390016244181,0.872892758468581,3.33837436967617,0.0835028813571517,"Farquhar",-10.1825534,51.165114,1,0,1,0,1,1,0,0,0,0,0,1,1,1,0,0,0,0,0,0,0,0,0,0,0,0,0,0,0,0,0,0,0,0,0,0,1
"73",1.88182294451306,0.119692478452648,0.847306803881958,3.40399927095174,0.12185044890601,"Felidhu",3.4608,73.466,0.01885625,0.0059125,0.024075,0.00385,0.5974875,0.02586875,0.002975,0.19469375,0.52579375,0.581075,0.9191375,0.173175,0.3607375,0.00310625,0.95238125,0.00058125,0.04800625,0.25259375,0.019775,0.5447,0.830925,0.89095625,0.00369375,0.00341875,0.079225,0.0314875,0.0044,0.88933125,0.00488125,0.14185625,0.47270625,0.95611875,0.562725,0.459025,0.55715625,0.7940625,0.86503125
"74",0.7023368038684,0.0711995824153807,0.746474343281726,3.26579114017229,0.0750183040816075,"French_Frigate_Shoals",23.7551,193.7904,1,1,0,1,1,1,1,0,0,0,0,0,0,0,0,0,1,1,1,0,0,1,0,0,0,1,0,1,1,1,0,0,1,1,0,1,1
"75",1.51115409230264,0.0997573657587248,0.762076279162252,3.41962395494477,0.0523265648353796,"Funafuti",-8.5155,179.113,1,1,0,0,1,1,0,0,0,0,0,0,1,0,0,0,0,0,0,0,0,0,0,0,0,0,0,0,0,0,0,0,0,0,0,0,0
"76",1.86211294786773,0.118881201370613,0.851339233785614,3.40152673134028,0.112538395586344,"Gaafaru",4.7477,73.4346,0.0156875,0.00493125,0.0229125,0.00268125,0.615525,0.02229375,0.0025375,0.229975,0.5632375,0.5724375,0.9248875,0.1569625,0.32276875,0.00176875,0.95975,0.00068125,0.06511875,0.29250625,0.02556875,0.5765125,0.87110625,0.89546875,0.003925,0.00380625,0.0790375,0.030375,0.0042375,0.91689375,0.0042375,0.13395,0.5242,0.95805625,0.5774125,0.4841375,0.57495,0.75339375,0.84744375
"77",1.61891397070567,0.117897296009504,0.837663313638974,3.34667486744796,0.102600295887063,"Glorioso",-11.5468,47.3258,1,0,0,0,0,1,0,0,0,0,0,0,0,0,0,0,0,0,0,0,0,0,0,0,0,0,0,0,0,0,0,0,0,0,0,0,0
"78",1.753580448873,0.112825500563683,0.816564942248217,3.40798452524888,0.103736973351368,"Haddhunmathi",1.9212,73.4046,0.03385625,0.01100625,0.04474375,0.0102375,0.7021125,0.01490625,0.0031875,0.16058125,0.365575,0.62509375,0.8981875,0.2279,0.440475,0.00573125,0.90059375,0.00053125,0.0157875,0.10494375,0.00595625,0.4047875,0.72796875,0.81704375,0.0052,0.00235,0.1314,0.0181625,0.00315,0.72898125,0.004425,0.1179,0.3551625,0.9264625,0.59729375,0.2195875,0.49511875,0.7996875,0.91538125
"79",0.904722616999698,0.0733486107574761,0.742115763060449,3.34126868616349,0.0476297536741725,"Hao",-18.2471,219.1262,1,1,0,1,1,0,0,0,0,0,0,0,0,0,0,0,0,0,0,0,0,0,0,0,0,0,0,0,0,0,0,0,0,0,0,0,1
"80",1.55084099303624,0.107457008945682,0.817567983616812,3.35106691400459,0.0458591994242976,"Haraiki",-17.4651,216.5511,1,1,0,0,1,0,0,0,0,0,0,0,0,0,0,0,0,0,0,0,0,0,0,0,0,0,0,0,0,0,0,0,0,0,0,0,0
"81",1.7268238988678,0.108863199659729,0.806064033598843,3.41321384683269,0.152451448993005,"Helen",2.8932,131.7843,0,1,0,0,1,1,0,0,0,0,0,0,1,1,0,0,0,0,0,0,0,0,0,0,0,0,0,0,0,0,0,1,0,0,0,1,1
"82",0.977788209313287,0.0795007569994389,0.75621100374028,3.32441600596647,0.0606790323813112,"Hereheretui",-19.8698,215.041,1,1,0,0,1,0,0,0,0,0,0,0,0,0,0,0,0,0,0,0,0,0,0,0,0,0,0,0,0,0,0,0,0,0,0,0,0
"83",1.34367217015559,0.095232382953357,0.797774476936009,3.34855620009234,0.048325462262431,"Hikueru",-17.5884,217.3842,0.9281625,0.82371875,0.00109375,0.140775,0.925275,0.3479,0.16105625,0.0019625,0.001425,0.00135,0.0015625,0.00130625,0.06053125,0.0847375,0.00174375,0.14416875,0.44913125,0.0087875,0.00854375,0.00636875,0.00745625,0.00724375,0.0323,0.0086625,0.0242875,0.00721875,0.02334375,0.02024375,0.0264,0.04305625,0.0114125,0.2893125,0.41905,0.305275,0.00221875,0.3854625,0.7039375
"84",1.72060331840843,0.117332125281564,0.830895739103669,3.35854512012323,0.0427798838400083,"Hiti",-16.7277,215.9045,0.91308125,0.7969,0.00074375,0.12416875,0.91425625,0.3077125,0.13108125,0.00129375,0.0010125,0.001025,0.00149375,0.00101875,0.07151875,0.1115375,0.00155,0.14246875,0.29734375,0.00386875,0.00383125,0.0041375,0.00745,0.0030125,0.0168375,0.0051375,0.0104125,0.00309375,0.02495625,0.01000625,0.01013125,0.018025,0.010825,0.37570625,0.3393625,0.20591875,0.00164375,0.32433125,0.6208625
"85",1.05212210340773,0.084909178475995,0.794479575686264,3.31641025842379,0.0615790987886242,"Huon",-18.1031,162.8905,1,0,0,0,0,1,0,1,1,0,0,0,1,1,0,0,1,0,0,0,0,0,0,0,0,0,0,0,1,0,0,0,0,1,0,1,0
"86",1.66050493893558,0.108873798947985,0.801097154561633,3.41211597907108,0.089435951550998,"Huvadhu",0.4824,73.275,0.20023125,0.0659,0.186575,0.11806875,0.79369375,0.01201875,0.01488125,0.14279375,0.1868625,0.62214375,0.77873125,0.517925,0.71251875,0.0879125,0.49961875,0.00061875,0.002675,0.02491875,0.00185,0.17574375,0.4764625,0.4388375,0.01145625,0.004675,0.226425,0.01316875,0.0061625,0.2178875,0.0121625,0.1147,0.22335,0.87210625,0.6574625,0.043425,0.40081875,0.8767,0.97111875
"87",1.19763355767162,0.0812623809823324,0.772876990705128,3.4085622273987,0.0828823728030162,"Ifalik",7.2508,144.4462,0.7541625,0.79494375,0.8276125,0.00870625,0.07205625,0.01006875,0.00091875,0.00099375,0.0218625,0.0097125,0.4252,0.01238125,0.00311875,0.00225625,0.0096,0.0018125,0.02761875,0.00501875,0.0748,0.1855125,0.31061875,0.21121875,0.0032375,0.0623375,0.00881875,0.00128125,0.08935625,0.3829,0.000725,0.0008375,0.0014125,0.00330625,0.005325,0.014275,0.00531875,0.03114375,0.002825
"88",1.59141154815804,0.103885859411971,0.848360677493122,3.39990429060773,0.12481918384428,"Ihavandhippolu",7.0279,72.9124,0.01700625,0.0053,0.022825,0.00314375,0.5891375,0.0257375,0.00285625,0.234425,0.59743125,0.59045,0.928075,0.17683125,0.32721875,0.0021375,0.96181875,0.0004875,0.06751875,0.344425,0.03331875,0.61465,0.83451875,0.92483125,0.00565,0.005175,0.12146875,0.04585625,0.003775,0.9272125,0.00616875,0.177875,0.47114375,0.94881875,0.5759125,0.525025,0.57426875,0.7772875,0.86195625
"89",2.09205527331719,0.14077153247256,0.812203409800599,3.40416227687768,0.076783490299144,"Jaluit",6.1610085,169.4736579,1,1,0,0,1,1,0,0,0,0,0,0,1,1,0,1,0,0,0,0,0,0,0,0,0,0,0,0,1,0,0,1,1,0,0,1,1
"90",1.40868288767387,0.0924719977393058,0.788289980678301,3.38198659094708,0.083679136041276,"Jemo",10.07936,169.5249,1,1,0,0,1,1,0,0,0,0,0,0,0,0,0,1,0,0,0,0,0,0,0,0,0,0,0,0,0,0,0,0,1,0,0,1,1
"91",0.622751365715981,0.0627268858938805,0.67896972336612,3.32191281243467,0.0614436569095185,"Johnston",16.728912,190.4661635,1,1,0,0,1,1,1,0,0,0,0,0,0,0,0,1,1,0,0,0,0,0,0,0,0,0,0,1,1,1,0,0,1,1,0,1,1
"92",1.64036038535236,0.107673501415176,0.876644732806247,3.39954630383408,0.106244689046398,"Kademat",11.2206,72.7685,1,0,0,0,0,1,0,0,0,0,0,0,0,1,1,0,0,0,0,0,0,0,0,0,0,0,0,0,0,0,0,0,0,0,0,0,0
"93",1.68942428766735,0.110962538083422,0.876327367769128,3.4000059767312,0.120429185927769,"Kalpeni",10.1026,73.6394,0.01681875,0.00478125,0.022075,0.002525,0.56414375,0.03704375,0.00288125,0.22908125,0.62025625,0.5524125,0.92128125,0.16605,0.31465625,0.00190625,0.9603875,0.00058125,0.1059375,0.3822125,0.0414,0.61586875,0.83420625,0.9107125,0.0035,0.0043875,0.0725875,0.04089375,0.00420625,0.93508125,0.006475,0.15433125,0.48040625,0.96018125,0.58763125,0.6059875,0.60919375,0.81165625,0.85611875
"94",1.97087526800964,0.124725252383089,0.812968627815153,3.42379582678019,0.0488123322465579,"Kapingamarangi",1.0673232,154.7624414,1,1,0,0,1,0,0,0,0,0,0,0,1,0,0,0,0,0,0,0,0,0,0,0,0,0,0,0,0,0,0,0,1,0,0,1,1
"95",1.70119326119571,0.115754726118579,0.825707756921949,3.36083595846336,0.0415972709277075,"Katiu",-16.4236,215.6399,0.93276875,0.8339125,0.00115,0.1665,0.92451875,0.28986875,0.1391875,0.00140625,0.00088125,0.00136875,0.00139375,0.001175,0.08444375,0.15139375,0.0012875,0.138375,0.2306375,0.00216875,0.00235,0.0027,0.0063875,0.001625,0.01524375,0.00474375,0.0102625,0.00205625,0.0227125,0.00576875,0.0095625,0.0135875,0.00883125,0.36616875,0.35476875,0.149475,0.0016,0.35311875,0.6702
"96",1.71129599898016,0.115057193267553,0.824645388214004,3.36554908698921,0.0449138644362355,"Kauehi",-15.8772,214.8438,1,1,0,0,1,1,0,0,0,0,0,0,0,0,0,0,0,0,0,0,0,0,0,0,0,0,0,0,0,0,0,0,0,0,0,1,1
"97",1.83410921680394,0.124099534926244,0.837749680273757,3.36717022908831,0.0450208619978344,"Kaukura",-15.7563,213.3013,1,1,0,0,1,0,0,0,0,0,0,0,0,0,0,0,0,0,0,0,0,0,0,0,0,0,0,0,0,0,0,1,0,0,0,1,1
"98",1.59542385791844,0.104876273001269,0.87114184522859,3.39973773471675,0.109905599330653,"Kavaratti",10.55905,72.6365688,0,0,0,0,0,1,0,0,0,0,0,0,0,0,0,0,0,0,0,0,0,0,0,0,0,0,0,0,0,0,0,0,0,0,0,0,0
"99",2.47325651713908,0.171292822121257,0.874466602237738,3.42225158018234,0.106361246476902,"Kilinailau",-4.76,155.3899,0,0,0,0,0,0,0,0,0,0,0,0,0,0,0,1,0,0,0,0,0,0,0,0,0,0,0,0,0,0,0,0,0,0,0,0,0
"100",1.69001283799624,0.110975344356276,0.882335473268729,3.39950885679683,0.108976922066796,"Kiltan",11.4803,73.0017,0.01540625,0.00419375,0.0197,0.0024125,0.54923125,0.03675625,0.00381875,0.2657625,0.6724125,0.55900625,0.9423875,0.1802875,0.3172875,0.0024,0.96226875,0.0005625,0.13125,0.4211,0.0488625,0.64755625,0.88998125,0.92183125,0.0041125,0.0052625,0.0805375,0.0448625,0.00535625,0.94843125,0.00756875,0.18885,0.56036875,0.96873125,0.5843375,0.64645625,0.60183125,0.78753125,0.84419375
"101",2.42968771246833,0.180141126393508,0.904793174633347,3.35141680893565,0.0583786036131251,"Kiritimati",1.872,202.6157915,1,1,0,1,1,1,1,0,0,0,0,0,0,1,0,1,1,0,0,0,1,0,0,0,0,0,1,0,1,1,1,1,1,1,0,1,1
"102",1.77996576453179,0.11359289486872,0.825982486519665,3.4063119602205,0.0976451924983464,"Kolhumadulu",2.3764,73.1045,0.03240625,0.0105375,0.03861875,0.01008125,0.68159375,0.01615625,0.00423125,0.1778,0.41426875,0.63175,0.91749375,0.24400625,0.44304375,0.00710625,0.90660625,0.00054375,0.02053125,0.12646875,0.00730625,0.44075,0.78295,0.85014375,0.00544375,0.002975,0.1374375,0.02109375,0.0040625,0.77335,0.005425,0.146575,0.40185625,0.9382,0.59293125,0.26665,0.49075625,0.799,0.910575
"103",1.1644367696337,0.0797801691939419,0.772615974520829,3.41064002094886,0.0786332698863856,"Kuop",7.0496,151.928,0.71890625,0.79819375,0.8301625,0.00735625,0.078375,0.00181875,0.00024375,7e-04,0.0093125,0.01,0.28614375,0.0104375,0.00375,0.00188125,0.00751875,0.00178125,0.00251875,0.000575,0.012725,0.07744375,0.119675,0.063175,0.0055,0.05448125,0.0186625,0.000175,0.04265625,0.13318125,8.75e-05,8.75e-05,0.00046875,0.00146875,0.0027125,0.002075,0.00215,0.01230625,0.00155
"104",0.578404502526064,0.0672312349260147,0.722171582952803,3.20048373815483,0.0770722174290516,"Kure",28.4192965,181.6700905,1,1,0,0,1,1,1,0,0,0,0,0,0,0,0,0,1,1,1,1,0,1,0,0,0,1,0,1,1,1,0,0,1,1,0,1,1
"105",2.61352768135561,0.190497459326126,0.912819634923865,3.40279061734777,0.0717185306209115,"Kuria",0.232269,173.413016,1,1,0,0,1,1,0,0,0,0,0,0,1,1,0,0,0,0,0,0,0,0,0,0,0,0,0,0,0,0,0,0,1,0,0,0,0
"106",1.45968121634967,0.0949105127972476,0.794104191811529,3.38968978688937,0.0742608665970168,"Kwajalein",9.3825055,167.0714106,1,1,0,0,1,1,1,0,0,0,0,0,1,1,0,0,0,0,0,0,0,0,0,0,0,0,0,0,0,0,0,0,1,0,0,1,1
"107",1.3242940044023,0.0877361405352248,0.77221633078192,3.39468769052641,0.0661517035679022,"Lae",8.9367249,166.2321317,1,1,0,0,1,0,0,0,0,0,0,0,0,1,0,0,0,0,0,0,0,0,0,0,0,0,0,0,0,0,0,0,0,0,0,0,0
"108",1.17437929708512,0.0803235585229506,0.772402412825209,3.40918527436192,0.0790985868768329,"Lamotrek",7.4921,146.3187,0.72086875,0.78145625,0.820975,0.0100375,0.0681375,0.005425,0.00075625,0.00095,0.01835625,0.01061875,0.4397,0.01103125,0.0030875,0.0018375,0.0101375,0.001375,0.01455625,0.0040625,0.069625,0.19715625,0.36405,0.268425,0.0051875,0.07161875,0.01443125,0.00154375,0.09108125,0.397375,0.0007625,0.000925,0.0015625,0.00243125,0.00398125,0.0101,0.00291875,0.01849375,0.00200625
"109",2.30504878066028,0.157173508463582,0.827709836579167,3.4217430069886,0.0631725309679513,"Laualau",-1.126591,144.493387,0.79805625,0.04775,0.65758125,0.00274375,0.390575,0.1417,0.10714375,0.1467875,0.0164875,0.21346875,0.001775,0.23265625,0.01175625,0.0048625,0.003325,0.35755625,0.15803125,0.0003125,7.5e-05,0.300575,0.00058125,1e-04,0.0002625,0.0001875,0.01440625,0.00024375,0.0017,0.24290625,0.07243125,0.0027875,4.375e-05,0.016525,0.00016875,0.01433125,0.035375,0.180525,0.0027
"110",0.6693047349537,0.070093273388676,0.739539936645345,3.24882620768681,0.0770295198121824,"Laysan",25.767765,188.2672,1,1,0,0,1,1,1,0,0,0,0,0,0,0,0,0,1,1,1,0,0,1,0,0,0,1,0,1,1,1,0,0,1,1,0,1,1
"111",1.49900092040953,0.0960857199950623,0.775563299901054,3.39548409891867,0.0757457319138737,"Lib",8.3132,167.3805,0.76348125,0.8137875,0.85374375,0.01765625,0.09520625,0.00788125,0.00156875,0.00119375,0.01704375,0.011025,0.55224375,0.01133125,0.00305,0.00245,0.0081875,0.00158125,0.0290625,0.00564375,0.0861875,0.22624375,0.67951875,0.3722,0.0029125,0.06141875,0.0069375,0.0020625,0.17169375,0.48550625,0.00175,0.0021875,0.0040625,0.0041,0.00589375,0.01338125,0.00395625,0.020225,0.002475
"112",1.54611203395951,0.0996789513999835,0.806703689270302,3.38419275691425,0.0827416082893243,"Likiep",9.9230228,169.0972652,1,0,0,0,1,0,0,0,0,0,0,0,0,0,0,0,0,0,0,0,0,0,0,0,0,0,0,0,0,0,0,0,1,0,0,1,1
"113",2.38171232875873,0.165377566015534,0.835940477513314,3.42110823222275,0.0683579061437089,"Liot",-1.4103,144.5115,0.781,0.04336875,0.63371875,0.0024625,0.3735875,0.15546875,0.1071375,0.1353125,0.0170375,0.20831875,0.00195,0.21406875,0.011475,0.004725,0.00449375,0.35544375,0.15849375,0.00030625,1.25e-05,0.30751875,0.0006375,8.125e-05,0.00024375,9.375e-05,0.01118125,0.00025,0.00188125,0.2567125,0.07179375,0.00263125,6.25e-05,0.01818125,0.00026875,0.01558125,0.0378375,0.1872,0.00228125
"114",1.7911629893476,0.118991781594029,0.850316548620911,3.36819766629806,0.0843751590208294,"Long_Reef",-11.1741,151.5782,0.76180625,0.0322125,0.54979375,0.00231875,0.273825,0.2753375,0.2341875,0.237175,0.05405625,0.22583125,0.00303125,0.30966875,0.009225,0.00571875,0.00538125,0.23298125,0.4013375,0.00243125,0.00038125,0.6087875,0.00090625,0.00098125,0.000875,0.00038125,0.04789375,0.00148125,0.00179375,0.6154375,0.2895,0.0172,6.25e-05,0.01825,3e-04,0.06893125,0.0342125,0.23416875,0.00281875
"115",1.17232709708132,0.0800716451768214,0.769729888652772,3.41122299260698,0.0709781242758044,"Losap",6.884,152.691,1,1,0,0,0,0,0,0,0,0,0,0,0,0,0,0,0,0,0,0,0,0,0,0,0,0,0,0,0,0,0,0,0,0,0,0,0
"116",1.29598690432866,0.085506715771921,0.764666353178154,3.41482477642903,0.071619775621749,"Lukunor",5.5552778,153.7425,1,1,0,0,1,0,0,0,0,0,0,0,1,1,0,1,0,0,0,0,0,0,0,0,0,0,0,0,0,0,0,0,1,0,0,0,1
"117",1.73871958929078,0.112036514987605,0.846543008339754,3.40028981455484,0.0965900410993595,"Maalhosmadulu",5.5827,72.9493,0.0317625,0.0102875,0.0395,0.01243125,0.669775,0.01398125,0.00403125,0.17155625,0.38805625,0.63014375,0.91103125,0.25306875,0.4620625,0.0081625,0.8965375,0.00051875,0.014375,0.10775,0.0064375,0.415975,0.76226875,0.82890625,0.0063125,0.0030125,0.15563125,0.02089375,0.003725,0.7279625,0.00495,0.13804375,0.38458125,0.93441875,0.561575,0.22631875,0.4623875,0.77765,0.90313125
"118",2.85619986932268,0.227379692815208,0.956790176405422,3.40280068128629,0.0751746032634155,"Maiana",0.9321,173.0036,1,1,0,0,1,0,0,0,0,0,0,0,1,1,0,0,0,0,0,0,0,0,0,0,0,0,0,0,0,0,0,1,1,0,0,0,0
"119",2.09238912881365,0.13906780527759,0.820692859844742,3.39862621161481,0.0912361385709982,"Majuro",7.0909924,171.3816354,1,1,0,0,1,0,0,0,0,0,0,0,1,1,0,0,0,0,0,0,0,0,0,0,0,0,0,0,0,0,0,0,0,0,0,1,1
"120",1.65592448853495,0.112963408880722,0.828286205455576,3.35771757052817,0.0483774501622408,"Makemo",-16.618,216.311,0.97610625,0.933925,0.003325,0.5296125,0.9578625,0.28751875,0.27860625,0.00108125,0.00070625,0.00215,0.00175,0.00305,0.18251875,0.46711875,0.0005875,0.15655,0.1039875,0.0006625,0.0005875,0.001325,0.00603125,0.000575,0.00935,0.00338125,0.0086375,0.00081875,0.0240625,0.00145,0.01506875,0.01203125,0.00718125,0.3752125,0.475975,0.04930625,0.002525,0.5433625,0.853875
"121",1.64635634404188,0.106875591798464,0.845002822152854,3.4005853351301,0.0980139231540833,"Makunudhoo",6.3094,72.6161,0.0192875,0.00604375,0.02914375,0.00350625,0.6672,0.01966875,0.00260625,0.2686125,0.59665,0.6117375,0.9380625,0.17854375,0.31796875,0.00145625,0.9577625,0.000575,0.073475,0.31830625,0.02626875,0.611375,0.89139375,0.92483125,0.00568125,0.004975,0.1203375,0.03563125,0.00394375,0.93265,0.0058375,0.1785375,0.54246875,0.9512,0.628125,0.48059375,0.58819375,0.75325625,0.87565625
"122",2.29765096840991,0.166111911757949,0.891863554966405,3.37001220699586,0.0507690194065009,"Malden",-4.0221,205.075,1,1,0,1,1,1,1,0,0,0,0,0,0,0,0,0,1,0,0,0,0,0,0,0,0,0,0,0,0,0,0,1,1,1,0,1,1
"123",1.88503724419001,0.120281348555537,0.8517773026424,3.40153987432605,0.124834484845969,"Male",4.4214,73.5037,0.02369375,0.0161625,0.03489375,0.054825,0.27846875,0.0313875,0.0310875,0.1844,0.3579875,0.62791875,0.72941875,0.25751875,0.44393125,0.0739125,0.9198625,0.0005375,0.005625,0.3936375,0.15551875,0.58878125,0.563875,0.89691875,0.1399875,0.03193125,0.4291875,0.4515875,0.02969375,0.70703125,0.0570125,0.47689375,0.4089875,0.71720625,0.1989625,0.38715625,0.377675,0.65389375,0.657775
"124",1.67465045012952,0.108099137382417,0.795790119011445,3.38940226559837,0.0832178873753476,"Maloelap",8.737,171.0411,0.85315,0.90621875,0.9161,0.0683375,0.1633125,0.00605625,0.0034875,6e-04,0.0059875,0.01851875,0.50481875,0.01414375,0.00441875,0.00599375,0.00548125,0.00180625,0.0081,0.001675,0.0320875,0.13855,0.74466875,0.4330625,0.0019625,0.0314875,0.00435,0.0027125,0.184275,0.31131875,0.00306875,0.0035875,0.004025,0.00316875,0.00758125,0.0050375,0.0030375,0.02923125,0.00564375
"125",2.27530329240311,0.152584579491828,0.865739012569386,3.42439645001571,0.141744374654409,"Malum",-3.1461,154.4937,0.63200625,0.0263875,0.46025625,0.001475,0.24058125,0.25103125,0.14459375,0.1390875,0.0354125,0.2444,0.002575,0.1622875,0.00889375,0.0046375,0.020775,0.2759,0.1995125,0.002075,0.00040625,0.538725,0.00171875,0.0015875,0.0004375,0.00021875,0.01506875,0.00213125,0.00285625,0.5544125,0.151375,0.0106375,0.0003125,0.0211625,1e-04,0.05770625,0.04808125,0.2083125,0.0015375
"126",1.70579391722048,0.112481659798455,0.820932487360595,3.37451860019705,0.0487779061931261,"Manihi",-14.4038,214.0523,1,1,0,0,1,0,1,0,0,0,0,0,0,1,0,0,0,0,0,0,0,0,0,0,0,0,0,0,0,0,0,0,0,0,0,0,0
"127",1.21937174994136,0.0833259221472712,0.731366483401866,3.40479706438105,0.0479281187106628,"Manihiki",-10.4349377,199.0041759,1,1,0,0,1,0,0,0,0,0,0,0,1,0,0,1,1,0,0,0,0,0,0,0,0,0,0,0,0,0,0,0,0,0,0,1,1
"128",2.0563220786827,0.142177836059848,0.866630037901612,3.40173683161701,0.0495616686355357,"Manra",-4.4556,188.7556,1,1,0,0,1,1,1,0,0,0,0,0,0,0,0,0,1,0,0,0,0,0,0,0,0,0,0,0,0,0,0,1,0,1,0,0,1
"129",0.638038504193823,0.0641018290935294,0.720909168891221,3.32690407446757,0.062704832375129,"Manuae",-19.2697,201.0559,0.93223125,0.7840375,0.00104375,0.05079375,0.88286875,0.5369,0.084525,0.0027375,0.00515,0.00135625,0.0016125,0.002225,0.05086875,0.04905625,0.00181875,0.14680625,0.7692625,0.02341875,0.0241625,0.01144375,0.00155625,0.0073875,0.0734625,0.02200625,0.082575,0.00716875,0.01078125,0.0379375,0.03281875,0.02694375,0.00244375,0.20174375,0.47533125,0.53895,0.00426875,0.57156875,0.7551375
"130",0.889933683380441,0.0740168241940073,0.744629783929494,3.3308500865713,0.0495628770464231,"Manuhangi",-19.2011,218.7559,0,0,0,0,1,0,0,0,0,0,0,0,0,0,0,0,0,0,0,0,0,0,0,0,0,0,0,0,0,0,0,0,0,0,0,0,0
"131",2.69504297320402,0.211607335390852,0.933563248544722,3.40449782362316,0.0828101182803822,"Marakei",2.0014,173.2765,1,1,0,0,1,0,0,0,0,0,0,0,0,1,0,0,0,0,0,0,0,0,0,0,0,0,0,0,0,0,0,0,0,0,0,0,0
"132",0.652124435611862,0.0672453837407116,0.695943269473607,3.282874602041,0.083914698850694,"Maria",-21.810839,205.294691,1,1,0,0,1,0,0,0,0,0,0,0,0,0,0,0,1,0,0,0,0,0,0,0,0,0,0,0,0,0,0,0,1,1,0,1,1
"133",0.515471372446004,0.0607245779982881,0.686235877816128,3.2862909180775,0.0642551421227091,"Maria_Est",-22.016,223.8108,1,1,0,1,1,0,0,0,0,0,0,0,0,0,0,0,1,0,0,0,0,0,1,0,1,0,0,0,0,0,0,1,1,1,0,0,1
"134",1.22782286286168,0.0894678178412515,0.788292038706327,3.34410899020837,0.0477590974024493,"Marokau",-18.0605,217.7342,0.947175,0.86539375,0.00129375,0.22625625,0.9383875,0.29945625,0.1914,0.0022875,0.00124375,0.0017625,0.0017,0.00180625,0.07554375,0.12781875,0.00114375,0.13633125,0.3402125,0.00564375,0.00530625,0.0049125,0.00665,0.0057875,0.03853125,0.00859375,0.03325625,0.005575,0.0228375,0.01335,0.02905,0.04225,0.00896875,0.25998125,0.4437875,0.2142625,0.00190625,0.39830625,0.7626
"135",1.53396818290108,0.106085458784586,0.817299765285649,3.35292254699332,0.0475716210707319,"Marutea_Nord",-17.0245,216.8452,0.9326,0.83613125,0.00096875,0.1640375,0.92260625,0.31564375,0.154075,0.00155625,0.00106875,0.001375,0.00141875,0.00120625,0.07639375,0.1313,0.00150625,0.133725,0.28149375,0.00375625,0.00349375,0.00395,0.00589375,0.00381875,0.02035,0.005475,0.01533125,0.00358125,0.0219,0.00948125,0.01608125,0.0225875,0.008375,0.3201875,0.375,0.2013625,0.00163125,0.37925625,0.69284375
"136",0.488005519170812,0.0590022867969362,0.676567941343251,3.29358039596601,0.0588916910326193,"Marutea_Sud",-21.5207,224.4434,1,1,0,0,1,1,0,0,0,0,0,0,0,0,0,0,0,0,0,0,0,0,0,0,0,0,0,0,0,0,0,0,0,0,0,0,1
"137",1.74697495942741,0.117181497048047,0.816426449232461,3.37640964313679,0.0415248536670306,"Mataiva",-14.8831,211.3262,1,1,0,0,1,0,0,0,0,0,0,0,0,1,0,0,1,0,0,0,0,0,0,0,0,0,0,0,0,0,0,1,1,0,0,1,1
"138",0.513994228907047,0.0599764421832091,0.684276240212761,3.2984765753463,0.0602048212543572,"Matureivavao",-21.4721,223.6065,1,1,0,0,1,0,0,0,0,0,0,0,0,0,0,0,1,0,0,0,0,0,0,1,1,0,0,0,0,0,0,0,1,1,0,0,1
"139",0.904145108293048,0.0723473485691565,0.74888456298176,3.36541270109641,0.0530566076512275,"Maupihaa",-16.8098,206.0445,1,1,0,0,1,1,0,0,0,0,0,0,0,1,0,0,1,0,0,0,0,0,0,0,0,0,0,0,0,0,0,1,1,1,0,1,1
"140",2.08972230490533,0.144212047730197,0.866137002002808,3.40247206205443,0.0505365816514388,"McKean",-3.5954,185.8771,1,1,0,0,1,1,1,0,0,0,0,0,0,0,0,0,1,0,0,0,1,0,0,0,0,0,0,0,1,0,1,1,1,1,0,1,1
"141",1.86060256519615,0.118502840116099,0.83838514451736,3.40456731930664,0.124761426091197,"Meemu",2.9917,73.5007,0.019425,0.0067125,0.02558125,0.00498125,0.60878125,0.0228625,0.0032,0.18779375,0.493525,0.59651875,0.91219375,0.17708125,0.36720625,0.00354375,0.95245625,0.0005875,0.036325,0.23693125,0.01849375,0.53696875,0.81035,0.89400625,0.0043875,0.00310625,0.097525,0.036625,0.00428125,0.8764125,0.0053625,0.15274375,0.45616875,0.94761875,0.55528125,0.41710625,0.54086875,0.7839125,0.8707375
"142",0.567002286688179,0.0662767354907276,0.721861061531304,3.20591934688995,0.0783687527627147,"Midway",28.2417536,182.6245692,1,1,0,0,1,1,1,0,0,0,0,0,0,0,0,1,1,1,1,1,0,1,0,0,0,1,0,1,1,1,0,0,1,1,0,1,1
"143",1.71607433796503,0.111074473339395,0.847094878804944,3.39934898015029,0.111556089678323,"Miladhunmadulu",5.9665,73.2404,0.0395625,0.01258125,0.0374875,0.02238125,0.5557,0.02828125,0.01325,0.16470625,0.41659375,0.620175,0.89481875,0.324025,0.51823125,0.0281875,0.85844375,0.00036875,0.01723125,0.1597625,0.0135625,0.4415625,0.71074375,0.83599375,0.009225,0.00388125,0.18033125,0.05098125,0.006575,0.69733125,0.01538125,0.2266875,0.38956875,0.93380625,0.50518125,0.3138875,0.447175,0.8314125,0.902625
"144",2.08503103138712,0.140617919465596,0.815254639985967,3.40196338462782,0.0901791952228719,"Mili",6.131,171.9422,1,1,0,0,1,0,0,0,0,0,0,0,0,1,0,0,0,0,0,0,0,0,0,0,0,0,0,0,0,0,0,1,1,0,0,1,1
"145",1.56269436782044,0.102699738031241,0.857846698874392,3.39971588150499,0.150179656218261,"Minicoy",8.2958,73.0451,0.01055625,0.0037875,0.0150375,0.00193125,0.450875,0.03455625,0.00325625,0.25515625,0.64308125,0.582725,0.9056,0.1531625,0.274625,0.0019375,0.97885625,0.000425,0.08534375,0.5492125,0.1137625,0.71821875,0.80795,0.9562625,0.012125,0.0094,0.16695625,0.15344375,0.00515,0.9590625,0.01011875,0.28095,0.50453125,0.9365,0.473075,0.6818,0.56771875,0.74928125,0.78454375
"146",1.23902784439516,0.0834555019343268,0.745058842308473,3.4088943518583,0.0736059440312594,"Mokil",6.6816046,159.756297,1,1,0,0,1,0,0,0,0,0,0,0,0,0,0,0,0,0,0,0,0,0,0,0,0,0,0,0,0,0,0,0,0,0,0,0,0
"147",0.49571376004506,0.0608400157592278,0.678938534243416,3.26914412093313,0.0702008421479495,"Morane",-23.1569,222.866722,1,1,0,0,1,0,0,0,0,0,0,0,0,0,0,0,1,0,0,0,0,0,1,0,1,0,0,0,0,0,0,0,1,1,0,0,1
"148",0.552890321807644,0.0621567645684302,0.693104020558908,3.29148909352851,0.0666427847978256,"Moruroa",-21.8347,221.1158,1,1,0,0,1,0,0,0,0,0,0,0,0,1,0,0,1,0,0,0,0,0,0,0,1,0,0,0,0,1,0,0,1,0,0,1,1
"149",0.927214650583366,0.0722353307794528,0.737361113158929,3.37476786725849,0.048942219563915,"Motu_One",-15.8143,205.4776,1,0,0,0,1,0,0,0,0,0,0,0,0,0,0,0,0,0,0,0,0,0,0,0,0,0,0,0,0,0,0,0,1,0,0,1,1
"150",1.70583673904865,0.117133057150045,0.82845748158549,3.35441905342328,0.040067568629055,"Motutunga",-17.1036,215.6314,0.91648125,0.7992625,0.0009125,0.12548125,0.91205,0.31778125,0.135075,0.00153125,0.001075,0.0013375,0.0014,0.00103125,0.07450625,0.11936875,0.0018125,0.13958125,0.31554375,0.00340625,0.003925,0.0038375,0.0077875,0.00289375,0.0168,0.00525,0.0107125,0.00243125,0.02481875,0.00928125,0.010225,0.0164375,0.00978125,0.38589375,0.34375,0.21018125,0.0016875,0.33344375,0.62776875
"151",1.12231168562213,0.0790867335136712,0.783020297604775,3.40458651300793,0.0640455794117548,"Murilo",8.679,152.2321,0.73174375,0.75350625,0.7727125,0.0138875,0.05546875,0.0063,0.0010625,0.00146875,0.02633125,0.01101875,0.53320625,0.0226625,0.00553125,0.0052125,0.00628125,0.0012375,0.01758125,0.0026375,0.04043125,0.14929375,0.3619125,0.11841875,0.005625,0.0805125,0.0183875,0.0005375,0.1084875,0.2724375,0.00038125,0.000625,0.00140625,0.005225,0.00364375,0.00873125,0.0031,0.01679375,0.00185
"152",1.26657738174408,0.0839402444880747,0.76464047294141,3.4144741783102,0.0692650609400796,"Namoluk",5.9322222,153.1344444,1,1,0,0,1,0,0,0,0,0,0,0,1,1,0,1,0,0,0,0,0,0,0,0,0,0,0,0,0,0,0,0,1,0,0,1,0
"153",1.17213414013649,0.0815217829936414,0.794718451473139,3.40443094921797,0.0657583538955105,"Namonuito",8.9893699,150.1225296,0.77590625,0.78714375,0.7592875,0.02588125,0.05135,0.0138,0.0026875,0.00120625,0.0291375,0.012475,0.56740625,0.03534375,0.00731875,0.01284375,0.0064,0.00105625,0.02230625,0.00284375,0.0432375,0.15116875,0.36234375,0.134425,0.0043,0.0653375,0.01370625,0.0008625,0.12300625,0.25693125,0.00104375,0.00099375,0.00135,0.00740625,0.0043625,0.0122625,0.00465625,0.0327625,0.00305625
"154",1.86011546155878,0.122817406622823,0.791173868799954,3.40686379490527,0.0794081424705441,"Namorik",5.6137,168.1155,0.7806625,0.8486125,0.87838125,0.0152625,0.11769375,0.00451875,0.00073125,0.0004625,0.00558125,0.01038125,0.3637375,0.0072125,0.003575,0.00235,0.0066625,0.00210625,0.007125,0.00094375,0.01978125,0.09098125,0.4781375,0.1484,0.0011875,0.02441875,0.00229375,0.00045,0.112175,0.2281625,0.00045625,0.00039375,0.00206875,0.0031,0.00503125,0.00415625,0.00265,0.0211,0.00270625
"155",1.65544938358024,0.104852521782987,0.780249414859306,3.39698905097273,0.0749176081462606,"Namu",7.9867,168.1679,1,1,0,0,1,0,0,0,0,0,0,0,1,0,0,0,0,0,0,0,0,0,0,0,0,0,0,0,0,0,0,0,1,0,0,0,1
"156",1.797949047426,0.120400289315805,0.829549132823847,3.42276221757639,0.0541074022862007,"Nanumanga",-6.2885,176.3202,0.923575,0.8312,0.00103125,0.07205,0.92421875,0.480875,0.06681875,0.000525,0.0005125,0.00098125,6e-04,0.00060625,0.07459375,0.0867125,0.00204375,0.24598125,0.26095,0.0018875,0.00168125,0.00170625,0.0031625,0.00086875,0.00266875,0.0017625,0.00104375,0.001075,0.018125,0.0043375,0.0049125,0.004025,0.0057125,0.41951875,0.3814,0.1718125,0.0034375,0.5643625,0.67791875
"157",1.87591320041422,0.125969104898389,0.847572601863665,3.42263262559681,0.0519677818300733,"Nanumea",-5.6612,176.1035,0.92255625,0.83043125,0.00094375,0.08701875,0.92608125,0.52156875,0.0930125,0.00071875,0.00055625,0.00115,0.00068125,0.00065625,0.07340625,0.0958375,0.0022,0.24049375,0.2967125,0.00235625,0.002125,0.00238125,0.005525,0.00151875,0.00255625,0.00178125,0.0010375,0.001425,0.0245625,0.00615,0.0074375,0.0069625,0.0102125,0.46206875,0.38964375,0.20646875,0.00340625,0.5727125,0.680825
"158",1.05026997554284,0.0782951118005268,0.739834153173783,3.36664608644699,0.0475301548807253,"Napuka",-14.1726,218.769,1,0,0,0,1,0,0,0,0,0,0,0,0,0,0,0,0,0,0,0,0,0,0,0,0,0,0,0,0,0,0,0,0,0,0,0,0
"159",1.05108634904071,0.0815841115390847,0.768362663242175,3.33513264707048,0.048237571491263,"Nengonengo",-18.7518,218.1928,1,1,0,0,1,0,0,0,0,0,0,0,0,0,0,0,0,0,0,0,0,0,1,0,0,0,0,0,0,0,0,1,0,1,0,0,1
"160",1.27518103944413,0.0863156622881338,0.803772865320532,3.40543494123611,0.106427900463901,"Ngcheangel",8.08693,134.71959,1,0,0,0,1,1,0,0,0,0,0,0,0,1,0,0,0,0,0,0,0,0,0,0,0,0,0,0,0,0,0,0,0,0,0,0,0
"161",1.25184334700171,0.0848180234632767,0.797128620332838,3.40615987556169,0.109372327365773,"Ngulu",8.4507,137.4544,0.71415625,0.69688125,0.69211875,0.0092375,0.03625,0.0383875,0.0017,0.00120625,0.051125,0.01074375,0.48880625,0.02868125,0.00609375,0.00686875,0.0173,0.0019,0.085625,0.01091875,0.10264375,0.197975,0.25288125,0.1275375,0.00309375,0.0707125,0.008425,0.00148125,0.117375,0.35496875,0.00108125,0.00064375,0.001375,0.010625,0.00524375,0.03894375,0.014775,0.05960625,0.00259375
"162",1.78076854936449,0.120979819538555,0.832519190980138,3.36547767079114,0.0447064259791194,"Niau",-16.1530174,213.6442719,1,1,0,0,1,0,0,0,0,0,0,0,0,0,0,0,0,0,0,0,0,0,0,0,0,0,0,0,0,0,0,0,0,0,0,0,0
"163",1.48267827069331,0.101936442786657,0.810286763480615,3.35638733806692,0.0537222107209665,"Nihiru",-16.6922,217.1653,0.94069375,0.8502375,0.00125,0.1685,0.93559375,0.3489125,0.16074375,0.0014625,0.00113125,0.00125,0.0012375,0.00120625,0.072475,0.121275,0.00134375,0.15014375,0.3419125,0.0039625,0.004125,0.00355625,0.00626875,0.0037375,0.0174,0.00535625,0.01259375,0.003275,0.0226125,0.0098,0.01835625,0.0248625,0.00916875,0.32348125,0.41890625,0.21425625,0.00185625,0.423525,0.72663125
"164",1.99748389062261,0.136983873869202,0.85920920802056,3.40864234643694,0.0518708341512466,"Nikumaroro",-4.6764,185.4815,1,1,0,0,1,1,0,0,0,0,0,0,0,0,0,1,1,0,0,0,0,0,0,0,0,0,0,0,0,0,0,1,1,1,0,0,1
"165",2.20859472897718,0.150174771014346,0.869659936476916,3.4047791151242,0.0641360834442698,"Nikunau",-1.3475,176.4512,0.79491875,0.87090625,0.89091875,0.138375,0.2329875,0.01563125,0.02629375,0.0026,0.01559375,0.0440375,0.72215625,0.014975,0.0028875,0.0046875,0.03685625,0.0023875,0.052575,0.01484375,0.21435,0.396825,0.995325,0.87279375,0.00088125,0.0425875,0.00091875,0.0383125,0.69028125,0.73368125,0.02700625,0.06165625,0.1271125,0.01320625,0.012225,0.0265625,0.0099375,0.0239625,0.0048375
"166",2.37419924351731,0.164353932668486,0.834147347971258,3.42084438636426,0.0681747957816908,"Ninigo",-1.3121,144.2766,1,1,0,0,1,0,0,0,0,0,0,0,1,1,0,0,0,0,0,0,0,0,0,0,0,0,0,0,0,0,0,0,0,0,0,1,0
"167",1.79173964959846,0.120315315592797,0.831217365166234,3.42241922389374,0.0579596491181097,"Niutao",-6.1087,177.3418,1,1,0,0,1,0,0,0,0,0,0,0,0,0,0,1,0,0,0,0,0,0,0,0,0,0,0,0,0,0,0,0,0,0,0,0,0
"168",1.12661091545328,0.0792859105079583,0.784007948067857,3.40480303323035,0.0665948199048234,"Nomwin",8.541064,151.773701,0.73270625,0.776675,0.8032375,0.01276875,0.06480625,0.00395625,0.0007625,0.0011625,0.0177625,0.00984375,0.47218125,0.0172,0.00449375,0.00375625,0.0057875,0.00128125,0.0092375,0.00165,0.02778125,0.12670625,0.3244125,0.11575625,0.00519375,0.0695375,0.01740625,5e-04,0.0873,0.239025,0.0003375,0.00045625,0.00103125,0.00349375,0.003475,0.00514375,0.0025,0.01478125,0.00180625
"169",2.40862196964445,0.166061980990553,0.888443621962057,3.40385647217133,0.0807909347168759,"Nonouti",-0.6534,174.3477,1,1,0,0,1,1,1,0,0,0,0,0,1,1,0,0,0,0,0,0,0,0,0,0,0,0,0,0,0,0,0,1,0,0,0,1,0
"170",2.27768725232906,0.152734184233915,0.865241229027279,3.42420971852449,0.13991472089733,"Nuguria",-3.3195,154.6854,1,1,0,0,1,0,0,0,0,0,0,0,1,1,0,1,0,0,0,0,0,0,0,0,0,0,0,0,0,0,0,1,1,0,0,1,1
"171",1.66635714791144,0.11134004273907,0.801140319678631,3.42242512391207,0.0598504526218395,"Nui",-7.2258,177.1546,0.9235125,0.8315125,0.0010625,0.06429375,0.916875,0.3132875,0.03656875,0.0005625,0.00038125,0.00085,0.0004125,0.0006625,0.0851,0.0955,0.0014875,0.22008125,0.1200625,0.0008125,8e-04,0.00109375,0.0011125,0.00040625,0.00408125,0.00175,0.00216875,0.00036875,0.0108125,0.00188125,0.00185625,0.0017375,0.002425,0.32504375,0.3087375,0.08765625,0.0021625,0.46520625,0.63371875
"172",1.50355891677447,0.0981253607597172,0.7823177277597,3.40629319328432,0.071408873623735,"Nukapu",-10.0906,166.0389,1,1,0,0,1,0,0,0,0,0,0,0,0,0,0,1,0,0,0,0,0,0,0,0,0,0,0,0,0,0,0,1,1,0,0,0,0
"173",1.61206034747884,0.10666632069729,0.783526135537073,3.42143801275111,0.058512719606601,"Nukufetau",-7.9942,178.3778,0.9196375,0.825125,0.00105625,0.06849375,0.9072625,0.30725,0.0405,0.00050625,0.0004375,0.0009625,5e-04,0.0006375,0.08105,0.09553125,0.00153125,0.18669375,0.12293125,0.001225,0.00120625,0.0015,0.00105,0.00073125,0.00670625,0.002075,0.0037625,0.00058125,0.0101125,0.00254375,0.00268125,0.002825,0.0017125,0.2852375,0.2952875,0.10439375,0.00195625,0.453275,0.63495625
"174",1.34933377734404,0.090563252539178,0.739775268463879,3.41706309380473,0.05228803691321,"Nukulaelae",-9.3872,179.8424,1,1,0,0,1,0,0,0,0,0,0,0,0,0,0,1,0,0,0,0,0,0,0,0,0,0,0,0,0,0,0,0,0,1,0,0,0
"175",2.34278691790438,0.162759897245218,0.873752088124044,3.42462786504342,0.079015040831642,"Nukumanu",-4.5429,159.3974,1,1,0,0,1,0,0,0,0,0,0,0,1,1,0,1,0,0,0,0,0,0,0,0,0,0,0,0,0,0,0,1,1,0,0,1,1
"176",1.35158544937502,0.0921232722905033,0.743238091347437,3.41511267892946,0.0484966113106468,"Nukunonu",-9.19467,188.1450248,1,1,0,0,1,1,0,0,0,0,0,0,1,0,0,1,1,0,0,0,0,0,0,0,0,0,0,0,0,0,0,1,0,0,0,1,1
"177",1.55547394311145,0.0999416697281191,0.770277420707255,3.4190984568446,0.0839011788526307,"Nukuoro",3.8478,154.9414,1,1,0,0,0,0,0,0,0,0,0,0,1,1,0,1,0,0,0,0,0,0,0,0,0,0,0,0,0,0,0,0,0,0,0,0,1
"178",0.771276762977188,0.0702841184699558,0.722196832680975,3.31184933569323,0.0641694023271398,"Nukutepipi",-20.7045,216.948,1,1,0,0,1,0,0,0,0,0,0,0,0,0,0,0,1,0,0,0,0,0,0,0,0,0,0,0,0,0,0,0,1,0,0,0,1
"179",1.50355891677447,0.0981253607597172,0.7823177277597,3.40629319328432,0.071408873623735,"Numa_Miombilou",-10.228,166.2353,1,1,0,0,1,0,0,0,0,0,0,0,0,0,0,0,0,0,0,0,0,0,0,0,0,0,0,0,0,0,0,0,0,0,0,0,0
"180",1.54228951246487,0.10035567725188,0.786027838599526,3.40612738600016,0.0748032236247657,"Nupani",-10.0834,165.729,1,1,0,0,1,0,0,0,0,0,0,0,0,0,0,0,0,0,0,0,0,0,0,0,0,0,0,0,0,0,0,1,1,0,0,1,1
"181",0.381748688808492,0.0562405705161034,0.648125009401551,3.2550253185607,0.0715521647892222,"Oeno",-23.9256146,229.2711421,1,1,0,0,1,1,0,0,0,0,0,0,0,0,0,0,1,0,0,0,0,0,1,0,1,0,1,0,0,1,0,0,1,1,0,0,1
"182",1.18221907655079,0.08069090010725,0.775682707673715,3.40815728981293,0.0780329162183999,"Olimarao",7.6901,145.8716,0.74581875,0.789675,0.8247375,0.01026875,0.07165,0.00810625,0.0007625,0.00094375,0.01915625,0.00990625,0.4470875,0.01244375,0.00321875,0.00243125,0.0085125,0.00170625,0.0216125,0.00386875,0.06325,0.17496875,0.3635375,0.2054,0.00363125,0.06413125,0.0093625,0.0010875,0.09616875,0.36960625,0.00074375,0.00070625,0.00158125,0.00341875,0.0054875,0.01145625,0.00395625,0.0234375,0.002425
"183",2.20845358991116,0.149938340927687,0.87960291469737,3.40919109961991,0.0678913847620081,"Onotoa",-1.88605,175.56633,1,1,0,0,1,1,0,0,0,0,0,0,1,1,0,0,1,0,0,0,0,0,0,0,0,0,0,0,0,0,0,1,1,0,0,0,1
"184",2.51291930403007,0.178864145289323,0.883785027327024,3.42281076430764,0.080709440394085,"Ontong_Java",-5.349,159.3282,1,1,0,0,1,1,0,0,0,0,0,0,1,1,0,1,0,0,0,0,0,0,0,0,0,0,0,0,0,0,0,0,0,0,0,0,1
"185",1.12808751744327,0.0785610238714555,0.767575680114099,3.40767090791001,0.0695651527747069,"Oroluk",7.5207959,155.2777433,1,1,0,0,1,0,0,0,0,0,0,0,1,0,0,0,0,0,0,0,0,0,0,0,0,0,0,0,0,0,0,0,1,0,0,1,1
"186",2.02986437270241,0.139870637843285,0.864638690008538,3.40450833162026,0.0498910623668287,"Orona",-4.5118,187.8202,1,1,0,0,1,1,0,0,0,0,0,0,0,0,0,0,1,0,0,0,0,0,0,0,0,0,0,0,0,0,0,1,1,1,0,0,1
"187",1.16152589516812,0.0942725653563989,0.794116755025421,3.28840826516515,0.0825880354066626,"Ouva",-20.5686,166.4243,0,0,0,0,0,0,0,0,0,0,0,1,1,1,0,0,0,0,0,0,0,0,0,0,0,0,0,0,1,0,0,1,0,0,0,0,0
"188",1.19279474302388,0.0810664836826917,0.759638091410112,3.40873771681551,0.0661504236092963,"Pakin",7.0704589,157.8051074,1,1,0,0,1,0,0,0,0,0,0,0,1,1,0,0,0,0,0,0,0,0,0,0,0,0,0,0,0,0,0,0,0,0,0,0,0
"189",0.546281272622841,0.0590934544660926,0.699984778219392,3.34588172791894,0.0594813561627183,"Palmerston",-18.0474,196.8452,1,0,0,0,1,0,0,0,0,0,0,0,0,0,0,0,1,0,0,0,0,0,0,0,0,0,0,0,0,0,0,0,0,0,0,0,0
"190",1.96310408370264,0.141409896880175,0.835789627989423,3.38000164852903,0.08741374524891,"Palmyra",5.882204,197.9251255,1,1,0,0,1,1,0,0,0,0,0,0,0,1,0,1,1,0,0,0,0,0,0,0,0,0,0,0,0,0,0,0,1,1,0,1,1
"191",0.811361906357938,0.0703658449074014,0.731260745128985,3.3305585478987,0.0502101369111222,"Paraoa",-19.1365,219.31,0,0,0,0,1,0,0,0,0,0,0,0,0,0,0,0,1,0,0,0,0,0,0,0,0,0,0,0,0,0,0,0,1,0,0,0,1
"192",0.566689460311891,0.0660626136721354,0.722654494159585,3.21062570970402,0.0814661399319985,"Pearl_and_Hermes",27.873,184.1646,1,1,0,0,1,1,1,0,0,0,0,0,0,0,0,0,1,1,1,0,0,1,0,0,0,1,0,1,1,1,0,0,1,1,0,1,1
"193",1.59073365767587,0.104519679422415,0.872937259505031,3.39871385681535,0.102662151078926,"Peremul_Par",11.1499,72.0609,0,0,0,0,0,0,0,0,0,0,0,0,0,1,1,0,0,0,0,0,0,0,0,0,0,0,0,0,0,0,0,0,0,0,0,0,0
"194",1.48941734381133,0.099941666821279,0.807223660508633,3.38954607488393,0.0709646524943492,"Peros_Banhos",-5.3542,71.8489,1,0,1,0,1,1,0,1,0,0,0,1,1,1,0,1,0,0,0,0,0,0,0,0,0,0,0,0,1,0,1,1,1,1,0,1,1
"195",0.622894714037994,0.0627368900097432,0.696692133658532,3.32607680456597,0.0511202958956208,"Pinaki",-19.3949,221.3249,1,1,0,0,1,0,0,0,0,0,0,0,0,0,0,0,0,0,0,0,0,0,0,0,0,0,0,0,0,0,0,0,0,0,0,0,0
"196",1.35655480071577,0.0898788745968133,0.749244925570595,3.4100342202788,0.0801721626417146,"Pingelap",6.2147306,160.6991088,1,1,0,0,1,0,0,0,0,0,0,0,0,0,0,0,0,0,0,0,0,0,0,0,0,0,0,0,0,0,0,0,0,0,0,0,0
"197",2.55983778370417,0.181072025094254,0.89721678594935,3.42190932962436,0.198381708877855,"Pinipel",-4.4,154.1201,0.46844375,0.01875,0.30640625,0.00090625,0.1493375,0.39528125,0.15714375,0.1216,0.068725,0.25576875,0.004525,0.12900625,0.0092375,0.00538125,0.07973125,0.25084375,0.212025,0.00845,0.00231875,0.58958125,0.00555625,0.01105625,0.00036875,0.00038125,0.01050625,0.0077375,0.00605625,0.64925,0.171125,0.0176875,0.00141875,0.03409375,5.625e-05,0.137,0.08375,0.25840625,0.00106875
"198",0.899908542100012,0.068070445815447,0.686418897542126,3.40758032472501,0.0437967043835812,"Pukapuka",-10.8858,194.1466,1,1,0,0,1,1,0,0,0,0,0,0,0,0,0,1,0,0,0,0,0,0,0,0,0,0,0,0,0,0,0,1,0,0,0,0,1
"199",0.948105167602335,0.0740132733715143,0.726190020358309,3.35888858552868,0.0465432926645973,"Puka-Puka",-14.8176,221.1833,0,0,0,0,1,0,0,0,0,0,0,0,0,0,0,0,0,0,0,0,0,0,0,0,0,0,0,0,0,0,0,0,0,0,0,1,1
"200",0.57215044190669,0.0606701245949617,0.693193409032456,3.33393061387341,0.048685295939735,"Pukarua",-18.3159,222.9819,1,1,0,0,1,0,0,0,0,0,0,0,0,0,0,0,0,0,0,0,0,0,0,0,0,0,0,0,0,0,0,0,0,1,0,0,1
"201",1.19222226070848,0.0819726812383928,0.79060843187984,3.40859086340203,0.0697124545941128,"Pulap",7.5901,149.422,0.72259375,0.771575,0.80496875,0.0099375,0.066,0.004575,0.00060625,0.0010125,0.01631875,0.00925625,0.4363,0.0130375,0.00410625,0.0031375,0.00700625,0.00163125,0.00986875,0.001775,0.031075,0.12885625,0.31546875,0.1195375,0.004175,0.05986875,0.01119375,0.000475,0.0850625,0.25601875,0.00030625,0.00035625,0.00126875,0.00350625,0.003625,0.00589375,0.00274375,0.0158125,0.00179375
"202",1.16072247608071,0.0794936294446755,0.764807862912933,3.41166886022099,0.077428294196565,"Pulusuk",6.6915,149.3024,0.72849375,0.77738125,0.8146875,0.0079625,0.0674625,0.0042375,0.00039375,0.00080625,0.0159375,0.0095875,0.37238125,0.0136625,0.00358125,0.00235625,0.007825,0.00165,0.00791875,0.00164375,0.027975,0.11756875,0.1975875,0.09786875,0.0051,0.06505,0.0149,0.00036875,0.062125,0.224325,0.000275,0.00025,0.00069375,0.00245625,0.0037,0.0053375,0.0028375,0.0170125,0.00185625
"203",1.18522974140185,0.0813570675614329,0.784480956400043,3.40939775498736,0.0716364816646248,"Puluwat",7.3592,149.1893,0.70854375,0.7824875,0.8190875,0.0103625,0.07321875,0.00290625,0.00055625,0.001075,0.013125,0.011375,0.4175375,0.01060625,0.0032875,0.00215625,0.009,0.00153125,0.006225,0.00204375,0.0386375,0.1509125,0.338775,0.2022375,0.006325,0.06813125,0.018525,0.0008875,0.0814375,0.29983125,0.0003375,0.00044375,0.0012125,0.00229375,0.00340625,0.00473125,0.00199375,0.01253125,0.00174375
"204",1.04095351460365,0.0787043789779696,0.776469880816442,3.36436888845549,0.0663769163318564,"Qelelevu",-16.107,180.719,1,1,0,0,1,0,0,0,0,0,0,0,1,0,0,0,0,0,0,0,0,0,0,0,0,0,0,0,0,0,0,1,0,0,0,1,1
"205",1.28854900725475,0.0872315777501928,0.74072765095329,3.40531145223043,0.0472370925277395,"Rakahanga",-10.0165,198.9104,1,1,0,0,1,0,0,0,0,0,0,0,1,0,0,1,0,0,0,0,0,0,0,0,0,0,0,0,0,0,0,0,0,0,0,0,0
"206",1.91312872757743,0.128219491059132,0.841368680724654,3.37274744820698,0.0420288110194948,"Rangiroa",-15.1224461,212.453791,1,1,0,1,1,1,1,0,0,0,0,0,0,1,0,0,0,0,0,0,0,0,0,0,0,0,0,0,0,0,0,0,1,0,0,1,1
"207",1.69530182554571,0.114809380676165,0.823253139245876,3.36344281107838,0.0426166741662429,"Raraka",-16.1764,215.1047,1,1,0,1,1,0,0,0,0,0,0,0,0,1,0,0,0,0,0,0,0,0,0,0,0,0,0,0,0,0,0,1,1,0,0,1,1
"208",1.2274499707376,0.0873847327018337,0.771714155631434,3.3592859355826,0.0540936510236281,"Raroia",-16.0809,217.5759,1,1,0,1,1,0,0,0,0,0,0,0,0,0,0,0,1,0,0,0,0,0,0,0,0,0,0,0,0,0,0,0,0,0,0,0,1
"209",1.86184277325778,0.118562199886937,0.852317818778665,3.40305963817956,0.0891129884646261,"Rasdhoo",4.2921,72.9834,0.02075,0.00606875,0.03090625,0.00364375,0.691375,0.0195375,0.00256875,0.23933125,0.54946875,0.58425625,0.936975,0.1733,0.345475,0.0017875,0.945175,0.00061875,0.0672875,0.2167375,0.0142125,0.5321125,0.902475,0.87415,0.00324375,0.00369375,0.06893125,0.01589375,0.0039,0.9013,0.00388125,0.1186625,0.54881875,0.96228125,0.63874375,0.41381875,0.58649375,0.75885625,0.8787
"210",1.17233452146006,0.08651215773582,0.782120617901014,3.34368909937029,0.0482298581803854,"Ravahere",-18.2358,217.8525,0.9330625,0.8315375,0.00100625,0.16261875,0.92949375,0.31721875,0.1744875,0.00254375,0.0015,0.001775,0.00186875,0.00156875,0.05980625,0.08678125,0.00165625,0.13719375,0.44535625,0.01010625,0.01045625,0.00736875,0.0078375,0.0097125,0.05035,0.0113125,0.04194375,0.00956875,0.0238625,0.02295625,0.03325625,0.05868125,0.01130625,0.24963125,0.43085625,0.3036625,0.00208125,0.36463125,0.7225
"211",2.12578143538863,0.147998865031619,0.87123083714768,3.39647130562675,0.0493382166385758,"Rawaki",-3.7217,189.2882,1,1,0,1,1,1,1,0,0,0,0,0,0,0,0,0,1,0,0,0,1,0,0,0,0,0,1,1,1,1,1,1,1,1,0,1,1
"212",0.537690118993166,0.0593627219012376,0.686768300311819,3.33036718058713,0.047455341140716,"Reao",-18.516,223.6283,1,1,0,0,1,0,0,0,0,0,0,0,0,0,0,0,0,0,0,0,0,0,0,0,0,0,0,0,0,0,0,0,0,0,0,0,1
"213",1.85879896548763,0.125518432590843,0.857654838430683,3.37714628154986,0.0741631066093764,"Redlick",-10.8735,152.5466,0.75985625,0.03298125,0.59,0.00198125,0.3157625,0.1917,0.145325,0.22354375,0.0382625,0.2150625,0.00229375,0.2665125,0.00894375,0.0040875,0.004575,0.282125,0.3108,0.0012375,0.0002375,0.5274625,0.00066875,0.0002875,0.0007125,0.00028125,0.04330625,0.0007375,0.0016,0.51135,0.1677,0.00835,6.875e-05,0.01491875,0.00015625,0.03919375,0.03355,0.18083125,0.00260625
"214",1.42386098710931,0.100196334827854,0.806037591176259,3.34724137470075,0.0465000237143576,"Reitoru",-17.8555,216.9256,1,0,0,0,1,0,0,0,0,0,0,0,0,0,0,0,1,0,0,0,0,0,0,0,0,0,0,0,0,0,0,1,1,0,0,0,1
"215",1.11873982770293,0.0821356589136195,0.76152481513875,3.35338579360256,0.051716195945712,"Rekareka",-16.834,218.0782,0.92696875,0.82081875,0.00104375,0.12179375,0.93070625,0.35301875,0.146975,0.00248125,0.00179375,0.00179375,0.00165,0.00129375,0.0491875,0.05779375,0.00218125,0.15525,0.55255,0.01534375,0.01560625,0.00955,0.00765,0.0138875,0.05275,0.01328125,0.04155,0.0136125,0.0234,0.0355625,0.038,0.0652,0.01139375,0.23041875,0.45373125,0.380425,0.0026125,0.38921875,0.721425
"216",1.11915982336881,0.0830591464320622,0.795964766174507,3.35660384124429,0.0669087088207583,"Ringgold",-16.7177,180.5497,0.79478125,0.0278125,0.57185,0.0022625,0.2785875,0.33448125,0.34270625,0.5092625,0.21865,0.23679375,0.00925,0.506,0.00833125,0.00431875,0.00365,0.2093125,0.8126625,0.010175,0.00195,0.76050625,0.00241875,0.0022125,0.005325,0.0023625,0.25955,0.00341875,0.00305,0.8053,0.5090875,0.05313125,0.0001875,0.0188375,0.0003625,0.1698125,0.0524625,0.21350625,0.00363125
"217",1.39836263584685,0.0936356527133643,0.811407136563997,3.37968322480385,0.0466250737357469,"Rongelap",11.1629026,166.8943033,1,1,0,0,1,0,0,0,0,0,0,0,1,1,0,0,0,0,0,0,0,0,0,0,0,0,0,0,1,0,0,0,1,0,0,0,1
"218",1.31629483918572,0.0897683766210953,0.80375602105498,3.37815167945517,0.0460134802015,"Rongerik",11.356,167.4482,1,1,0,0,1,1,0,0,0,0,0,0,1,1,0,0,0,0,0,0,0,0,0,0,0,0,0,0,1,0,0,0,1,0,0,0,0
"219",0.556126566184442,0.057494449103782,0.694707716701897,3.38849159490322,0.0534593131011796,"Rose",-14.5424865,191.8362555,1,1,0,0,1,1,1,0,0,0,0,0,0,0,0,1,1,0,0,0,0,0,0,0,0,0,0,0,0,0,0,1,1,1,0,1,1
"220",1.00531486061587,0.0757473114189713,0.754330309389982,3.38153761900314,0.0628451976037584,"Rowa",-13.6239,167.5185,0.92640625,0.1033625,0.85959375,0.00296875,0.54690625,0.32208125,0.12680625,0.30800625,0.0751375,0.23228125,0.001925,0.4407375,0.00915,0.00196875,0.00130625,0.48890625,0.7025125,0.00241875,0.00041875,0.491075,0.000125,0.00045625,0.002225,0.00136875,0.1479625,9e-04,0.0009375,0.47969375,0.38206875,0.01045,1.875e-05,0.0060625,0.00115,0.0514875,0.1026375,0.4839375,0.01401875
"221",1.4961553734925,0.100267703993754,0.808150793479725,3.38926080993529,0.0772388461393795,"Saloman",-5.3303,72.246,1,0,1,0,1,0,0,0,0,0,0,1,1,1,0,1,0,0,0,0,0,0,0,0,0,0,0,0,0,0,0,0,1,0,0,1,1
"222",2.36736400923028,0.163415377301411,0.832623938350027,3.42056936908517,0.0668269151500028,"Sama",-1.4032,144.0808,0.7881375,0.0456125,0.6407875,0.00255625,0.381025,0.15570625,0.10946875,0.13875,0.01648125,0.213,0.002,0.220525,0.011025,0.00515625,0.00388125,0.356225,0.1613625,0.0004125,6.25e-05,0.31055,0.0005375,0.00014375,0.000275,0.00010625,0.0114125,0.000175,0.00185625,0.26158125,0.07425,0.0027125,8.75e-05,0.0178875,0.00016875,0.0154125,0.03719375,0.18849375,0.0027
"223",2.36736400923028,0.163415377301411,0.832623938350027,3.42056936908517,0.0668269151500028,"Samasuma",-1.481,144.0458,0.7865875,0.04431875,0.63526875,0.002525,0.37611875,0.14809375,0.104825,0.13769375,0.01656875,0.20888125,0.00185625,0.2212625,0.01214375,0.005,0.0038625,0.3512125,0.15064375,0.000375,3.75e-05,0.29999375,0.0006125,0.00010625,0.00025625,8.125e-05,0.0123875,0.000225,0.002,0.24278125,0.06869375,0.0027625,5.625e-05,0.01801875,3e-04,0.0148375,0.0355625,0.18225,0.002475
"224",1.30935262137449,0.0870670070132487,0.755349760300446,3.41291873225833,0.0753067396027661,"Sapwuahfik",5.8161306,157.2477972,1,1,0,0,1,0,0,0,0,0,0,0,1,1,0,1,0,0,0,0,0,0,0,0,0,0,0,0,0,0,0,0,0,0,0,0,0
"225",1.32767886699763,0.0870523208134901,0.765348157037345,3.41546956429392,0.0739570473553307,"Satawan",5.4915713,153.5423431,1,1,0,0,1,0,0,0,0,0,0,0,1,1,0,1,0,0,0,0,0,0,0,0,0,0,0,0,0,0,0,0,1,0,0,1,1
"226",0.866420731728514,0.0704486952194347,0.739252498159303,3.36781400165603,0.0515339477072828,"Scilly",-16.5434,205.3159,1,1,0,1,1,0,0,0,0,0,0,0,0,0,0,0,0,0,0,0,0,0,0,0,0,0,0,0,0,0,0,1,1,0,0,1,1
"227",1.21259175365968,0.0825628645666979,0.784121001528825,3.4073061164436,0.0956341289667857,"Sorol",8.123771,140.40636,1,1,0,0,1,1,0,0,0,0,0,0,1,1,0,0,1,0,0,0,0,0,0,0,0,0,0,0,0,0,0,0,1,1,0,1,1
"228",1.91706531024168,0.133864415793501,0.862476260456982,3.35889781232449,0.0670720764013493,"St_Francois",-7.1177,52.749,0.02089375,0.0055875,0.029975,0.005675,0.71515625,0.01299375,0.0042375,0.3380625,0.61061875,0.6348875,0.96799375,0.22851875,0.3688,0.00278125,0.93768125,0.00050625,0.0688125,0.21570625,0.013875,0.573125,0.96289375,0.89475,0.0060625,0.00558125,0.13098125,0.018425,0.00635625,0.9157125,0.00483125,0.19118125,0.71235625,0.970425,0.639325,0.37640625,0.52250625,0.6481875,0.86530625
"229",1.95966373352044,0.13586182533986,0.867686675728962,3.3694453322824,0.0801668220717274,"St_Joseph",-5.4306,53.3358,1,0,0,0,1,1,0,1,0,0,0,1,1,1,0,1,0,0,0,0,0,0,0,0,0,0,0,0,1,0,0,1,1,0,0,1,0
"230",2.14625037024566,0.152046599431325,0.882126397467389,3.38106165159856,0.0481212316590807,"Starbuck",-5.6405,204.1224,0,0,0,0,0,1,1,0,0,0,0,0,0,0,0,0,1,0,0,0,0,0,0,0,0,0,0,0,0,0,0,1,0,0,0,1,1
"231",1.5610206769571,0.102984896274883,0.867033086452245,3.39987529435139,0.120388069227289,"Suheli_Par",10.0774,72.2915,1,0,0,0,0,0,0,0,0,0,0,0,0,1,1,0,0,0,0,0,0,0,0,0,0,0,0,0,0,0,0,0,0,0,0,0,0
"232",1.07837189065992,0.0867802387702581,0.796952040454692,3.31297076589972,0.0639050034736508,"Surprise",-18.4121,163.1109,1,1,0,0,0,1,0,1,0,0,0,0,1,1,0,0,1,0,0,0,0,0,0,0,0,0,0,0,1,0,0,1,1,1,0,1,1
"233",0.645552891339229,0.059695089594742,0.694635960291716,3.39655458778585,0.0472339747435049,"Suwarrow",-13.2279,196.8739,1,1,0,0,0,1,0,0,0,0,0,0,0,0,0,0,1,0,0,0,0,0,0,0,0,0,0,0,0,0,0,1,1,1,0,1,1
"234",0.813718640910016,0.0650838859242713,0.678886490827363,3.40970423978279,0.0488480740256406,"Swains",-11.052904,188.9232651,1,1,0,0,1,1,0,0,0,0,0,0,0,0,0,1,0,0,0,0,0,0,0,0,0,0,0,0,0,0,0,1,1,0,0,1,1
"235",2.31445168405625,0.158199371456918,0.889461380593564,3.40716237349592,0.0752941854908306,"Tabiteuea",-1.4089,174.8694,1,1,0,0,1,0,1,0,0,0,0,0,0,1,0,0,0,0,0,0,1,0,0,0,0,0,0,0,0,0,0,1,0,0,0,1,1
"236",2.19121628170857,0.158823008274119,0.874873129322278,3.36703043550607,0.0983772662238092,"Tabuaeran",3.872,200.6829822,1,1,0,1,1,1,0,0,0,0,0,0,0,0,0,1,0,0,0,0,0,0,0,0,0,0,0,0,0,0,0,0,1,0,0,1,1
"237",1.51327450260366,0.103611409464503,0.811893838014432,3.35866634415191,0.051777813371211,"Taenga",-16.3574,216.8602,0.94828125,0.8706875,0.00154375,0.203825,0.9392,0.31346875,0.15365625,0.00110625,0.0007875,0.001325,0.001075,0.00128125,0.08570625,0.15231875,0.00114375,0.15104375,0.25014375,0.0023125,0.002325,0.0026125,0.004725,0.0021375,0.015975,0.0044875,0.01175625,0.002025,0.01975,0.00598125,0.0134,0.017625,0.0068,0.3122625,0.4159,0.15034375,0.00178125,0.43140625,0.7473
"238",1.71833973704904,0.117664267248575,0.828089354798078,3.35735672714278,0.0394015520816072,"Tahanea",-16.8646,215.2222,1,1,0,0,1,0,0,0,0,0,0,0,0,0,0,0,0,0,0,0,0,0,0,0,0,0,0,0,0,0,0,1,1,0,0,1,1
"239",1.600166758222,0.107170562577037,0.809554041975518,3.36645331387636,0.0419444095509973,"Taiaro",-15.7438,215.3664,1,1,0,0,1,0,0,0,0,0,0,0,0,0,0,0,0,0,0,0,0,0,0,0,0,0,0,0,0,0,0,0,0,0,0,0,1
"240",1.17052987887165,0.0817905331976717,0.766037665013673,3.37697652234499,0.076579648066491,"Taka",11.1520422,169.6179182,1,1,0,0,1,1,0,0,0,0,0,0,1,1,0,0,1,0,0,0,0,0,0,0,0,0,0,0,1,0,0,0,1,0,0,1,1
"241",1.62720249275342,0.106480554163987,0.809936190101965,3.37237268656349,0.046010269732049,"Takapoto",-14.6323339,214.8236608,1,1,0,0,1,0,0,0,0,0,0,0,0,0,0,0,0,0,0,0,0,0,0,0,0,0,0,0,0,0,0,0,0,0,0,0,1
"242",1.48702607799334,0.0985148370260232,0.790176041362687,3.37315516179023,0.0480769169775941,"Takaroa",-14.4496,215.0306,1,0,0,0,0,1,0,0,0,0,0,0,0,0,0,0,0,0,0,0,0,0,0,0,0,0,0,0,0,0,0,0,0,0,0,0,0
"243",1.11061672297221,0.0813845804171205,0.75378072376472,3.36054144429363,0.052845801469771,"Takume",-15.8099,217.7902,0,1,0,0,1,0,0,0,0,0,0,0,0,0,0,0,0,0,0,0,0,0,0,0,0,0,0,0,0,0,0,0,0,0,0,0,1
"244",2.33434814445324,0.157172275542773,0.856291310581958,3.422935673986,0.0812010459667552,"Takuu",-4.7537,156.9735,1,1,0,0,1,0,0,0,0,0,0,0,1,1,0,1,0,0,0,0,0,0,0,0,0,0,0,0,0,0,0,0,1,0,0,1,1
"245",2.97758235030742,0.245788770066672,0.979151089397301,3.4034920904736,0.0707771397955685,"Tarawa",1.4387,172.9878,1,1,0,0,1,0,0,0,0,0,0,0,1,1,0,0,0,0,0,0,0,0,0,0,0,0,0,0,0,0,0,1,0,0,0,0,0
"246",0.601812432430907,0.0607673343318164,0.689744132883799,3.3445185193451,0.0463102668420684,"Tatakoto",-17.3416,221.6033,1,1,0,0,0,0,0,0,0,0,0,0,0,0,0,0,0,0,0,0,0,0,0,0,0,0,0,0,0,0,0,0,0,0,0,0,0
"247",1.05852739180358,0.0796381678199529,0.758439407262461,3.34938516994213,0.0514020865702245,"Tauere",-17.3772,218.494,0.93325625,0.83060625,0.001275,0.13136875,0.9354375,0.3642125,0.161725,0.00289375,0.002125,0.00175625,0.00136875,0.001325,0.04854375,0.05665,0.002125,0.15598125,0.584025,0.01765625,0.018025,0.00963125,0.00780625,0.01480625,0.05763125,0.01395,0.0462875,0.0159875,0.0244,0.03816875,0.0469375,0.0774,0.01208125,0.22350625,0.48103125,0.40021875,0.0026125,0.4078,0.74231875
"248",1.36823326056651,0.0964013449701813,0.79921924349796,3.35046915946191,0.0492010745742245,"Tekokota",-17.3135,217.4275,1,1,0,0,1,1,0,0,0,0,0,0,0,0,0,0,0,0,0,0,0,0,0,0,0,0,0,0,0,0,0,0,0,0,0,0,0
"249",0.581041387857113,0.0630228977188067,0.694788201260889,3.29575907812056,0.0642040037792567,"Temitangi",-21.6803,219.3734,1,0,0,0,1,0,0,0,0,0,0,0,0,0,0,0,1,0,0,0,0,0,0,0,0,0,0,0,0,0,0,0,0,0,0,0,0
"250",0.473566416181329,0.0601891378220092,0.677745329664011,3.26221359617538,0.0687983757369839,"Temoe",-23.3466,225.5221,1,1,0,0,1,0,0,0,0,0,0,0,0,1,0,0,1,0,0,0,0,0,1,0,1,0,0,0,0,0,0,0,1,1,0,1,1
"251",0.520051243326125,0.0602982101710481,0.686248359354,3.2989521414,0.0616355135688887,"Tenararo",-21.3043,223.2553,1,1,0,0,1,0,0,0,0,0,0,0,0,0,0,0,1,0,0,0,0,0,1,0,1,0,0,0,0,0,0,0,1,1,0,1,1
"252",0.520051243326125,0.0602982101710481,0.686248359354,3.2989521414,0.0616355135688887,"Tenaruga",-21.3451,223.458,0.9066,0.77083125,0.00105625,0.10786875,0.90310625,0.19678125,0.11074375,0.00763125,0.0054875,0.0029125,0.00300625,0.002925,0.04668125,0.0483625,0.00360625,0.1041875,0.49463125,0.03225,0.0347375,0.02106875,0.00539375,0.02696875,0.34725,0.05491875,0.42851875,0.02789375,0.01770625,0.061175,0.03813125,0.10165,0.0068375,0.12693125,0.38100625,0.3811875,0.0021375,0.23445625,0.6578875
"253",1.73794079033015,0.118918902654862,0.83205272017752,3.35659565028745,0.0406822000557268,"Tepoto",-16.8206,215.7196,0.90825,0.78720625,9e-04,0.11336875,0.91035,0.312725,0.1264625,0.0013875,0.00101875,0.00128125,0.00153125,0.00111875,0.0693375,0.10309375,0.00185,0.1442125,0.3192375,0.00429375,0.0041125,0.0037125,0.00806875,0.00319375,0.01735,0.00576875,0.0106125,0.00288125,0.02565,0.0109625,0.01001875,0.0181875,0.01183125,0.38179375,0.3367875,0.22216875,0.00175,0.3192,0.60545
"254",2.10895758212253,0.152707490988411,0.860793382260249,3.37273711479345,0.101721412973829,"Teraina",4.6839252,199.6216041,1,1,0,1,1,0,0,0,0,0,0,0,0,0,0,1,0,0,0,0,0,0,0,0,0,0,0,0,0,0,0,0,1,1,0,1,1
"255",1.2571092437286,0.0898081639270858,0.802509485946189,3.36146444549215,0.0508912721335878,"Tetiaroa",-17.0162552,210.4102234,1,1,0,0,1,1,1,0,0,0,0,0,0,1,0,0,0,0,0,0,0,0,0,0,0,0,0,0,0,0,0,1,1,1,0,1,1
"256",1.63686719311087,0.106641377046939,0.847265582581816,3.39925732423258,0.130712230674297,"Thiladhunmathi",6.7164,73.0161,0.02894375,0.010675,0.032,0.0144875,0.54495,0.0291125,0.00911875,0.1679625,0.43829375,0.6255125,0.88709375,0.25650625,0.4434625,0.01415,0.91636875,0.00046875,0.0218625,0.23813125,0.02466875,0.519525,0.72499375,0.89158125,0.0100625,0.0044,0.17005625,0.08685,0.00634375,0.79700625,0.0151875,0.2623375,0.42131875,0.924075,0.50381875,0.3917,0.48513125,0.823975,0.88795625
"257",1.87438583726545,0.125560898441504,0.834870765013918,3.37391281497849,0.0408988596511591,"Tikehau",-15.0031,211.8262,1,1,0,1,1,0,1,0,0,0,0,0,0,1,0,0,0,0,0,0,0,0,0,0,0,0,0,0,0,0,0,0,0,0,0,1,1
"258",1.82178936510242,0.122939244968721,0.837685353775643,3.36659043487004,0.0450786163918449,"Toau",-15.907,213.9767,1,1,0,0,1,0,0,0,0,0,0,0,0,0,0,0,0,0,0,0,0,0,0,0,0,0,0,0,0,0,0,1,1,0,0,1,1
"259",1.75784044520623,0.119253550730983,0.824321094327498,3.40145490481316,0.0437621318428417,"Tongareva",-8.998556,202.0285,1,1,0,1,1,1,0,0,0,0,0,0,1,0,0,1,1,0,0,0,0,0,0,0,0,0,0,0,0,0,0,1,0,0,0,1,1
"260",1.72060331840843,0.117332125281564,0.830895739103669,3.35854512012323,0.0427798838400083,"Tuanake",-16.6531,215.7852,0.9263875,0.82175,0.00099375,0.1516625,0.92274375,0.28225,0.13373125,0.00129375,0.00088125,0.00138125,0.0013875,0.00116875,0.08103125,0.1368875,0.00131875,0.1417125,0.23684375,0.00245625,0.00241875,0.0028375,0.006725,0.00205,0.01545625,0.00464375,0.009975,0.002,0.02266875,0.00688125,0.00913125,0.014175,0.0093375,0.3660375,0.34689375,0.15785,0.00146875,0.33619375,0.64986875
"261",1.28977803531642,0.0883200392033277,0.826632936643845,3.40157813640351,0.133969263998372,"Tubbataha",8.85,119.9333,1,1,0,0,0,1,0,0,0,0,0,0,0,1,0,0,0,0,0,0,0,0,0,0,0,0,0,0,0,0,0,0,0,1,0,1,1
"262",1.16060711978214,0.083828486691292,0.783434234953436,3.36931736036067,0.0470382065962126,"Tupai",-16.2623,208.1835,1,0,0,0,1,0,0,0,0,0,0,0,0,0,0,0,0,0,0,0,0,0,0,0,0,0,0,0,0,0,0,0,0,0,0,0,1
"263",0.562825263488034,0.0615660835554823,0.693200943690839,3.30722091701603,0.0611350391208945,"Tureia",-20.8293,221.461,1,0,0,0,1,0,0,0,0,0,0,0,0,0,0,0,0,0,0,0,0,0,0,0,0,0,0,0,0,0,0,0,0,0,0,0,0
"264",1.28222345275714,0.0860782423914136,0.77373561448873,3.39393072397773,0.0684257917748261,"Ujae",9.0812091,165.6122758,1,1,0,0,1,0,0,0,0,0,0,0,1,1,0,0,0,0,0,0,0,0,0,0,0,0,0,0,0,0,0,0,1,0,0,1,1
"265",1.09375994543519,0.0785828127492356,0.771120454044001,3.3941347766613,0.0547031156347939,"Ujelang",9.8206101,160.9263437,1,1,0,0,1,1,0,0,0,0,0,0,1,1,0,0,0,0,0,0,0,0,0,0,0,0,0,0,0,0,0,0,1,0,0,0,0
"266",1.20159530739153,0.0827478015502229,0.798848635102907,3.40351221838711,0.076573467657704,"Ulithi",9.9613889,139.6036111,1,1,0,0,1,0,0,0,0,0,0,0,1,1,0,1,0,0,0,0,0,0,0,0,0,0,0,0,0,0,0,1,0,0,0,0,0
"267",1.1226433983508,0.079667007325708,0.757554965103509,3.37674052628385,0.0685723518763804,"Utirik",11.2497,169.788,0,0,0,0,1,0,0,0,0,0,0,0,0,1,0,1,0,0,0,0,0,0,0,0,0,0,0,0,0,0,0,0,0,0,0,0,0
"268",0.520051243326125,0.0602982101710481,0.686248359354,3.2989521414,0.0616355135688887,"Vahanga",-21.3321,223.349,1,1,0,0,1,0,0,0,0,0,0,0,0,0,0,0,1,0,0,0,0,0,1,0,1,0,0,0,0,0,0,0,1,0,0,0,1
"269",0.651462287117541,0.0634451319595544,0.699219965037632,3.33179257935663,0.0488928390729715,"Vahitahi",-18.7742,221.1803,0.933275,0.8159625,0.00118125,0.1404375,0.928075,0.30663125,0.173125,0.0059875,0.00426875,0.002425,0.00286875,0.00259375,0.04709375,0.05460625,0.0024375,0.12884375,0.66209375,0.03089375,0.03319375,0.01784375,0.0079,0.02589375,0.1893375,0.0366125,0.2087,0.0262375,0.02348125,0.062875,0.0673,0.126375,0.0117125,0.1737375,0.48696875,0.4536625,0.0025625,0.341125,0.74446875
"270",0.652663573957051,0.0637496152200465,0.700644502832566,3.32669195741866,0.0508353644470548,"Vairaatea",-19.3491,220.7799,1,1,0,0,1,0,0,0,0,0,0,0,0,0,0,0,0,0,0,0,0,0,0,0,0,0,0,0,0,0,0,0,0,0,0,0,0
"271",1.66033387133743,0.110560442381952,0.797169687837405,3.42194346639566,0.0583204366110099,"Vaitupu",-7.2792,178.6782,1,1,0,0,1,1,0,0,0,0,0,0,1,0,0,1,0,0,0,0,0,0,0,0,0,0,0,0,0,0,0,0,0,0,0,0,0
"272",0.578043680310002,0.0621768333149218,0.695861716781564,3.3073312416783,0.0608165499255396,"Vanavana",-20.7809,220.8593,1,0,0,0,1,0,0,0,0,0,0,0,0,0,0,0,0,0,0,0,0,0,0,0,0,0,0,0,0,0,0,0,0,0,0,0,1
"273",1.11078197291538,0.0828583883886825,0.794788065601273,3.35373631934385,0.0677080155803946,"Wailagilala",-16.7732,180.8927,1,1,0,0,1,0,0,0,0,0,0,0,0,0,0,0,0,0,0,0,0,0,0,0,0,0,0,0,0,0,0,1,0,0,0,1,1
"274",0.763422476532978,0.0679748215576867,0.738833130735291,3.35550003006137,0.07874588816942,"Wake",19.2960859,166.6269779,1,1,0,0,1,1,1,0,0,0,0,0,0,0,0,1,1,1,1,0,0,0,0,0,0,0,0,0,1,0,0,0,1,1,0,1,1
"275",1.17391979344359,0.0804950999204415,0.778359450553468,3.40719002744701,0.0761519616953897,"West_Fayu",8.0743,146.7162,0.7442,0.77913125,0.8143,0.0098125,0.06831875,0.00904375,0.00106875,0.0011625,0.0238,0.0101375,0.47985625,0.01388125,0.0034875,0.002675,0.00868125,0.001575,0.027925,0.004975,0.0730125,0.18873125,0.39074375,0.203825,0.00373125,0.06964375,0.01076875,0.000925,0.1092375,0.38744375,0.00095,0.00089375,0.00174375,0.00381875,0.00509375,0.01376875,0.00415625,0.02423125,0.00255625
"276",1.19776185472661,0.0812868138947054,0.7717083638076,3.40876463124912,0.0857813138249621,"Woleai",7.3462,143.8652,0.77168125,0.8026125,0.826575,0.0111,0.069725,0.01365625,0.00120625,0.00085625,0.02270625,0.01028125,0.444875,0.0144125,0.00366875,0.00258125,0.0092,0.001875,0.03216875,0.00545625,0.08070625,0.19033125,0.32720625,0.22123125,0.00288125,0.06115625,0.00801875,0.0012875,0.09625,0.38820625,0.0010625,0.000925,0.0014125,0.00401875,0.00601875,0.0165875,0.00595625,0.03705,0.003325
"277",1.37146896387213,0.0910714390929737,0.794955333553615,3.38801587386303,0.0671240320686943,"Wotho",9.9562337,166.1363121,1,1,0,0,1,0,0,0,0,0,0,0,1,1,0,0,0,0,0,0,0,0,0,0,0,0,0,0,0,0,0,0,1,0,0,1,0
"278",1.55442924796066,0.100526086075292,0.794458114276203,3.38604490431098,0.0906946073561411,"Wotje",9.438,170.0167,1,1,0,0,1,0,0,0,0,0,0,0,0,0,0,0,0,0,0,0,0,0,0,0,0,0,0,0,0,0,0,0,1,0,0,0,0
