atoll,Anous_ceruleus,Pterodroma_heraldica,Bulweria_bulwerii,Thalasseus_bergii,Anous_stolidus,Sula_sula,Nesofregetta_fuliginosa,Fregata_ariel,Sula_dactylatra,Sternula_saundersi,Gygis_alba,Pterodroma_neglecta,Thalasseus_bengalensis,Phoebastria_immutabilis,Phaethon_rubricauda,Phoebastria_nigripes,Puffinus_bailloni,Sterna_sumatrana,Pterodroma_hypoleuca,Puffinus_nativitatis,Sula_leucogaster,Sterna_dougallii,Pterodroma_alba,Phaethon_lepturus,Sula_granti,Phoebastria_albatrus,Hydrobates_tristrami,Anous_minutus,Onychoprion_fuscatus,Fregata_minor,Ardenna_pacifica,Sternula_nereis,Onychoprion_lunatus,Anous_tenuirostris,Onychoprion_anaethetus,Hydroprogne_caspia,Pterodroma_ultima
Abaiang,0.099625,0.008075,0.24909375,0.0162125,0.7616625,0.00251875,0.9789375,0.02716875,0.00510625,0.0374875,0.17218125,0.00010625,0.03043125,0.00061875,0.00555625,0.01616875,0.07715625,0.0063625,0.00190625,0.00375,0.02406875,0.0112875,0.55724375,0.002475,0.00934375,0.11115,0.29486875,0.8616375,0.01206875,0.00535,0.00150625,0.0056625,0.01076875,0.83261875,0.0007375,0.56335,5.0e-5
Ailinglaplap,0.04571875,0.0206,0.12926875,0.00579375,0.8513375,0.0045125,0.4888625,0.002975,0.00185,0.01493125,0.15850625,0.0012,0.00333125,0.00040625,0.0031875,0.00890625,0.00178125,0.00534375,0.000375,0.0006875,0.023875,0.01214375,0.11615,0.001925,0.00240625,0.05988125,0.1287375,0.90561875,0.00365625,0.0057125,0.0006,0.0035625,0.001325,0.912925,0.000425,0.38743125,0.0028625
Alphonse,0.0059875,0.00595,0.92178125,0.00256875,0.02060625,0.86375,0.96650625,0.9706125,0.388125,0.6395625,0.710925,0.00603125,0.93971875,0.22788125,0.07338125,0.01475625,0.7247125,0.37021875,0.02091875,0.20415625,0.64310625,0.23029375,0.00665,0.00048125,0.52278125,0.582825,0.90111875,0.00604375,0.0132625,0.6391,0.00498125,0.6165,0.00424375,0.0301375,0.34559375,0.9686,0.13316875
Amanu,0.3326125,0.0152125,0.0135875,0.13895625,0.96320625,0.83448125,0.0057625,0.17593125,0.180475,0.00251875,0.9535625,0.08455,0.001,0.00616875,0.3187875,0.0065375,0.0079375,0.08095,0.0089375,0.0678875,0.4278375,0.00295,0.0212125,0.14175,0.00238125,0.006225,0.008525,0.90275,0.252825,0.514625,0.0465625,0.00145,0.21678125,0.0021125,0.00315,0.0017875,0.09558125
Analtin,0.00321875,0.000125,0.22614375,0.0053,0.81039375,0.00301875,0.0004875,0.0160125,0.0133,0.2137125,0.4025375,0.0003625,0.00325625,0.0002625,0.15208125,3.75e-5,7.5e-5,0.0124625,0.0002125,0.00285625,0.1882125,0.24179375,0.00181875,0.35758125,0.0356125,0.287825,0.0001375,0.05111875,0.14358125,0.00020625,0.0753625,0.01600625,0.1103625,0.667,0.1424625,0.0019625,0.0143
Ari,0.0197375,0.00238125,0.5956375,0.01723125,0.04499375,0.91938125,0.71248125,0.9404375,0.18175,0.61431875,0.66770625,0.0044,0.82988125,0.07115625,0.01108125,0.00423125,0.35080625,0.53124375,0.0146875,0.1200375,0.822,0.2935875,0.00486875,0.00045625,0.4468625,0.33588125,0.74094375,0.01425625,0.01729375,0.56259375,0.00585625,0.32624375,0.0065875,0.0476,0.1426625,0.89355625,0.1196375
Awin,0.0025625,0.00015625,0.26883125,0.0052,0.7765,0.0024625,0.00081875,0.01888125,0.01768125,0.21073125,0.36696875,0.00025,0.00485625,0.0003625,0.16438125,4.375e-5,6.875e-5,0.0112375,0.00029375,0.002925,0.19601875,0.20963125,0.0020875,0.3559,0.03935,0.3152875,7.5e-5,0.044275,0.1710125,0.00023125,0.07770625,0.01689375,0.11129375,0.6257875,0.130525,0.0020375,0.00959375
Baa,0.0088375,0.0025125,0.7752375,0.00408125,0.02979375,0.9062875,0.8469125,0.94853125,0.22405625,0.626075,0.7289125,0.00361875,0.91081875,0.0942625,0.02069375,0.0050875,0.4472375,0.42656875,0.010375,0.10425625,0.75955625,0.219375,0.00358125,0.00053125,0.50088125,0.41448125,0.82158125,0.0090125,0.013025,0.62256875,0.00325625,0.40505,0.00304375,0.04010625,0.18775,0.9286125,0.10168125
Beru,0.116,0.0360125,0.7134875,0.00519375,0.78475,0.0040375,0.994425,0.01284375,0.025025,0.0415875,0.2173875,0.0006625,0.03765,0.01358125,0.04505,0.1955125,0.11151875,0.0026625,0.0319625,0.04905625,0.02436875,0.0130625,0.66491875,0.00225625,0.01036875,0.373875,0.85288125,0.8682,0.0154125,0.01125625,0.02129375,0.014525,0.0217875,0.8837125,0.00228125,0.69993125,0.00085625
Bramble_Haven,0.002,0.00038125,0.6305375,0.00406875,0.76119375,0.002625,0.0010125,0.01694375,0.06225,0.22215625,0.30525,0.00081875,0.0048875,0.0022,0.4217,0.0003625,9.375e-5,0.008475,0.0013625,0.0152625,0.20143125,0.28140625,0.00204375,0.26854375,0.03591875,0.61343125,0.00076875,0.0321125,0.24096875,0.00021875,0.2546625,0.05094375,0.19463125,0.58195,0.25379375,0.0031125,0.0459625
Budibudi,0.0017375,0.00013125,0.42206875,0.005025,0.749575,0.002625,0.0007375,0.02253125,0.0418625,0.20181875,0.3050875,0.00031875,0.00711875,0.0009125,0.28285625,0.0002,6.875e-5,0.0105875,0.00051875,0.0054625,0.26236875,0.21263125,0.00230625,0.3225375,0.04664375,0.42561875,0.00024375,0.03605,0.28031875,0.00021875,0.139825,0.0294625,0.14575,0.568125,0.1413375,0.0023,0.0093375
Chetlat,0.00223125,0.005275,0.95099375,0.00221875,0.01754375,0.8589625,0.8891625,0.97093125,0.67585,0.5469625,0.55885625,0.00365625,0.95703125,0.43863125,0.17161875,0.0502,0.55254375,0.32104375,0.03860625,0.187925,0.81089375,0.19281875,0.00509375,0.00054375,0.61929375,0.65173125,0.91688125,0.0041875,0.04378125,0.6165,0.00880625,0.7021625,0.0043125,0.02064375,0.27861875,0.9477625,0.07606875
Dhaalu,0.00720625,0.0028,0.84421875,0.0042,0.02645625,0.90195625,0.8522375,0.95039375,0.316075,0.628825,0.69501875,0.0041375,0.93158125,0.156075,0.0316875,0.0092875,0.47363125,0.399,0.0200625,0.14408125,0.78211875,0.21025625,0.0039125,0.0006125,0.53271875,0.4816625,0.876675,0.0082125,0.0176875,0.61805625,0.00506875,0.46284375,0.003525,0.03656875,0.19843125,0.930425,0.10491875
Eauripik,0.00806875,0.06085,0.5035875,0.00144375,0.73715625,0.00304375,0.3546625,0.00275,0.02224375,0.010325,0.06823125,0.00290625,0.0164375,0.009675,0.0357625,0.13358125,0.001675,0.00295625,0.00280625,0.001375,0.0381,0.01026875,0.09885,0.0020375,0.0064875,0.249225,0.36531875,0.7897,0.0146,0.00529375,0.00158125,0.02221875,0.0007625,0.82084375,0.00090625,0.4142875,0.00736875
Ebon,0.02934375,0.01701875,0.21635,0.0029625,0.80345,0.00295,0.66939375,0.0033125,0.0031875,0.0149375,0.16025,0.00068125,0.00745,0.0006,0.00446875,0.01584375,0.00344375,0.00378125,0.00081875,0.0009125,0.02179375,0.00659375,0.1613125,0.00254375,0.00313125,0.08395625,0.21255,0.880775,0.0041125,0.0054375,0.00070625,0.003575,0.00113125,0.90245,0.00035,0.37134375,0.00131875
Elato,0.00859375,0.05771875,0.2836875,0.001825,0.74046875,0.002325,0.23838125,0.0019875,0.005875,0.00968125,0.07843125,0.00385,0.0087,0.002225,0.0094125,0.03865,0.0009125,0.0033,0.00070625,0.0005125,0.01986875,0.01038125,0.06758125,0.0020625,0.00298125,0.13829375,0.16204375,0.79903125,0.0046,0.0040375,0.00031875,0.01353125,0.00035625,0.83860625,0.00084375,0.3584125,0.0117875
Faadhippolhu,0.00510625,0.00375625,0.86361875,0.0043125,0.01865625,0.86664375,0.788275,0.94308125,0.39639375,0.6011375,0.5912875,0.0054375,0.9479375,0.22496875,0.0309,0.01760625,0.427475,0.380325,0.0361,0.15080625,0.77485,0.18689375,0.0044,0.00049375,0.51729375,0.528425,0.88801875,0.00654375,0.0207875,0.53575625,0.0052,0.49278125,0.00331875,0.024625,0.188375,0.9131625,0.1215
Faafu,0.00476875,0.0034,0.88059375,0.00261875,0.02241875,0.889575,0.87001875,0.95414375,0.3767625,0.60915,0.68380625,0.003475,0.94363125,0.1993625,0.04375,0.01313125,0.5031125,0.36548125,0.02113125,0.13745625,0.77848125,0.18570625,0.00405,0.00055,0.56079375,0.516975,0.88738125,0.0070875,0.0190125,0.62179375,0.00445625,0.500525,0.002975,0.03239375,0.20945625,0.9309,0.08540625
Faraulep,0.0140625,0.0593875,0.3917125,0.0018875,0.79985,0.00365625,0.4261875,0.002525,0.0095125,0.01068125,0.11309375,0.0030125,0.0072125,0.0037375,0.02345625,0.0647125,0.0017375,0.00269375,0.00126875,0.0011625,0.0282875,0.0113375,0.1035375,0.00226875,0.0043375,0.1756625,0.2776125,0.84530625,0.0073875,0.007125,0.001225,0.014525,0.0009875,0.8873125,0.000975,0.420975,0.008
Felidhu,0.00385,0.00341875,0.88933125,0.00310625,0.01885625,0.86503125,0.830925,0.95611875,0.459025,0.581075,0.5974875,0.00369375,0.95238125,0.25259375,0.04800625,0.019775,0.47270625,0.3607375,0.0314875,0.14185625,0.7940625,0.173175,0.0044,0.00058125,0.55715625,0.5447,0.89095625,0.0059125,0.02586875,0.562725,0.00488125,0.52579375,0.002975,0.024075,0.19469375,0.9191375,0.079225
Gaafaru,0.00268125,0.00380625,0.91689375,0.00176875,0.0156875,0.84744375,0.87110625,0.95805625,0.4841375,0.5724375,0.615525,0.003925,0.95975,0.29250625,0.06511875,0.02556875,0.5242,0.32276875,0.030375,0.13395,0.75339375,0.1569625,0.0042375,0.00068125,0.57495,0.5765125,0.89546875,0.00493125,0.02229375,0.5774125,0.0042375,0.5632375,0.0025375,0.0229125,0.229975,0.9248875,0.0790375
Haddhunmathi,0.0102375,0.00235,0.72898125,0.00573125,0.03385625,0.91538125,0.72796875,0.9264625,0.2195875,0.62509375,0.7021125,0.0052,0.90059375,0.10494375,0.0157875,0.00595625,0.3551625,0.440475,0.0181625,0.1179,0.7996875,0.2279,0.00315,0.00053125,0.49511875,0.4047875,0.81704375,0.01100625,0.01490625,0.59729375,0.004425,0.365575,0.0031875,0.04474375,0.16058125,0.8981875,0.1314
Hikueru,0.140775,0.0086625,0.02024375,0.0847375,0.9281625,0.7039375,0.00745625,0.2893125,0.305275,0.00135,0.925275,0.0323,0.00174375,0.0087875,0.44913125,0.00854375,0.0114125,0.06053125,0.00721875,0.04305625,0.3854625,0.00130625,0.02334375,0.14416875,0.00221875,0.00636875,0.00724375,0.82371875,0.3479,0.41905,0.0264,0.001425,0.16105625,0.00109375,0.0019625,0.0015625,0.0242875
Hiti,0.12416875,0.0051375,0.01000625,0.1115375,0.91308125,0.6208625,0.00745,0.37570625,0.20591875,0.001025,0.91425625,0.0168375,0.00155,0.00386875,0.29734375,0.00383125,0.010825,0.07151875,0.00309375,0.018025,0.32433125,0.00101875,0.02495625,0.14246875,0.00164375,0.0041375,0.0030125,0.7969,0.3077125,0.3393625,0.01013125,0.0010125,0.13108125,0.00074375,0.00129375,0.00149375,0.0104125
Huvadhu,0.11806875,0.004675,0.2178875,0.0879125,0.20023125,0.97111875,0.4764625,0.87210625,0.043425,0.62214375,0.79369375,0.01145625,0.49961875,0.02491875,0.002675,0.00185,0.22335,0.71251875,0.01316875,0.1147,0.8767,0.517925,0.0061625,0.00061875,0.40081875,0.17574375,0.4388375,0.0659,0.01201875,0.6574625,0.0121625,0.1868625,0.01488125,0.186575,0.14279375,0.77873125,0.226425
Ifalik,0.00870625,0.0623375,0.3829,0.00225625,0.7541625,0.002825,0.31061875,0.00330625,0.014275,0.0097125,0.07205625,0.0032375,0.0096,0.00501875,0.02761875,0.0748,0.0014125,0.00311875,0.00128125,0.0008375,0.03114375,0.01238125,0.08935625,0.0018125,0.00531875,0.1855125,0.21121875,0.79494375,0.01006875,0.005325,0.000725,0.0218625,0.00091875,0.8276125,0.00099375,0.4252,0.00881875
Ihavandhippolu,0.00314375,0.005175,0.9272125,0.0021375,0.01700625,0.86195625,0.83451875,0.94881875,0.525025,0.59045,0.5891375,0.00565,0.96181875,0.344425,0.06751875,0.03331875,0.47114375,0.32721875,0.04585625,0.177875,0.7772875,0.17683125,0.003775,0.0004875,0.57426875,0.61465,0.92483125,0.0053,0.0257375,0.5759125,0.00616875,0.59743125,0.00285625,0.022825,0.234425,0.928075,0.12146875
Kalpeni,0.002525,0.0043875,0.93508125,0.00190625,0.01681875,0.85611875,0.83420625,0.96018125,0.6059875,0.5524125,0.56414375,0.0035,0.9603875,0.3822125,0.1059375,0.0414,0.48040625,0.31465625,0.04089375,0.15433125,0.81165625,0.16605,0.00420625,0.00058125,0.60919375,0.61586875,0.9107125,0.00478125,0.03704375,0.58763125,0.006475,0.62025625,0.00288125,0.022075,0.22908125,0.92128125,0.0725875
Katiu,0.1665,0.00474375,0.00576875,0.15139375,0.93276875,0.6702,0.0063875,0.36616875,0.149475,0.00136875,0.92451875,0.01524375,0.0012875,0.00216875,0.2306375,0.00235,0.00883125,0.08444375,0.00205625,0.0135875,0.35311875,0.001175,0.0227125,0.138375,0.0016,0.0027,0.001625,0.8339125,0.28986875,0.35476875,0.0095625,0.00088125,0.1391875,0.00115,0.00140625,0.00139375,0.0102625
Kiltan,0.0024125,0.0052625,0.94843125,0.0024,0.01540625,0.84419375,0.88998125,0.96873125,0.64645625,0.55900625,0.54923125,0.0041125,0.96226875,0.4211,0.13125,0.0488625,0.56036875,0.3172875,0.0448625,0.18885,0.78753125,0.1802875,0.00535625,0.0005625,0.60183125,0.64755625,0.92183125,0.00419375,0.03675625,0.5843375,0.00756875,0.6724125,0.00381875,0.0197,0.2657625,0.9423875,0.0805375
Kolhumadulu,0.01008125,0.002975,0.77335,0.00710625,0.03240625,0.910575,0.78295,0.9382,0.26665,0.63175,0.68159375,0.00544375,0.90660625,0.12646875,0.02053125,0.00730625,0.40185625,0.44304375,0.02109375,0.146575,0.799,0.24400625,0.0040625,0.00054375,0.49075625,0.44075,0.85014375,0.0105375,0.01615625,0.59293125,0.005425,0.41426875,0.00423125,0.03861875,0.1778,0.91749375,0.1374375
Kuop,0.00735625,0.05448125,0.13318125,0.00188125,0.71890625,0.00155,0.119675,0.00146875,0.002075,0.01,0.078375,0.0055,0.00751875,0.000575,0.00251875,0.012725,0.00046875,0.00375,0.000175,8.75e-5,0.01230625,0.0104375,0.04265625,0.00178125,0.00215,0.07744375,0.063175,0.79819375,0.00181875,0.0027125,8.75e-5,0.0093125,0.00024375,0.8301625,0.0007,0.28614375,0.0186625
Lamotrek,0.0100375,0.07161875,0.397375,0.0018375,0.72086875,0.00200625,0.36405,0.00243125,0.0101,0.01061875,0.0681375,0.0051875,0.0101375,0.0040625,0.01455625,0.069625,0.0015625,0.0030875,0.00154375,0.000925,0.01849375,0.01103125,0.09108125,0.001375,0.00291875,0.19715625,0.268425,0.78145625,0.005425,0.00398125,0.0007625,0.01835625,0.00075625,0.820975,0.00095,0.4397,0.01443125
Laualau,0.00274375,0.0001875,0.24290625,0.0048625,0.79805625,0.0027,0.00058125,0.016525,0.01433125,0.21346875,0.390575,0.0002625,0.003325,0.0003125,0.15803125,7.5e-5,4.375e-5,0.01175625,0.00024375,0.0027875,0.180525,0.23265625,0.0017,0.35755625,0.035375,0.300575,0.0001,0.04775,0.1417,0.00016875,0.07243125,0.0164875,0.10714375,0.65758125,0.1467875,0.001775,0.01440625
Lib,0.01765625,0.06141875,0.48550625,0.00245,0.76348125,0.002475,0.67951875,0.0041,0.01338125,0.011025,0.09520625,0.0029125,0.0081875,0.00564375,0.0290625,0.0861875,0.0040625,0.00305,0.0020625,0.0021875,0.020225,0.01133125,0.17169375,0.00158125,0.00395625,0.22624375,0.3722,0.8137875,0.00788125,0.00589375,0.00175,0.01704375,0.00156875,0.85374375,0.00119375,0.55224375,0.0069375
Liot,0.0024625,9.375e-5,0.2567125,0.004725,0.781,0.00228125,0.0006375,0.01818125,0.01558125,0.20831875,0.3735875,0.00024375,0.00449375,0.00030625,0.15849375,1.25e-5,6.25e-5,0.011475,0.00025,0.00263125,0.1872,0.21406875,0.00188125,0.35544375,0.0378375,0.30751875,8.125e-5,0.04336875,0.15546875,0.00026875,0.07179375,0.0170375,0.1071375,0.63371875,0.1353125,0.00195,0.01118125
Long_Reef,0.00231875,0.00038125,0.6154375,0.00571875,0.76180625,0.00281875,0.00090625,0.01825,0.06893125,0.22583125,0.273825,0.000875,0.00538125,0.00243125,0.4013375,0.00038125,6.25e-5,0.009225,0.00148125,0.0172,0.23416875,0.30966875,0.00179375,0.23298125,0.0342125,0.6087875,0.00098125,0.0322125,0.2753375,0.0003,0.2895,0.05405625,0.2341875,0.54979375,0.237175,0.00303125,0.04789375
Maalhosmadulu,0.01243125,0.0030125,0.7279625,0.0081625,0.0317625,0.90313125,0.76226875,0.93441875,0.22631875,0.63014375,0.669775,0.0063125,0.8965375,0.10775,0.014375,0.0064375,0.38458125,0.4620625,0.02089375,0.13804375,0.77765,0.25306875,0.003725,0.00051875,0.4623875,0.415975,0.82890625,0.0102875,0.01398125,0.561575,0.00495,0.38805625,0.00403125,0.0395,0.17155625,0.91103125,0.15563125
Makemo,0.5296125,0.00338125,0.00145,0.46711875,0.97610625,0.853875,0.00603125,0.3752125,0.04930625,0.00215,0.9578625,0.00935,0.0005875,0.0006625,0.1039875,0.0005875,0.00718125,0.18251875,0.00081875,0.01203125,0.5433625,0.00305,0.0240625,0.15655,0.002525,0.001325,0.000575,0.933925,0.28751875,0.475975,0.01506875,0.00070625,0.27860625,0.003325,0.00108125,0.00175,0.0086375
Makunudhoo,0.00350625,0.004975,0.93265,0.00145625,0.0192875,0.87565625,0.89139375,0.9512,0.48059375,0.6117375,0.6672,0.00568125,0.9577625,0.31830625,0.073475,0.02626875,0.54246875,0.31796875,0.03563125,0.1785375,0.75325625,0.17854375,0.00394375,0.000575,0.58819375,0.611375,0.92483125,0.00604375,0.01966875,0.628125,0.0058375,0.59665,0.00260625,0.02914375,0.2686125,0.9380625,0.1203375
Male,0.054825,0.03193125,0.70703125,0.0739125,0.02369375,0.657775,0.563875,0.71720625,0.38715625,0.62791875,0.27846875,0.1399875,0.9198625,0.3936375,0.005625,0.15551875,0.4089875,0.44393125,0.4515875,0.47689375,0.65389375,0.25751875,0.02969375,0.0005375,0.377675,0.58878125,0.89691875,0.0161625,0.0313875,0.1989625,0.0570125,0.3579875,0.0310875,0.03489375,0.1844,0.72941875,0.4291875
Maloelap,0.0683375,0.0314875,0.31131875,0.00599375,0.85315,0.00564375,0.74466875,0.00316875,0.0050375,0.01851875,0.1633125,0.0019625,0.00548125,0.001675,0.0081,0.0320875,0.004025,0.00441875,0.0027125,0.0035875,0.02923125,0.01414375,0.184275,0.00180625,0.0030375,0.13855,0.4330625,0.90621875,0.00605625,0.00758125,0.00306875,0.0059875,0.0034875,0.9161,0.0006,0.50481875,0.00435
Malum,0.001475,0.00021875,0.5544125,0.0046375,0.63200625,0.0015375,0.00171875,0.0211625,0.05770625,0.2444,0.24058125,0.0004375,0.020775,0.002075,0.1995125,0.00040625,0.0003125,0.00889375,0.00213125,0.0106375,0.2083125,0.1622875,0.00285625,0.2759,0.04808125,0.538725,0.0015875,0.0263875,0.25103125,0.0001,0.151375,0.0354125,0.14459375,0.46025625,0.1390875,0.002575,0.01506875
Manuae,0.05079375,0.02200625,0.0379375,0.04905625,0.93223125,0.7551375,0.00155625,0.20174375,0.53895,0.00135625,0.88286875,0.0734625,0.00181875,0.02341875,0.7692625,0.0241625,0.00244375,0.05086875,0.00716875,0.02694375,0.57156875,0.002225,0.01078125,0.14680625,0.00426875,0.01144375,0.0073875,0.7840375,0.5369,0.47533125,0.03281875,0.00515,0.084525,0.00104375,0.0027375,0.0016125,0.082575
Marokau,0.22625625,0.00859375,0.01335,0.12781875,0.947175,0.7626,0.00665,0.25998125,0.2142625,0.0017625,0.9383875,0.03853125,0.00114375,0.00564375,0.3402125,0.00530625,0.00896875,0.07554375,0.005575,0.04225,0.39830625,0.00180625,0.0228375,0.13633125,0.00190625,0.0049125,0.0057875,0.86539375,0.29945625,0.4437875,0.02905,0.00124375,0.1914,0.00129375,0.0022875,0.0017,0.03325625
Marutea_Nord,0.1640375,0.005475,0.00948125,0.1313,0.9326,0.69284375,0.00589375,0.3201875,0.2013625,0.001375,0.92260625,0.02035,0.00150625,0.00375625,0.28149375,0.00349375,0.008375,0.07639375,0.00358125,0.0225875,0.37925625,0.00120625,0.0219,0.133725,0.00163125,0.00395,0.00381875,0.83613125,0.31564375,0.375,0.01608125,0.00106875,0.154075,0.00096875,0.00155625,0.00141875,0.01533125
Meemu,0.00498125,0.00310625,0.8764125,0.00354375,0.019425,0.8707375,0.81035,0.94761875,0.41710625,0.59651875,0.60878125,0.0043875,0.95245625,0.23693125,0.036325,0.01849375,0.45616875,0.36720625,0.036625,0.15274375,0.7839125,0.17708125,0.00428125,0.0005875,0.54086875,0.53696875,0.89400625,0.0067125,0.0228625,0.55528125,0.0053625,0.493525,0.0032,0.02558125,0.18779375,0.91219375,0.097525
Miladhunmadulu,0.02238125,0.00388125,0.69733125,0.0281875,0.0395625,0.902625,0.71074375,0.93380625,0.3138875,0.620175,0.5557,0.009225,0.85844375,0.1597625,0.01723125,0.0135625,0.38956875,0.51823125,0.05098125,0.2266875,0.8314125,0.324025,0.006575,0.00036875,0.447175,0.4415625,0.83599375,0.01258125,0.02828125,0.50518125,0.01538125,0.41659375,0.01325,0.0374875,0.16470625,0.89481875,0.18033125
Minicoy,0.00193125,0.0094,0.9590625,0.0019375,0.01055625,0.78454375,0.80795,0.9365,0.6818,0.582725,0.450875,0.012125,0.97885625,0.5492125,0.08534375,0.1137625,0.50453125,0.274625,0.15344375,0.28095,0.74928125,0.1531625,0.00515,0.000425,0.56771875,0.71821875,0.9562625,0.0037875,0.03455625,0.473075,0.01011875,0.64308125,0.00325625,0.0150375,0.25515625,0.9056,0.16695625
Motutunga,0.12548125,0.00525,0.00928125,0.11936875,0.91648125,0.62776875,0.0077875,0.38589375,0.21018125,0.0013375,0.91205,0.0168,0.0018125,0.00340625,0.31554375,0.003925,0.00978125,0.07450625,0.00243125,0.0164375,0.33344375,0.00103125,0.02481875,0.13958125,0.0016875,0.0038375,0.00289375,0.7992625,0.31778125,0.34375,0.010225,0.001075,0.135075,0.0009125,0.00153125,0.0014,0.0107125
Murilo,0.0138875,0.0805125,0.2724375,0.0052125,0.73174375,0.00185,0.3619125,0.005225,0.00873125,0.01101875,0.05546875,0.005625,0.00628125,0.0026375,0.01758125,0.04043125,0.00140625,0.00553125,0.0005375,0.000625,0.01679375,0.0226625,0.1084875,0.0012375,0.0031,0.14929375,0.11841875,0.75350625,0.0063,0.00364375,0.00038125,0.02633125,0.0010625,0.7727125,0.00146875,0.53320625,0.0183875
Namonuito,0.02588125,0.0653375,0.25693125,0.01284375,0.77590625,0.00305625,0.36234375,0.00740625,0.0122625,0.012475,0.05135,0.0043,0.0064,0.00284375,0.02230625,0.0432375,0.00135,0.00731875,0.0008625,0.00099375,0.0327625,0.03534375,0.12300625,0.00105625,0.00465625,0.15116875,0.134425,0.78714375,0.0138,0.0043625,0.00104375,0.0291375,0.0026875,0.7592875,0.00120625,0.56740625,0.01370625
Namorik,0.0152625,0.02441875,0.2281625,0.00235,0.7806625,0.00270625,0.4781375,0.0031,0.00415625,0.01038125,0.11769375,0.0011875,0.0066625,0.00094375,0.007125,0.01978125,0.00206875,0.003575,0.00045,0.00039375,0.0211,0.0072125,0.112175,0.00210625,0.00265,0.09098125,0.1484,0.8486125,0.00451875,0.00503125,0.00045625,0.00558125,0.00073125,0.87838125,0.0004625,0.3637375,0.00229375
Nanumanga,0.07205,0.0017625,0.0043375,0.0867125,0.923575,0.67791875,0.0031625,0.41951875,0.1718125,0.00098125,0.92421875,0.00266875,0.00204375,0.0018875,0.26095,0.00168125,0.0057125,0.07459375,0.001075,0.004025,0.5643625,0.00060625,0.018125,0.24598125,0.0034375,0.00170625,0.00086875,0.8312,0.480875,0.3814,0.0049125,0.0005125,0.06681875,0.00103125,0.000525,0.0006,0.00104375
Nanumea,0.08701875,0.00178125,0.00615,0.0958375,0.92255625,0.680825,0.005525,0.46206875,0.20646875,0.00115,0.92608125,0.00255625,0.0022,0.00235625,0.2967125,0.002125,0.0102125,0.07340625,0.001425,0.0069625,0.5727125,0.00065625,0.0245625,0.24049375,0.00340625,0.00238125,0.00151875,0.83043125,0.52156875,0.38964375,0.0074375,0.00055625,0.0930125,0.00094375,0.00071875,0.00068125,0.0010375
Ngulu,0.0092375,0.0707125,0.35496875,0.00686875,0.71415625,0.00259375,0.25288125,0.010625,0.03894375,0.01074375,0.03625,0.00309375,0.0173,0.01091875,0.085625,0.10264375,0.001375,0.00609375,0.00148125,0.00064375,0.05960625,0.02868125,0.117375,0.0019,0.014775,0.197975,0.1275375,0.69688125,0.0383875,0.00524375,0.00108125,0.051125,0.0017,0.69211875,0.00120625,0.48880625,0.008425
Nihiru,0.1685,0.00535625,0.0098,0.121275,0.94069375,0.72663125,0.00626875,0.32348125,0.21425625,0.00125,0.93559375,0.0174,0.00134375,0.0039625,0.3419125,0.004125,0.00916875,0.072475,0.003275,0.0248625,0.423525,0.00120625,0.0226125,0.15014375,0.00185625,0.00355625,0.0037375,0.8502375,0.3489125,0.41890625,0.01835625,0.00113125,0.16074375,0.00125,0.0014625,0.0012375,0.01259375
Nikunau,0.138375,0.0425875,0.73368125,0.0046875,0.79491875,0.0048375,0.995325,0.01320625,0.0265625,0.0440375,0.2329875,0.00088125,0.03685625,0.01484375,0.052575,0.21435,0.1271125,0.0028875,0.0383125,0.06165625,0.0239625,0.014975,0.69028125,0.0023875,0.0099375,0.396825,0.87279375,0.87090625,0.01563125,0.012225,0.02700625,0.01559375,0.02629375,0.89091875,0.0026,0.72215625,0.00091875
Nomwin,0.01276875,0.0695375,0.239025,0.00375625,0.73270625,0.00180625,0.3244125,0.00349375,0.00514375,0.00984375,0.06480625,0.00519375,0.0057875,0.00165,0.0092375,0.02778125,0.00103125,0.00449375,0.0005,0.00045625,0.01478125,0.0172,0.0873,0.00128125,0.0025,0.12670625,0.11575625,0.776675,0.00395625,0.003475,0.0003375,0.0177625,0.0007625,0.8032375,0.0011625,0.47218125,0.01740625
Nui,0.06429375,0.00175,0.00188125,0.0955,0.9235125,0.63371875,0.0011125,0.32504375,0.08765625,0.00085,0.916875,0.00408125,0.0014875,0.0008125,0.1200625,0.0008,0.002425,0.0851,0.00036875,0.0017375,0.46520625,0.0006625,0.0108125,0.22008125,0.0021625,0.00109375,0.00040625,0.8315125,0.3132875,0.3087375,0.00185625,0.00038125,0.03656875,0.0010625,0.0005625,0.0004125,0.00216875
Nukufetau,0.06849375,0.002075,0.00254375,0.09553125,0.9196375,0.63495625,0.00105,0.2852375,0.10439375,0.0009625,0.9072625,0.00670625,0.00153125,0.001225,0.12293125,0.00120625,0.0017125,0.08105,0.00058125,0.002825,0.453275,0.0006375,0.0101125,0.18669375,0.00195625,0.0015,0.00073125,0.825125,0.30725,0.2952875,0.00268125,0.0004375,0.0405,0.00105625,0.00050625,0.0005,0.0037625
Olimarao,0.01026875,0.06413125,0.36960625,0.00243125,0.74581875,0.002425,0.3635375,0.00341875,0.01145625,0.00990625,0.07165,0.00363125,0.0085125,0.00386875,0.0216125,0.06325,0.00158125,0.00321875,0.0010875,0.00070625,0.0234375,0.01244375,0.09616875,0.00170625,0.00395625,0.17496875,0.2054,0.789675,0.00810625,0.0054875,0.00074375,0.01915625,0.0007625,0.8247375,0.00094375,0.4470875,0.0093625
Pinipel,0.00090625,0.00038125,0.64925,0.00538125,0.46844375,0.00106875,0.00555625,0.03409375,0.137,0.25576875,0.1493375,0.00036875,0.07973125,0.00845,0.212025,0.00231875,0.00141875,0.0092375,0.0077375,0.0176875,0.25840625,0.12900625,0.00605625,0.25084375,0.08375,0.58958125,0.01105625,0.01875,0.39528125,5.625e-5,0.171125,0.068725,0.15714375,0.30640625,0.1216,0.004525,0.01050625
Pulap,0.0099375,0.05986875,0.25601875,0.0031375,0.72259375,0.00179375,0.31546875,0.00350625,0.00589375,0.00925625,0.066,0.004175,0.00700625,0.001775,0.00986875,0.031075,0.00126875,0.00410625,0.000475,0.00035625,0.0158125,0.0130375,0.0850625,0.00163125,0.00274375,0.12885625,0.1195375,0.771575,0.004575,0.003625,0.00030625,0.01631875,0.00060625,0.80496875,0.0010125,0.4363,0.01119375
Pulusuk,0.0079625,0.06505,0.224325,0.00235625,0.72849375,0.00185625,0.1975875,0.00245625,0.0053375,0.0095875,0.0674625,0.0051,0.007825,0.00164375,0.00791875,0.027975,0.00069375,0.00358125,0.00036875,0.00025,0.0170125,0.0136625,0.062125,0.00165,0.0028375,0.11756875,0.09786875,0.77738125,0.0042375,0.0037,0.000275,0.0159375,0.00039375,0.8146875,0.00080625,0.37238125,0.0149
Puluwat,0.0103625,0.06813125,0.29983125,0.00215625,0.70854375,0.00174375,0.338775,0.00229375,0.00473125,0.011375,0.07321875,0.006325,0.009,0.00204375,0.006225,0.0386375,0.0012125,0.0032875,0.0008875,0.00044375,0.01253125,0.01060625,0.0814375,0.00153125,0.00199375,0.1509125,0.2022375,0.7824875,0.00290625,0.00340625,0.0003375,0.013125,0.00055625,0.8190875,0.001075,0.4175375,0.018525
Rasdhoo,0.00364375,0.00369375,0.9013,0.0017875,0.02075,0.8787,0.902475,0.96228125,0.41381875,0.58425625,0.691375,0.00324375,0.945175,0.2167375,0.0672875,0.0142125,0.54881875,0.345475,0.01589375,0.1186625,0.75885625,0.1733,0.0039,0.00061875,0.58649375,0.5321125,0.87415,0.00606875,0.0195375,0.63874375,0.00388125,0.54946875,0.00256875,0.03090625,0.23933125,0.936975,0.06893125
Ravahere,0.16261875,0.0113125,0.02295625,0.08678125,0.9330625,0.7225,0.0078375,0.24963125,0.3036625,0.001775,0.92949375,0.05035,0.00165625,0.01010625,0.44535625,0.01045625,0.01130625,0.05980625,0.00956875,0.05868125,0.36463125,0.00156875,0.0238625,0.13719375,0.00208125,0.00736875,0.0097125,0.8315375,0.31721875,0.43085625,0.03325625,0.0015,0.1744875,0.00100625,0.00254375,0.00186875,0.04194375
Redlick,0.00198125,0.00028125,0.51135,0.0040875,0.75985625,0.00260625,0.00066875,0.01491875,0.03919375,0.2150625,0.3157625,0.0007125,0.004575,0.0012375,0.3108,0.0002375,6.875e-5,0.00894375,0.0007375,0.00835,0.18083125,0.2665125,0.0016,0.282125,0.03355,0.5274625,0.0002875,0.03298125,0.1917,0.00015625,0.1677,0.0382625,0.145325,0.59,0.22354375,0.00229375,0.04330625
Rekareka,0.12179375,0.01328125,0.0355625,0.05779375,0.92696875,0.721425,0.00765,0.23041875,0.380425,0.00179375,0.93070625,0.05275,0.00218125,0.01534375,0.55255,0.01560625,0.01139375,0.0491875,0.0136125,0.0652,0.38921875,0.00129375,0.0234,0.15525,0.0026125,0.00955,0.0138875,0.82081875,0.35301875,0.45373125,0.038,0.00179375,0.146975,0.00104375,0.00248125,0.00165,0.04155
Ringgold,0.0022625,0.0023625,0.8053,0.00431875,0.79478125,0.00363125,0.00241875,0.0188375,0.1698125,0.23679375,0.2785875,0.005325,0.00365,0.010175,0.8126625,0.00195,0.0001875,0.00833125,0.00341875,0.05313125,0.21350625,0.506,0.00305,0.2093125,0.0524625,0.76050625,0.0022125,0.0278125,0.33448125,0.0003625,0.5090875,0.21865,0.34270625,0.57185,0.5092625,0.00925,0.25955
Rowa,0.00296875,0.00136875,0.47969375,0.00196875,0.92640625,0.01401875,0.000125,0.0060625,0.0514875,0.23228125,0.54690625,0.002225,0.00130625,0.00241875,0.7025125,0.00041875,1.875e-5,0.00915,0.0009,0.01045,0.4839375,0.4407375,0.0009375,0.48890625,0.1026375,0.491075,0.00045625,0.1033625,0.32208125,0.00115,0.38206875,0.0751375,0.12680625,0.85959375,0.30800625,0.001925,0.1479625
Sama,0.00255625,0.00010625,0.26158125,0.00515625,0.7881375,0.0027,0.0005375,0.0178875,0.0154125,0.213,0.381025,0.000275,0.00388125,0.0004125,0.1613625,6.25e-5,8.75e-5,0.011025,0.000175,0.0027125,0.18849375,0.220525,0.00185625,0.356225,0.03719375,0.31055,0.00014375,0.0456125,0.15570625,0.00016875,0.07425,0.01648125,0.10946875,0.6407875,0.13875,0.002,0.0114125
Samasuma,0.002525,8.125e-5,0.24278125,0.005,0.7865875,0.002475,0.0006125,0.01801875,0.0148375,0.20888125,0.37611875,0.00025625,0.0038625,0.000375,0.15064375,3.75e-5,5.625e-5,0.01214375,0.000225,0.0027625,0.18225,0.2212625,0.002,0.3512125,0.0355625,0.29999375,0.00010625,0.04431875,0.14809375,0.0003,0.06869375,0.01656875,0.104825,0.63526875,0.13769375,0.00185625,0.0123875
St_Francois,0.005675,0.00558125,0.9157125,0.00278125,0.02089375,0.86530625,0.96289375,0.970425,0.37640625,0.6348875,0.71515625,0.0060625,0.93768125,0.21570625,0.0688125,0.013875,0.71235625,0.3688,0.018425,0.19118125,0.6481875,0.22851875,0.00635625,0.00050625,0.52250625,0.573125,0.89475,0.0055875,0.01299375,0.639325,0.00483125,0.61061875,0.0042375,0.029975,0.3380625,0.96799375,0.13098125
Taenga,0.203825,0.0044875,0.00598125,0.15231875,0.94828125,0.7473,0.004725,0.3122625,0.15034375,0.001325,0.9392,0.015975,0.00114375,0.0023125,0.25014375,0.002325,0.0068,0.08570625,0.002025,0.017625,0.43140625,0.00128125,0.01975,0.15104375,0.00178125,0.0026125,0.0021375,0.8706875,0.31346875,0.4159,0.0134,0.0007875,0.15365625,0.00154375,0.00110625,0.001075,0.01175625
Tauere,0.13136875,0.01395,0.03816875,0.05665,0.93325625,0.74231875,0.00780625,0.22350625,0.40021875,0.00175625,0.9354375,0.05763125,0.002125,0.01765625,0.584025,0.018025,0.01208125,0.04854375,0.0159875,0.0774,0.4078,0.001325,0.0244,0.15598125,0.0026125,0.00963125,0.01480625,0.83060625,0.3642125,0.48103125,0.0469375,0.002125,0.161725,0.001275,0.00289375,0.00136875,0.0462875
Tenaruga,0.10786875,0.05491875,0.061175,0.0483625,0.9066,0.6578875,0.00539375,0.12693125,0.3811875,0.0029125,0.90310625,0.34725,0.00360625,0.03225,0.49463125,0.0347375,0.0068375,0.04668125,0.02789375,0.10165,0.23445625,0.002925,0.01770625,0.1041875,0.0021375,0.02106875,0.02696875,0.77083125,0.19678125,0.38100625,0.03813125,0.0054875,0.11074375,0.00105625,0.00763125,0.00300625,0.42851875
Tepoto,0.11336875,0.00576875,0.0109625,0.10309375,0.90825,0.60545,0.00806875,0.38179375,0.22216875,0.00128125,0.91035,0.01735,0.00185,0.00429375,0.3192375,0.0041125,0.01183125,0.0693375,0.00288125,0.0181875,0.3192,0.00111875,0.02565,0.1442125,0.00175,0.0037125,0.00319375,0.78720625,0.312725,0.3367875,0.01001875,0.00101875,0.1264625,0.0009,0.0013875,0.00153125,0.0106125
Thiladhunmathi,0.0144875,0.0044,0.79700625,0.01415,0.02894375,0.88795625,0.72499375,0.924075,0.3917,0.6255125,0.54495,0.0100625,0.91636875,0.23813125,0.0218625,0.02466875,0.42131875,0.4434625,0.08685,0.2623375,0.823975,0.25650625,0.00634375,0.00046875,0.48513125,0.519525,0.89158125,0.010675,0.0291125,0.50381875,0.0151875,0.43829375,0.00911875,0.032,0.1679625,0.88709375,0.17005625
Tuanake,0.1516625,0.00464375,0.00688125,0.1368875,0.9263875,0.64986875,0.006725,0.3660375,0.15785,0.00138125,0.92274375,0.01545625,0.00131875,0.00245625,0.23684375,0.00241875,0.0093375,0.08103125,0.002,0.014175,0.33619375,0.00116875,0.02266875,0.1417125,0.00146875,0.0028375,0.00205,0.82175,0.28225,0.34689375,0.00913125,0.00088125,0.13373125,0.00099375,0.00129375,0.0013875,0.009975
Vahitahi,0.1404375,0.0366125,0.062875,0.05460625,0.933275,0.74446875,0.0079,0.1737375,0.4536625,0.002425,0.928075,0.1893375,0.0024375,0.03089375,0.66209375,0.03319375,0.0117125,0.04709375,0.0262375,0.126375,0.341125,0.00259375,0.02348125,0.12884375,0.0025625,0.01784375,0.02589375,0.8159625,0.30663125,0.48696875,0.0673,0.00426875,0.173125,0.00118125,0.0059875,0.00286875,0.2087
West_Fayu,0.0098125,0.06964375,0.38744375,0.002675,0.7442,0.00255625,0.39074375,0.00381875,0.01376875,0.0101375,0.06831875,0.00373125,0.00868125,0.004975,0.027925,0.0730125,0.00174375,0.0034875,0.000925,0.00089375,0.02423125,0.01388125,0.1092375,0.001575,0.00415625,0.18873125,0.203825,0.77913125,0.00904375,0.00509375,0.00095,0.0238,0.00106875,0.8143,0.0011625,0.47985625,0.01076875
Woleai,0.0111,0.06115625,0.38820625,0.00258125,0.77168125,0.003325,0.32720625,0.00401875,0.0165875,0.01028125,0.069725,0.00288125,0.0092,0.00545625,0.03216875,0.08070625,0.0014125,0.00366875,0.0012875,0.000925,0.03705,0.0144125,0.09625,0.001875,0.00595625,0.19033125,0.22123125,0.8026125,0.01365625,0.00601875,0.0010625,0.02270625,0.00120625,0.826575,0.00085625,0.444875,0.00801875
